/*
SQLyog Community Edition- MySQL GUI v8.14 
MySQL - 5.1.54-community : Database - fadsan_school
*********************************************************************
*/

/*!40101 SET NAMES utf8 */;

/*!40101 SET SQL_MODE=''*/;

/*!40014 SET @OLD_UNIQUE_CHECKS=@@UNIQUE_CHECKS, UNIQUE_CHECKS=0 */;
/*!40014 SET @OLD_FOREIGN_KEY_CHECKS=@@FOREIGN_KEY_CHECKS, FOREIGN_KEY_CHECKS=0 */;
/*!40101 SET @OLD_SQL_MODE=@@SQL_MODE, SQL_MODE='NO_AUTO_VALUE_ON_ZERO' */;
/*!40111 SET @OLD_SQL_NOTES=@@SQL_NOTES, SQL_NOTES=0 */;
CREATE DATABASE /*!32312 IF NOT EXISTS*/`fadsan_school` /*!40100 DEFAULT CHARACTER SET latin1 */;

USE `fadsan_school`;

/*Table structure for table `admission_fee` */

DROP TABLE IF EXISTS `admission_fee`;

CREATE TABLE `admission_fee` (
  `admission_fee_id` int(11) NOT NULL AUTO_INCREMENT,
  `bank_name` varchar(255) DEFAULT NULL,
  `cheque_no` varchar(255) DEFAULT NULL,
  `discount` double DEFAULT NULL,
  `due` double DEFAULT NULL,
  `fee_paid_date` datetime DEFAULT NULL,
  `fee_paid_status` varchar(255) DEFAULT NULL,
  `fine` double DEFAULT NULL,
  `gross_amount` double DEFAULT NULL,
  `paid_amount` float DEFAULT NULL,
  `paid_amount_in_word` varchar(255) DEFAULT NULL,
  `paid_by` varchar(255) DEFAULT NULL,
  `reciept_no` int(11) DEFAULT NULL,
  `section_id` int(11) DEFAULT NULL,
  `session_id` int(11) DEFAULT NULL,
  `class_id` int(11) DEFAULT NULL,
  `student_admission_number` varchar(255) DEFAULT NULL,
  PRIMARY KEY (`admission_fee_id`),
  KEY `FKB381A650AA42F28B` (`section_id`),
  KEY `FKB381A650F45088EB` (`session_id`),
  KEY `FKB381A65067C2729C` (`class_id`),
  KEY `FKB381A6501B690E8A` (`student_admission_number`),
  CONSTRAINT `FKB381A6501B690E8A` FOREIGN KEY (`student_admission_number`) REFERENCES `students` (`student_admission_number`),
  CONSTRAINT `FKB381A65067C2729C` FOREIGN KEY (`class_id`) REFERENCES `class` (`class_id`),
  CONSTRAINT `FKB381A650AA42F28B` FOREIGN KEY (`section_id`) REFERENCES `section` (`section_id`),
  CONSTRAINT `FKB381A650F45088EB` FOREIGN KEY (`session_id`) REFERENCES `session` (`session_id`)
) ENGINE=InnoDB DEFAULT CHARSET=latin1;

/*Data for the table `admission_fee` */

/*Table structure for table `advance_salary` */

DROP TABLE IF EXISTS `advance_salary`;

CREATE TABLE `advance_salary` (
  `advance_salary_id` int(11) NOT NULL AUTO_INCREMENT,
  `is_active` tinyint(1) DEFAULT NULL,
  `date_of_payment` date DEFAULT NULL,
  `paid_amount` int(11) DEFAULT NULL,
  `employee_id` int(11) DEFAULT NULL,
  `alloted_month_id` int(11) DEFAULT NULL,
  `session_id` int(11) DEFAULT NULL,
  PRIMARY KEY (`advance_salary_id`),
  KEY `FK6BD4E827FABA0282` (`employee_id`),
  KEY `FK6BD4E8276BB72D85` (`alloted_month_id`),
  KEY `FK6BD4E827F45088EB` (`session_id`),
  CONSTRAINT `FK6BD4E8276BB72D85` FOREIGN KEY (`alloted_month_id`) REFERENCES `month` (`month_id`),
  CONSTRAINT `FK6BD4E827F45088EB` FOREIGN KEY (`session_id`) REFERENCES `session` (`session_id`),
  CONSTRAINT `FK6BD4E827FABA0282` FOREIGN KEY (`employee_id`) REFERENCES `employees` (`employee_id`)
) ENGINE=InnoDB DEFAULT CHARSET=latin1;

/*Data for the table `advance_salary` */

/*Table structure for table `allot_dress` */

DROP TABLE IF EXISTS `allot_dress`;

CREATE TABLE `allot_dress` (
  `allotdress_id` int(11) NOT NULL AUTO_INCREMENT,
  `amount` int(11) DEFAULT NULL,
  `category` varchar(255) DEFAULT NULL,
  `netamount` int(11) DEFAULT NULL,
  `price` int(11) DEFAULT NULL,
  `quantity` int(11) DEFAULT NULL,
  `size` varchar(255) DEFAULT NULL,
  `type` varchar(255) DEFAULT NULL,
  `class_id` int(11) DEFAULT NULL,
  `dress_id` int(11) DEFAULT NULL,
  `session_id` int(11) DEFAULT NULL,
  `student_admission_number` varchar(255) DEFAULT NULL,
  `subject_id` int(11) DEFAULT NULL,
  `product_purchase_id` int(11) DEFAULT NULL,
  `section_id` int(11) DEFAULT NULL,
  PRIMARY KEY (`allotdress_id`),
  KEY `FKB14A83FE67C2729C` (`class_id`),
  KEY `FKB14A83FE9197618B` (`dress_id`),
  KEY `FKB14A83FEF45088EB` (`session_id`),
  KEY `FKB14A83FE1B690E8A` (`student_admission_number`),
  KEY `FKB14A83FEA5C20504` (`subject_id`),
  KEY `FKB14A83FEC5F0F28F` (`product_purchase_id`),
  KEY `FKB14A83FEAA42F28B` (`section_id`),
  CONSTRAINT `FKB14A83FE1B690E8A` FOREIGN KEY (`student_admission_number`) REFERENCES `students` (`student_admission_number`),
  CONSTRAINT `FKB14A83FE67C2729C` FOREIGN KEY (`class_id`) REFERENCES `class` (`class_id`),
  CONSTRAINT `FKB14A83FE9197618B` FOREIGN KEY (`dress_id`) REFERENCES `dress` (`dress_id`),
  CONSTRAINT `FKB14A83FEA5C20504` FOREIGN KEY (`subject_id`) REFERENCES `subjects` (`subject_id`),
  CONSTRAINT `FKB14A83FEAA42F28B` FOREIGN KEY (`section_id`) REFERENCES `section` (`section_id`),
  CONSTRAINT `FKB14A83FEC5F0F28F` FOREIGN KEY (`product_purchase_id`) REFERENCES `uniform_purchase` (`product_purchase_id`),
  CONSTRAINT `FKB14A83FEF45088EB` FOREIGN KEY (`session_id`) REFERENCES `session` (`session_id`)
) ENGINE=InnoDB DEFAULT CHARSET=latin1;

/*Data for the table `allot_dress` */

/*Table structure for table `annual_exam_gain_marks` */

DROP TABLE IF EXISTS `annual_exam_gain_marks`;

CREATE TABLE `annual_exam_gain_marks` (
  `annual_exam_gain_marks_id` int(11) NOT NULL AUTO_INCREMENT,
  `gain_marks` double DEFAULT NULL,
  `annual_exam_report_id` int(11) DEFAULT NULL,
  `subject_id` int(11) DEFAULT NULL,
  PRIMARY KEY (`annual_exam_gain_marks_id`),
  KEY `FKD19BF44612E1BE7` (`annual_exam_report_id`),
  KEY `FKD19BF446A5C20504` (`subject_id`),
  CONSTRAINT `FKD19BF44612E1BE7` FOREIGN KEY (`annual_exam_report_id`) REFERENCES `annual_exam_report` (`annual_exam_report_id`),
  CONSTRAINT `FKD19BF446A5C20504` FOREIGN KEY (`subject_id`) REFERENCES `subjects` (`subject_id`)
) ENGINE=InnoDB AUTO_INCREMENT=157 DEFAULT CHARSET=latin1;

/*Data for the table `annual_exam_gain_marks` */

insert  into `annual_exam_gain_marks`(`annual_exam_gain_marks_id`,`gain_marks`,`annual_exam_report_id`,`subject_id`) values (1,89,1,1),(2,55,1,2),(3,75,2,1),(4,36,2,2),(5,83,3,1),(6,55,3,2),(7,88,4,1),(8,74,4,2),(9,60,5,1),(10,75,5,2),(11,63,6,1),(12,66,6,2),(13,0,7,1),(14,0,7,2),(15,0,8,1),(16,0,8,2),(17,0,9,1),(18,0,9,2),(19,0,10,1),(20,0,10,2),(21,0,11,1),(22,0,11,2),(23,0,12,1),(24,0,12,2),(25,0,13,1),(26,0,13,2),(27,0,14,1),(28,0,14,2),(29,0,15,1),(30,0,15,2),(31,0,16,1),(32,0,16,2),(33,0,17,1),(34,0,17,2),(35,0,18,1),(36,0,18,2),(37,0,19,1),(38,0,19,2),(39,0,20,1),(40,0,20,2),(41,0,21,1),(42,0,21,2),(43,0,22,1),(44,0,22,2),(45,20,23,1),(46,20,23,2),(47,20,24,1),(48,20,24,2),(49,0,25,1),(50,0,25,2),(51,0,26,1),(52,0,26,2),(53,0,27,1),(54,0,27,2),(55,0,28,1),(56,0,28,2),(57,0,29,1),(58,0,29,2),(59,0,30,1),(60,0,30,2),(61,0,31,1),(62,0,31,2),(63,0,32,1),(64,0,32,2),(65,0,33,1),(66,0,33,2),(67,0,34,1),(68,0,34,2),(69,0,35,1),(70,0,35,2),(71,0,36,1),(72,0,36,2),(73,0,37,1),(74,0,37,2),(75,0,38,1),(76,0,38,2),(77,0,39,1),(78,0,39,2),(79,0,40,1),(80,0,40,2),(81,0,41,1),(82,0,41,2),(83,0,42,1),(84,0,42,2),(85,0,43,1),(86,0,43,2),(87,0,44,1),(88,0,44,2),(89,50,45,3),(90,90,45,4),(91,33,46,3),(92,75,46,4),(93,15,47,3),(94,0,47,4),(95,0,48,3),(96,0,48,4),(97,0,49,3),(98,0,49,4),(99,0,50,3),(100,0,50,4),(101,0,51,3),(102,0,51,4),(103,0,52,3),(104,0,52,4),(105,0,53,3),(106,0,53,4),(107,0,54,3),(108,0,54,4),(109,0,55,3),(110,0,55,4),(111,0,56,3),(112,0,56,4),(113,0,57,3),(114,0,57,4),(115,0,58,3),(116,0,58,4),(117,0,59,3),(118,0,59,4),(119,0,60,3),(120,0,60,4),(121,0,61,3),(122,0,61,4),(123,0,62,3),(124,0,62,4),(125,0,63,3),(126,0,63,4),(127,0,64,3),(128,0,64,4),(129,0,65,3),(130,0,65,4),(131,0,66,3),(132,0,66,4),(133,0,67,3),(134,0,67,4),(135,0,68,3),(136,0,68,4),(137,0,69,3),(138,0,69,4),(139,0,70,3),(140,0,70,4),(141,0,71,3),(142,0,71,4),(143,0,72,3),(144,0,72,4),(145,0,73,3),(146,0,73,4),(147,0,74,3),(148,0,74,4),(149,0,75,3),(150,0,75,4),(151,0,76,3),(152,0,76,4),(153,0,77,3),(154,0,77,4),(155,0,78,3),(156,0,78,4);

/*Table structure for table `annual_exam_report` */

DROP TABLE IF EXISTS `annual_exam_report`;

CREATE TABLE `annual_exam_report` (
  `annual_exam_report_id` int(11) NOT NULL AUTO_INCREMENT,
  `annual_exam_type` varchar(255) DEFAULT NULL,
  `exam_type` varchar(255) DEFAULT NULL,
  `max_marks` double DEFAULT NULL,
  `section_id` int(11) DEFAULT NULL,
  `session_id` int(11) DEFAULT NULL,
  `class_id` int(11) DEFAULT NULL,
  `student_id` varchar(255) DEFAULT NULL,
  PRIMARY KEY (`annual_exam_report_id`),
  KEY `FK44A782F4AA42F28B` (`section_id`),
  KEY `FK44A782F4F45088EB` (`session_id`),
  KEY `FK44A782F467C2729C` (`class_id`),
  KEY `FK44A782F4759AFE66` (`student_id`),
  CONSTRAINT `FK44A782F467C2729C` FOREIGN KEY (`class_id`) REFERENCES `class` (`class_id`),
  CONSTRAINT `FK44A782F4759AFE66` FOREIGN KEY (`student_id`) REFERENCES `students` (`student_admission_number`),
  CONSTRAINT `FK44A782F4AA42F28B` FOREIGN KEY (`section_id`) REFERENCES `section` (`section_id`),
  CONSTRAINT `FK44A782F4F45088EB` FOREIGN KEY (`session_id`) REFERENCES `session` (`session_id`)
) ENGINE=InnoDB AUTO_INCREMENT=79 DEFAULT CHARSET=latin1;

/*Data for the table `annual_exam_report` */

insert  into `annual_exam_report`(`annual_exam_report_id`,`annual_exam_type`,`exam_type`,`max_marks`,`section_id`,`session_id`,`class_id`,`student_id`) values (1,'HALF-YEARLY','UT+ORAL+PROJECT',100,1,1,1,'8131'),(2,'HALF-YEARLY','UT+ORAL+PROJECT',100,1,1,1,'8130'),(3,'HALF-YEARLY','UT+ORAL+PROJECT',100,1,1,1,'8132'),(4,'HALF-YEARLY','UT+ORAL+PROJECT',100,1,1,1,'517'),(5,'HALF-YEARLY','UT+ORAL+PROJECT',100,1,1,1,'8080'),(6,'HALF-YEARLY','UT+ORAL+PROJECT',100,1,1,1,'8081'),(7,'HALF-YEARLY','UT+ORAL+PROJECT',100,1,1,1,'8082'),(8,'HALF-YEARLY','UT+ORAL+PROJECT',100,1,1,1,'8083'),(9,'HALF-YEARLY','UT+ORAL+PROJECT',100,1,1,1,'8084'),(10,'HALF-YEARLY','UT+ORAL+PROJECT',100,1,1,1,'8085'),(11,'HALF-YEARLY','UT+ORAL+PROJECT',100,1,1,1,'8086'),(12,'HALF-YEARLY','UT+ORAL+PROJECT',100,1,1,1,'8087'),(13,'HALF-YEARLY','UT+ORAL+PROJECT',100,1,1,1,'8088'),(14,'HALF-YEARLY','UT+ORAL+PROJECT',100,1,1,1,'8089'),(15,'HALF-YEARLY','UT+ORAL+PROJECT',100,1,1,1,'8090'),(16,'HALF-YEARLY','UT+ORAL+PROJECT',100,1,1,1,'8091'),(17,'HALF-YEARLY','UT+ORAL+PROJECT',100,1,1,1,'8092'),(18,'HALF-YEARLY','UT+ORAL+PROJECT',100,1,1,1,'8093'),(19,'HALF-YEARLY','UT+ORAL+PROJECT',100,1,1,1,'8094'),(20,'HALF-YEARLY','UT+ORAL+PROJECT',100,1,1,1,'8095'),(21,'HALF-YEARLY','UT+ORAL+PROJECT',100,1,1,1,'8096'),(22,'HALF-YEARLY','UT+ORAL+PROJECT',100,1,1,1,'8097'),(23,'ANNUALLY','MAIN EXAM',100,1,1,1,'8131'),(24,'ANNUALLY','MAIN EXAM',100,1,1,1,'8130'),(25,'ANNUALLY','MAIN EXAM',100,1,1,1,'8132'),(26,'ANNUALLY','MAIN EXAM',100,1,1,1,'517'),(27,'ANNUALLY','MAIN EXAM',100,1,1,1,'8080'),(28,'ANNUALLY','MAIN EXAM',100,1,1,1,'8081'),(29,'ANNUALLY','MAIN EXAM',100,1,1,1,'8082'),(30,'ANNUALLY','MAIN EXAM',100,1,1,1,'8083'),(31,'ANNUALLY','MAIN EXAM',100,1,1,1,'8084'),(32,'ANNUALLY','MAIN EXAM',100,1,1,1,'8085'),(33,'ANNUALLY','MAIN EXAM',100,1,1,1,'8086'),(34,'ANNUALLY','MAIN EXAM',100,1,1,1,'8087'),(35,'ANNUALLY','MAIN EXAM',100,1,1,1,'8088'),(36,'ANNUALLY','MAIN EXAM',100,1,1,1,'8089'),(37,'ANNUALLY','MAIN EXAM',100,1,1,1,'8090'),(38,'ANNUALLY','MAIN EXAM',100,1,1,1,'8091'),(39,'ANNUALLY','MAIN EXAM',100,1,1,1,'8092'),(40,'ANNUALLY','MAIN EXAM',100,1,1,1,'8093'),(41,'ANNUALLY','MAIN EXAM',100,1,1,1,'8094'),(42,'ANNUALLY','MAIN EXAM',100,1,1,1,'8095'),(43,'ANNUALLY','MAIN EXAM',100,1,1,1,'8096'),(44,'ANNUALLY','MAIN EXAM',100,1,1,1,'8097'),(45,'HALF-YEARLY','UT+ORAL+PROJECT',100,15,1,8,'8135'),(46,'HALF-YEARLY','UT+ORAL+PROJECT',100,15,1,8,'8136'),(47,'HALF-YEARLY','UT+ORAL+PROJECT',100,15,1,8,'1742'),(48,'HALF-YEARLY','UT+ORAL+PROJECT',100,15,1,8,'1754'),(49,'HALF-YEARLY','UT+ORAL+PROJECT',100,15,1,8,'1770'),(50,'HALF-YEARLY','UT+ORAL+PROJECT',100,15,1,8,'1782'),(51,'HALF-YEARLY','UT+ORAL+PROJECT',100,15,1,8,'1819'),(52,'HALF-YEARLY','UT+ORAL+PROJECT',100,15,1,8,'1825'),(53,'HALF-YEARLY','UT+ORAL+PROJECT',100,15,1,8,'1829'),(54,'HALF-YEARLY','UT+ORAL+PROJECT',100,15,1,8,'1837'),(55,'HALF-YEARLY','UT+ORAL+PROJECT',100,15,1,8,'1848'),(56,'HALF-YEARLY','UT+ORAL+PROJECT',100,15,1,8,'1865'),(57,'HALF-YEARLY','UT+ORAL+PROJECT',100,15,1,8,'1885'),(58,'HALF-YEARLY','UT+ORAL+PROJECT',100,15,1,8,'1902'),(59,'HALF-YEARLY','UT+ORAL+PROJECT',100,15,1,8,'1916'),(60,'HALF-YEARLY','UT+ORAL+PROJECT',100,15,1,8,'1922'),(61,'HALF-YEARLY','UT+ORAL+PROJECT',100,15,1,8,'1924'),(62,'HALF-YEARLY','UT+ORAL+PROJECT',100,15,1,8,'1926'),(63,'HALF-YEARLY','UT+ORAL+PROJECT',100,15,1,8,'2023'),(64,'HALF-YEARLY','UT+ORAL+PROJECT',100,15,1,8,'2077'),(65,'HALF-YEARLY','UT+ORAL+PROJECT',100,15,1,8,'2086'),(66,'HALF-YEARLY','UT+ORAL+PROJECT',100,15,1,8,'2092'),(67,'HALF-YEARLY','UT+ORAL+PROJECT',100,15,1,8,'2305'),(68,'HALF-YEARLY','UT+ORAL+PROJECT',100,15,1,8,'2351'),(69,'HALF-YEARLY','UT+ORAL+PROJECT',100,15,1,8,'2355'),(70,'HALF-YEARLY','UT+ORAL+PROJECT',100,15,1,8,'2569'),(71,'HALF-YEARLY','UT+ORAL+PROJECT',100,15,1,8,'2935'),(72,'HALF-YEARLY','UT+ORAL+PROJECT',100,15,1,8,'2943'),(73,'HALF-YEARLY','UT+ORAL+PROJECT',100,15,1,8,'2966'),(74,'HALF-YEARLY','UT+ORAL+PROJECT',100,15,1,8,'3182'),(75,'HALF-YEARLY','UT+ORAL+PROJECT',100,15,1,8,'3210'),(76,'HALF-YEARLY','UT+ORAL+PROJECT',100,15,1,8,'3286'),(77,'HALF-YEARLY','UT+ORAL+PROJECT',100,15,1,8,'3289'),(78,'HALF-YEARLY','UT+ORAL+PROJECT',100,15,1,8,'3294');

/*Table structure for table `annual_exam_total_gain_marks` */

DROP TABLE IF EXISTS `annual_exam_total_gain_marks`;

CREATE TABLE `annual_exam_total_gain_marks` (
  `annual_exam_total_gain_marks_id` int(11) NOT NULL AUTO_INCREMENT,
  `annual_exam_type` varchar(255) DEFAULT NULL,
  `total_gain_marks` double DEFAULT NULL,
  `total_marks` double DEFAULT NULL,
  `section_id` int(11) DEFAULT NULL,
  `session_id` int(11) DEFAULT NULL,
  `class_id` int(11) DEFAULT NULL,
  `student_id` varchar(255) DEFAULT NULL,
  PRIMARY KEY (`annual_exam_total_gain_marks_id`),
  KEY `FKBFCB2C21AA42F28B` (`section_id`),
  KEY `FKBFCB2C21F45088EB` (`session_id`),
  KEY `FKBFCB2C2167C2729C` (`class_id`),
  KEY `FKBFCB2C21759AFE66` (`student_id`),
  CONSTRAINT `FKBFCB2C2167C2729C` FOREIGN KEY (`class_id`) REFERENCES `class` (`class_id`),
  CONSTRAINT `FKBFCB2C21759AFE66` FOREIGN KEY (`student_id`) REFERENCES `students` (`student_admission_number`),
  CONSTRAINT `FKBFCB2C21AA42F28B` FOREIGN KEY (`section_id`) REFERENCES `section` (`section_id`),
  CONSTRAINT `FKBFCB2C21F45088EB` FOREIGN KEY (`session_id`) REFERENCES `session` (`session_id`)
) ENGINE=InnoDB AUTO_INCREMENT=4 DEFAULT CHARSET=latin1;

/*Data for the table `annual_exam_total_gain_marks` */

insert  into `annual_exam_total_gain_marks`(`annual_exam_total_gain_marks_id`,`annual_exam_type`,`total_gain_marks`,`total_marks`,`section_id`,`session_id`,`class_id`,`student_id`) values (1,'HALF-YEARLY',0,200,1,1,1,'8097'),(2,'ANNUALLY',0,200,1,1,1,'8097'),(3,'HALF-YEARLY',0,200,15,1,8,'3294');

/*Table structure for table `annually_subject_marks` */

DROP TABLE IF EXISTS `annually_subject_marks`;

CREATE TABLE `annually_subject_marks` (
  `annually_subject_marks_id` int(11) NOT NULL AUTO_INCREMENT,
  `exam_report_type` varchar(255) DEFAULT NULL,
  `exam_type` varchar(255) DEFAULT NULL,
  `max_marks` varchar(255) DEFAULT NULL,
  `section_id` int(11) DEFAULT NULL,
  `session_id` int(11) DEFAULT NULL,
  `class_id` int(11) DEFAULT NULL,
  `subject_id` int(11) DEFAULT NULL,
  PRIMARY KEY (`annually_subject_marks_id`),
  KEY `FKF9FDF320AA42F28B` (`section_id`),
  KEY `FKF9FDF320F45088EB` (`session_id`),
  KEY `FKF9FDF32067C2729C` (`class_id`),
  KEY `FKF9FDF320A5C20504` (`subject_id`),
  CONSTRAINT `FKF9FDF32067C2729C` FOREIGN KEY (`class_id`) REFERENCES `class` (`class_id`),
  CONSTRAINT `FKF9FDF320A5C20504` FOREIGN KEY (`subject_id`) REFERENCES `subjects` (`subject_id`),
  CONSTRAINT `FKF9FDF320AA42F28B` FOREIGN KEY (`section_id`) REFERENCES `section` (`section_id`),
  CONSTRAINT `FKF9FDF320F45088EB` FOREIGN KEY (`session_id`) REFERENCES `session` (`session_id`)
) ENGINE=InnoDB DEFAULT CHARSET=latin1;

/*Data for the table `annually_subject_marks` */

/*Table structure for table `assign_class` */

DROP TABLE IF EXISTS `assign_class`;

CREATE TABLE `assign_class` (
  `assign_class_id` int(11) NOT NULL AUTO_INCREMENT,
  `is_active` tinyint(1) DEFAULT NULL,
  `employee_id` int(11) DEFAULT NULL,
  `section_id` int(11) DEFAULT NULL,
  `class_id` int(11) DEFAULT NULL,
  PRIMARY KEY (`assign_class_id`),
  KEY `FK8863DE28FABA0282` (`employee_id`),
  KEY `FK8863DE28AA42F28B` (`section_id`),
  KEY `FK8863DE2867C2729C` (`class_id`),
  CONSTRAINT `FK8863DE2867C2729C` FOREIGN KEY (`class_id`) REFERENCES `class` (`class_id`),
  CONSTRAINT `FK8863DE28AA42F28B` FOREIGN KEY (`section_id`) REFERENCES `section` (`section_id`),
  CONSTRAINT `FK8863DE28FABA0282` FOREIGN KEY (`employee_id`) REFERENCES `employees` (`employee_id`)
) ENGINE=InnoDB AUTO_INCREMENT=2 DEFAULT CHARSET=latin1;

/*Data for the table `assign_class` */

insert  into `assign_class`(`assign_class_id`,`is_active`,`employee_id`,`section_id`,`class_id`) values (1,1,1,1,1);

/*Table structure for table `bank_setting` */

DROP TABLE IF EXISTS `bank_setting`;

CREATE TABLE `bank_setting` (
  `bank_id` int(11) NOT NULL AUTO_INCREMENT,
  `account_number` varchar(50) DEFAULT NULL,
  `is_active` tinyint(1) DEFAULT NULL,
  `bank_name` varchar(50) DEFAULT NULL,
  PRIMARY KEY (`bank_id`)
) ENGINE=InnoDB AUTO_INCREMENT=2 DEFAULT CHARSET=latin1;

/*Data for the table `bank_setting` */

insert  into `bank_setting`(`bank_id`,`account_number`,`is_active`,`bank_name`) values (1,'SBI09',1,'SBI');

/*Table structure for table `book_purchase` */

DROP TABLE IF EXISTS `book_purchase`;

CREATE TABLE `book_purchase` (
  `book_purchase_id` int(11) NOT NULL AUTO_INCREMENT,
  `is_active` tinyint(1) DEFAULT NULL,
  `amount` int(11) DEFAULT NULL,
  `book_price` int(11) DEFAULT NULL,
  `book_title` varchar(255) DEFAULT NULL,
  `quantity_bought` int(11) DEFAULT NULL,
  `date_of_purchase` datetime DEFAULT NULL,
  `net_amount` int(11) DEFAULT NULL,
  `product_no` int(11) DEFAULT NULL,
  `quantity_remaining` int(11) DEFAULT NULL,
  `supplier_name` varchar(255) DEFAULT NULL,
  `class_id` int(11) DEFAULT NULL,
  `session_id` int(11) DEFAULT NULL,
  `stock_purchase_id` int(11) DEFAULT NULL,
  `subject_id` int(11) DEFAULT NULL,
  `section_id` int(11) DEFAULT NULL,
  PRIMARY KEY (`book_purchase_id`),
  KEY `FKBB59319767C2729C` (`class_id`),
  KEY `FKBB593197F45088EB` (`session_id`),
  KEY `FKBB593197D8C74CF4` (`stock_purchase_id`),
  KEY `FKBB593197A5C20504` (`subject_id`),
  KEY `FKBB593197AA42F28B` (`section_id`),
  CONSTRAINT `FKBB59319767C2729C` FOREIGN KEY (`class_id`) REFERENCES `class` (`class_id`),
  CONSTRAINT `FKBB593197A5C20504` FOREIGN KEY (`subject_id`) REFERENCES `subjects` (`subject_id`),
  CONSTRAINT `FKBB593197AA42F28B` FOREIGN KEY (`section_id`) REFERENCES `section` (`section_id`),
  CONSTRAINT `FKBB593197D8C74CF4` FOREIGN KEY (`stock_purchase_id`) REFERENCES `book_supplier` (`stock_purchase_id`),
  CONSTRAINT `FKBB593197F45088EB` FOREIGN KEY (`session_id`) REFERENCES `session` (`session_id`)
) ENGINE=InnoDB AUTO_INCREMENT=2 DEFAULT CHARSET=latin1;

/*Data for the table `book_purchase` */

insert  into `book_purchase`(`book_purchase_id`,`is_active`,`amount`,`book_price`,`book_title`,`quantity_bought`,`date_of_purchase`,`net_amount`,`product_no`,`quantity_remaining`,`supplier_name`,`class_id`,`session_id`,`stock_purchase_id`,`subject_id`,`section_id`) values (1,1,1000,120,'Gita',10,'2015-09-08 00:00:00',1000,0,9,'BAC',1,1,1,1,1);

/*Table structure for table `book_sell` */

DROP TABLE IF EXISTS `book_sell`;

CREATE TABLE `book_sell` (
  `book_payment_id` int(11) NOT NULL AUTO_INCREMENT,
  `bank_name` varchar(255) DEFAULT NULL,
  `cheque_no` int(11) DEFAULT NULL,
  `discount` int(11) DEFAULT NULL,
  `dues` int(11) DEFAULT NULL,
  `dues_receiptno` int(11) DEFAULT NULL,
  `in_word` varchar(255) DEFAULT NULL,
  `paid_amount` int(11) DEFAULT NULL,
  `paid_status` varchar(255) DEFAULT NULL,
  `pay_date` date DEFAULT NULL,
  `payment_mode` varchar(255) DEFAULT NULL,
  `receipt_no` int(11) DEFAULT NULL,
  `total_amount` int(11) DEFAULT NULL,
  `book_purchase_id` int(11) DEFAULT NULL,
  `student_wise_fee_id` int(11) DEFAULT NULL,
  `student_id` varchar(255) DEFAULT NULL,
  PRIMARY KEY (`book_payment_id`),
  KEY `FK78AFB6E821A9777C` (`book_purchase_id`),
  KEY `FK78AFB6E88FFBD1E1` (`student_wise_fee_id`),
  KEY `FK78AFB6E8759AFE66` (`student_id`),
  CONSTRAINT `FK78AFB6E821A9777C` FOREIGN KEY (`book_purchase_id`) REFERENCES `book_purchase` (`book_purchase_id`),
  CONSTRAINT `FK78AFB6E8759AFE66` FOREIGN KEY (`student_id`) REFERENCES `students` (`student_admission_number`),
  CONSTRAINT `FK78AFB6E88FFBD1E1` FOREIGN KEY (`student_wise_fee_id`) REFERENCES `student_wise_fee` (`student_wise_fee_id`)
) ENGINE=InnoDB AUTO_INCREMENT=2 DEFAULT CHARSET=latin1;

/*Data for the table `book_sell` */

insert  into `book_sell`(`book_payment_id`,`bank_name`,`cheque_no`,`discount`,`dues`,`dues_receiptno`,`in_word`,`paid_amount`,`paid_status`,`pay_date`,`payment_mode`,`receipt_no`,`total_amount`,`book_purchase_id`,`student_wise_fee_id`,`student_id`) values (1,NULL,NULL,0,0,0,'One Hundred Twenty ',120,'Completed','2015-09-08','Cash',1,120,1,3,'8130');

/*Table structure for table `book_supplier` */

DROP TABLE IF EXISTS `book_supplier`;

CREATE TABLE `book_supplier` (
  `stock_purchase_id` int(11) NOT NULL AUTO_INCREMENT,
  `is_active` tinyint(1) DEFAULT NULL,
  `balance_amount` int(11) DEFAULT NULL,
  `bank_name` varchar(255) DEFAULT NULL,
  `cheque_no` int(11) DEFAULT NULL,
  `date_of_purchase` date DEFAULT NULL,
  `discount` int(11) DEFAULT NULL,
  `dues` int(11) DEFAULT NULL,
  `gross_amount` int(11) DEFAULT NULL,
  `in_word` varchar(255) DEFAULT NULL,
  `paid_amount` int(11) DEFAULT NULL,
  `paid_status` varchar(255) DEFAULT NULL,
  `payment_mode` varchar(255) DEFAULT NULL,
  `receipt_no` int(11) DEFAULT NULL,
  `supplier_name` varchar(255) DEFAULT NULL,
  `supplier_no` varchar(255) DEFAULT NULL,
  PRIMARY KEY (`stock_purchase_id`)
) ENGINE=InnoDB AUTO_INCREMENT=2 DEFAULT CHARSET=latin1;

/*Data for the table `book_supplier` */

insert  into `book_supplier`(`stock_purchase_id`,`is_active`,`balance_amount`,`bank_name`,`cheque_no`,`date_of_purchase`,`discount`,`dues`,`gross_amount`,`in_word`,`paid_amount`,`paid_status`,`payment_mode`,`receipt_no`,`supplier_name`,`supplier_no`) values (1,1,0,NULL,NULL,'2015-09-08',0,0,1000,'One Thousand ',1000,'Completed','Cash',50501,'BAC','ABC');

/*Table structure for table `bounce_amount` */

DROP TABLE IF EXISTS `bounce_amount`;

CREATE TABLE `bounce_amount` (
  `bounce_amount_id` int(11) NOT NULL AUTO_INCREMENT,
  `bounce_amount` varchar(255) DEFAULT NULL,
  PRIMARY KEY (`bounce_amount_id`)
) ENGINE=InnoDB AUTO_INCREMENT=2 DEFAULT CHARSET=latin1;

/*Data for the table `bounce_amount` */

insert  into `bounce_amount`(`bounce_amount_id`,`bounce_amount`) values (1,'500');

/*Table structure for table `branch` */

DROP TABLE IF EXISTS `branch`;

CREATE TABLE `branch` (
  `branch_id` int(11) NOT NULL AUTO_INCREMENT,
  `active` tinyint(1) DEFAULT NULL,
  `branch_active` varchar(255) DEFAULT NULL,
  `branch_address` varchar(255) DEFAULT NULL,
  `branch_city` varchar(255) DEFAULT NULL,
  `branch_code` varchar(255) DEFAULT NULL,
  `branch_contact` varchar(255) DEFAULT NULL,
  `branch_date` datetime DEFAULT NULL,
  `branch_effictive_date` varchar(255) DEFAULT NULL,
  `branch_manager` varchar(255) DEFAULT NULL,
  `branch_name` varchar(255) DEFAULT NULL,
  `branch_royalty` varchar(255) DEFAULT NULL,
  `branch_state` varchar(255) DEFAULT NULL,
  `branch_status` varchar(255) DEFAULT NULL,
  `branch_tax_percentage` varchar(255) DEFAULT NULL,
  PRIMARY KEY (`branch_id`)
) ENGINE=InnoDB DEFAULT CHARSET=latin1;

/*Data for the table `branch` */

/*Table structure for table `catagory` */

DROP TABLE IF EXISTS `catagory`;

CREATE TABLE `catagory` (
  `catagory_id` int(11) NOT NULL AUTO_INCREMENT,
  `active` tinyint(1) DEFAULT NULL,
  `catagory_date_created` varchar(255) DEFAULT NULL,
  `catagory_description` varchar(255) DEFAULT NULL,
  `catagory_name` varchar(255) DEFAULT NULL,
  `catagory_tex_percentage` varchar(255) DEFAULT NULL,
  PRIMARY KEY (`catagory_id`)
) ENGINE=InnoDB DEFAULT CHARSET=latin1;

/*Data for the table `catagory` */

/*Table structure for table `charactercertificate` */

DROP TABLE IF EXISTS `charactercertificate`;

CREATE TABLE `charactercertificate` (
  `character_id` int(11) NOT NULL AUTO_INCREMENT,
  `active` tinyint(1) DEFAULT NULL,
  `charcter` varchar(255) DEFAULT NULL,
  `class_id` varchar(255) DEFAULT NULL,
  `created_at` datetime DEFAULT NULL,
  `full_name` varchar(255) DEFAULT NULL,
  `section_id` varchar(255) DEFAULT NULL,
  `session_id` varchar(255) DEFAULT NULL,
  `studnet_id` varchar(255) DEFAULT NULL,
  PRIMARY KEY (`character_id`),
  KEY `FK76EDCAAE8477C874` (`studnet_id`),
  CONSTRAINT `FK76EDCAAE8477C874` FOREIGN KEY (`studnet_id`) REFERENCES `students` (`student_admission_number`)
) ENGINE=InnoDB AUTO_INCREMENT=7 DEFAULT CHARSET=latin1;

/*Data for the table `charactercertificate` */

insert  into `charactercertificate`(`character_id`,`active`,`charcter`,`class_id`,`created_at`,`full_name`,`section_id`,`session_id`,`studnet_id`) values (4,1,'GOOD','1','2015-08-21 18:46:31','DEMO ENQUIRY ','1','1','8131'),(5,1,'Good','1','2015-09-07 18:18:25','Kanak Bhati ','1','1','8082'),(6,1,'Good','1','2015-09-08 11:08:48','DEMO ENQUIRY ','1','1','8131');

/*Table structure for table `check_bounce` */

DROP TABLE IF EXISTS `check_bounce`;

CREATE TABLE `check_bounce` (
  `check_bounceId` int(11) NOT NULL AUTO_INCREMENT,
  `is_active` tinyint(1) DEFAULT NULL,
  `bankName` varchar(255) DEFAULT NULL,
  `bounceAmount` varchar(255) DEFAULT NULL,
  `feeSubmissionId` int(11) DEFAULT NULL,
  PRIMARY KEY (`check_bounceId`),
  KEY `FKE827D59F2C9759A9` (`feeSubmissionId`),
  CONSTRAINT `FKE827D59F2C9759A9` FOREIGN KEY (`feeSubmissionId`) REFERENCES `student_fee_submission_details` (`student_fee_submission_details_id`)
) ENGINE=InnoDB DEFAULT CHARSET=latin1;

/*Data for the table `check_bounce` */

/*Table structure for table `city` */

DROP TABLE IF EXISTS `city`;

CREATE TABLE `city` (
  `city_id` int(11) NOT NULL AUTO_INCREMENT,
  `city_name` varchar(100) DEFAULT NULL,
  `city_code` varchar(100) DEFAULT NULL,
  `created_at` datetime DEFAULT NULL,
  `updated_at` datetime DEFAULT NULL,
  `is_active` tinyint(1) DEFAULT '1',
  `country_id` varchar(100) DEFAULT NULL,
  `state_id` varchar(100) DEFAULT NULL,
  PRIMARY KEY (`city_id`)
) ENGINE=InnoDB AUTO_INCREMENT=13 DEFAULT CHARSET=latin1;

/*Data for the table `city` */

insert  into `city`(`city_id`,`city_name`,`city_code`,`created_at`,`updated_at`,`is_active`,`country_id`,`state_id`) values (4,'Delhi','DL','2014-12-01 00:00:00','2014-12-01 00:00:00',1,'1','4'),(6,'Noida','1002','2014-12-13 00:00:00','2014-12-13 00:00:00',1,'1','4'),(8,'Faridabad','FBD','2015-01-13 00:00:00','2015-01-13 00:00:00',1,'1','6'),(9,'Gurgaon',NULL,'2015-04-28 00:00:00','2015-04-28 00:00:00',1,'1','4'),(10,'Ghaziabad',NULL,'2015-04-29 00:00:00','2015-04-29 00:00:00',1,'1','5'),(11,'NOIDA',NULL,'2015-04-30 00:00:00','2015-04-30 00:00:00',1,'1','5'),(12,'NOIDA',NULL,'2015-04-30 00:00:00','2015-04-30 00:00:00',1,'1','5');

/*Table structure for table `class` */

DROP TABLE IF EXISTS `class`;

CREATE TABLE `class` (
  `class_id` int(11) NOT NULL AUTO_INCREMENT,
  `class_name` varchar(50) NOT NULL,
  `sl_no` int(11) DEFAULT NULL,
  PRIMARY KEY (`class_id`)
) ENGINE=InnoDB AUTO_INCREMENT=22 DEFAULT CHARSET=latin1;

/*Data for the table `class` */

insert  into `class`(`class_id`,`class_name`,`sl_no`) values (1,'Pre',NULL),(2,'Nursury',NULL),(3,'KG',NULL),(4,'I',NULL),(5,'II',NULL),(6,'III',NULL),(7,'IV',NULL),(8,'V',NULL),(9,'VI',NULL),(10,'VII',NULL),(11,'VIII',NULL),(12,'IX',NULL),(13,'X',NULL),(14,'XI PCM',NULL),(15,'XI PCB',NULL),(16,'XI ARTS',NULL),(17,'XI COM',NULL),(18,'XII PCM',NULL),(19,'XII PCB',NULL),(20,'XII COM',NULL),(21,'XII ARTS',NULL);

/*Table structure for table `class_wise_fee` */

DROP TABLE IF EXISTS `class_wise_fee`;

CREATE TABLE `class_wise_fee` (
  `class_wise_fee_id` int(11) NOT NULL AUTO_INCREMENT,
  `is_active` tinyint(1) DEFAULT NULL,
  `fee_amount` double DEFAULT NULL,
  `class_id` int(11) DEFAULT NULL,
  `category_id` int(11) DEFAULT NULL,
  `month_id` int(11) DEFAULT NULL,
  `session_id` int(11) DEFAULT NULL,
  PRIMARY KEY (`class_wise_fee_id`),
  KEY `FK4D8E285267C2729C` (`class_id`),
  KEY `FK4D8E28526C169794` (`category_id`),
  KEY `FK4D8E2852A9B190EB` (`month_id`),
  KEY `FK4D8E2852F45088EB` (`session_id`),
  CONSTRAINT `FK4D8E285267C2729C` FOREIGN KEY (`class_id`) REFERENCES `class` (`class_id`),
  CONSTRAINT `FK4D8E28526C169794` FOREIGN KEY (`category_id`) REFERENCES `fees_categories` (`fee_category_id`),
  CONSTRAINT `FK4D8E2852A9B190EB` FOREIGN KEY (`month_id`) REFERENCES `month` (`month_id`),
  CONSTRAINT `FK4D8E2852F45088EB` FOREIGN KEY (`session_id`) REFERENCES `session` (`session_id`)
) ENGINE=InnoDB AUTO_INCREMENT=6 DEFAULT CHARSET=latin1;

/*Data for the table `class_wise_fee` */

insert  into `class_wise_fee`(`class_wise_fee_id`,`is_active`,`fee_amount`,`class_id`,`category_id`,`month_id`,`session_id`) values (1,1,1000,1,1,13,1),(2,1,10000,1,6,1,1),(3,1,100,17,1,13,1),(4,1,10000,17,6,1,1),(5,1,5000,1,5,1,1);

/*Table structure for table `country` */

DROP TABLE IF EXISTS `country`;

CREATE TABLE `country` (
  `country_id` int(11) NOT NULL AUTO_INCREMENT,
  `country_name` varchar(100) DEFAULT NULL,
  `country_code` varchar(100) DEFAULT NULL,
  `created_at` timestamp NOT NULL DEFAULT CURRENT_TIMESTAMP ON UPDATE CURRENT_TIMESTAMP,
  `updated_at` timestamp NOT NULL DEFAULT '0000-00-00 00:00:00',
  `is_active` int(1) NOT NULL DEFAULT '1',
  PRIMARY KEY (`country_id`)
) ENGINE=InnoDB AUTO_INCREMENT=5 DEFAULT CHARSET=latin1;

/*Data for the table `country` */

insert  into `country`(`country_id`,`country_name`,`country_code`,`created_at`,`updated_at`,`is_active`) values (1,'India','1','2014-12-01 13:30:00','2014-12-01 13:30:00',1),(3,'Nepal',NULL,'2015-04-28 12:30:00','2015-04-28 12:30:00',1),(4,'Aus',NULL,'2015-09-08 00:00:00','2015-09-08 00:00:00',1);

/*Table structure for table `discount` */

DROP TABLE IF EXISTS `discount`;

CREATE TABLE `discount` (
  `discount_id` int(11) NOT NULL AUTO_INCREMENT,
  `is_delete` tinyint(1) DEFAULT NULL,
  `created_at` date DEFAULT NULL,
  `discount_about` varchar(255) DEFAULT NULL,
  `discount_amount` double DEFAULT NULL,
  `student_fee_sub_detail_id` int(11) DEFAULT NULL,
  `student_id` varchar(255) DEFAULT NULL,
  PRIMARY KEY (`discount_id`),
  KEY `FK10487541C5468449` (`student_fee_sub_detail_id`),
  KEY `FK10487541759AFE66` (`student_id`),
  CONSTRAINT `FK10487541759AFE66` FOREIGN KEY (`student_id`) REFERENCES `students` (`student_admission_number`),
  CONSTRAINT `FK10487541C5468449` FOREIGN KEY (`student_fee_sub_detail_id`) REFERENCES `student_fee_submission_details` (`student_fee_submission_details_id`)
) ENGINE=InnoDB AUTO_INCREMENT=2 DEFAULT CHARSET=latin1;

/*Data for the table `discount` */

insert  into `discount`(`discount_id`,`is_delete`,`created_at`,`discount_about`,`discount_amount`,`student_fee_sub_detail_id`,`student_id`) values (1,1,'2015-09-08',NULL,0,1,'8130');

/*Table structure for table `document_category` */

DROP TABLE IF EXISTS `document_category`;

CREATE TABLE `document_category` (
  `document_category_id` int(11) NOT NULL AUTO_INCREMENT,
  `is_active` tinyint(1) DEFAULT NULL,
  `document_category_name` varchar(255) DEFAULT NULL,
  `document_type` varchar(255) DEFAULT NULL,
  PRIMARY KEY (`document_category_id`)
) ENGINE=InnoDB DEFAULT CHARSET=latin1;

/*Data for the table `document_category` */

/*Table structure for table `dress` */

DROP TABLE IF EXISTS `dress`;

CREATE TABLE `dress` (
  `dress_id` int(11) NOT NULL AUTO_INCREMENT,
  `category` varchar(255) DEFAULT NULL,
  `dress_name` varchar(255) DEFAULT NULL,
  `price` int(11) DEFAULT NULL,
  `size` varchar(255) DEFAULT NULL,
  PRIMARY KEY (`dress_id`)
) ENGINE=InnoDB DEFAULT CHARSET=latin1;

/*Data for the table `dress` */

/*Table structure for table `dress_payment` */

DROP TABLE IF EXISTS `dress_payment`;

CREATE TABLE `dress_payment` (
  `dress_payment_id` int(11) NOT NULL AUTO_INCREMENT,
  `bank_name` varchar(255) DEFAULT NULL,
  `cheque_no` int(11) DEFAULT NULL,
  `discount` int(11) DEFAULT NULL,
  `dues` int(11) DEFAULT NULL,
  `dues_receiptno` int(11) DEFAULT NULL,
  `in_word` varchar(255) DEFAULT NULL,
  `paid_amount` int(11) DEFAULT NULL,
  `paid_status` varchar(255) DEFAULT NULL,
  `pay_date` date DEFAULT NULL,
  `payment_mode` varchar(255) DEFAULT NULL,
  `quantity` int(11) DEFAULT NULL,
  `receipt_no` int(11) DEFAULT NULL,
  `total_amount` int(11) DEFAULT NULL,
  `dress_id` int(11) DEFAULT NULL,
  `student_wise_fee_id` int(11) DEFAULT NULL,
  `student_id` varchar(255) DEFAULT NULL,
  `product_purchase_id` int(11) DEFAULT NULL,
  PRIMARY KEY (`dress_payment_id`),
  KEY `FKBEC3BFE9197618B` (`dress_id`),
  KEY `FKBEC3BFE8FFBD1E1` (`student_wise_fee_id`),
  KEY `FKBEC3BFE759AFE66` (`student_id`),
  KEY `FKBEC3BFEC5F0F28F` (`product_purchase_id`),
  CONSTRAINT `FKBEC3BFE759AFE66` FOREIGN KEY (`student_id`) REFERENCES `students` (`student_admission_number`),
  CONSTRAINT `FKBEC3BFE8FFBD1E1` FOREIGN KEY (`student_wise_fee_id`) REFERENCES `student_wise_fee` (`student_wise_fee_id`),
  CONSTRAINT `FKBEC3BFE9197618B` FOREIGN KEY (`dress_id`) REFERENCES `dress` (`dress_id`),
  CONSTRAINT `FKBEC3BFEC5F0F28F` FOREIGN KEY (`product_purchase_id`) REFERENCES `uniform_purchase` (`product_purchase_id`)
) ENGINE=InnoDB DEFAULT CHARSET=latin1;

/*Data for the table `dress_payment` */

/*Table structure for table `edit_fee_amount` */

DROP TABLE IF EXISTS `edit_fee_amount`;

CREATE TABLE `edit_fee_amount` (
  `edit_fee_amount_id` int(11) NOT NULL AUTO_INCREMENT,
  `discount` double DEFAULT NULL,
  `fee_category_id` int(11) DEFAULT NULL,
  `month_id` int(11) DEFAULT NULL,
  `section_id` int(11) DEFAULT NULL,
  `session_id` int(11) DEFAULT NULL,
  `class_id` int(11) DEFAULT NULL,
  `student_id` varchar(255) DEFAULT NULL,
  `discount_givenby` varchar(255) DEFAULT NULL,
  `reason_for_discount` varchar(255) DEFAULT NULL,
  PRIMARY KEY (`edit_fee_amount_id`),
  KEY `FK5C927C864AA1685B` (`fee_category_id`),
  KEY `FK5C927C86A9B190EB` (`month_id`),
  KEY `FK5C927C86AA42F28B` (`section_id`),
  KEY `FK5C927C86F45088EB` (`session_id`),
  KEY `FK5C927C8667C2729C` (`class_id`),
  KEY `FK5C927C86759AFE66` (`student_id`),
  CONSTRAINT `FK5C927C864AA1685B` FOREIGN KEY (`fee_category_id`) REFERENCES `fees_categories` (`fee_category_id`),
  CONSTRAINT `FK5C927C8667C2729C` FOREIGN KEY (`class_id`) REFERENCES `class` (`class_id`),
  CONSTRAINT `FK5C927C86759AFE66` FOREIGN KEY (`student_id`) REFERENCES `students` (`student_admission_number`),
  CONSTRAINT `FK5C927C86A9B190EB` FOREIGN KEY (`month_id`) REFERENCES `month` (`month_id`),
  CONSTRAINT `FK5C927C86AA42F28B` FOREIGN KEY (`section_id`) REFERENCES `section` (`section_id`),
  CONSTRAINT `FK5C927C86F45088EB` FOREIGN KEY (`session_id`) REFERENCES `session` (`session_id`)
) ENGINE=InnoDB DEFAULT CHARSET=latin1;

/*Data for the table `edit_fee_amount` */

/*Table structure for table `employee_attendance` */

DROP TABLE IF EXISTS `employee_attendance`;

CREATE TABLE `employee_attendance` (
  `employee_attendance_id` int(11) NOT NULL AUTO_INCREMENT,
  `attendance_status` varchar(255) DEFAULT NULL,
  `date_of_attendance` date DEFAULT NULL,
  `employee_id` int(11) DEFAULT NULL,
  `attendance_date` varchar(255) DEFAULT NULL,
  `message` varchar(255) DEFAULT NULL,
  PRIMARY KEY (`employee_attendance_id`),
  KEY `FKD6E5F91AFABA0282` (`employee_id`),
  CONSTRAINT `FKD6E5F91AFABA0282` FOREIGN KEY (`employee_id`) REFERENCES `employees` (`employee_id`)
) ENGINE=InnoDB AUTO_INCREMENT=19 DEFAULT CHARSET=latin1;

/*Data for the table `employee_attendance` */

insert  into `employee_attendance`(`employee_attendance_id`,`attendance_status`,`date_of_attendance`,`employee_id`,`attendance_date`,`message`) values (13,'A','2015-06-24',1,'2015-06-24','Leave'),(14,'P','2015-07-24',1,'2015-07-24','Present'),(15,'P','2015-08-03',1,'2015-08-03','Present'),(16,'P','2015-08-20',1,'2015-08-20',NULL),(17,'P','2015-08-20',3,'2015-08-20',NULL),(18,'P','2015-08-20',2,'2015-08-20',NULL);

/*Table structure for table `employee_document` */

DROP TABLE IF EXISTS `employee_document`;

CREATE TABLE `employee_document` (
  `employee_document_id` int(11) NOT NULL AUTO_INCREMENT,
  `is_active` tinyint(1) DEFAULT NULL,
  `file_name` varchar(255) DEFAULT NULL,
  `uploaded_on` datetime DEFAULT NULL,
  `document_category_id` int(11) DEFAULT NULL,
  `employee_id` int(11) DEFAULT NULL,
  PRIMARY KEY (`employee_document_id`),
  KEY `FKDD6CBF8C4131345F` (`document_category_id`),
  KEY `FKDD6CBF8CFABA0282` (`employee_id`),
  CONSTRAINT `FKDD6CBF8C4131345F` FOREIGN KEY (`document_category_id`) REFERENCES `document_category` (`document_category_id`),
  CONSTRAINT `FKDD6CBF8CFABA0282` FOREIGN KEY (`employee_id`) REFERENCES `employees` (`employee_id`)
) ENGINE=InnoDB DEFAULT CHARSET=latin1;

/*Data for the table `employee_document` */

/*Table structure for table `employee_role` */

DROP TABLE IF EXISTS `employee_role`;

CREATE TABLE `employee_role` (
  `employee_role_id` int(11) NOT NULL AUTO_INCREMENT,
  `is_active` tinyint(1) DEFAULT NULL,
  `employee_role` varchar(255) DEFAULT NULL,
  PRIMARY KEY (`employee_role_id`)
) ENGINE=InnoDB AUTO_INCREMENT=2 DEFAULT CHARSET=latin1;

/*Data for the table `employee_role` */

insert  into `employee_role`(`employee_role_id`,`is_active`,`employee_role`) values (1,1,'Vasim');

/*Table structure for table `employee_salary` */

DROP TABLE IF EXISTS `employee_salary`;

CREATE TABLE `employee_salary` (
  `employee_salary_id` int(11) NOT NULL AUTO_INCREMENT,
  `is_active` tinyint(1) DEFAULT NULL,
  `bank_name` varchar(255) DEFAULT NULL,
  `cheque_no` varchar(255) DEFAULT NULL,
  `date_of_payment` date DEFAULT NULL,
  `due` int(11) DEFAULT NULL,
  `fine_amount` int(11) DEFAULT NULL,
  `incentive` int(11) DEFAULT NULL,
  `paid_amount` int(11) DEFAULT NULL,
  `paid_amount_in_word` varchar(255) DEFAULT NULL,
  `paid_by` varchar(255) DEFAULT NULL,
  `salary` int(11) DEFAULT NULL,
  `salary_amount` int(11) DEFAULT NULL,
  `salary_paid_status` varchar(255) DEFAULT NULL,
  `slip_no` int(11) DEFAULT NULL,
  `employee_id` int(11) DEFAULT NULL,
  `month_id` int(11) DEFAULT NULL,
  `session_id` int(11) DEFAULT NULL,
  `advance` int(11) DEFAULT NULL,
  PRIMARY KEY (`employee_salary_id`),
  KEY `FK2331A07BFABA0282` (`employee_id`),
  KEY `FK2331A07BA9B190EB` (`month_id`),
  KEY `FK2331A07BF45088EB` (`session_id`),
  CONSTRAINT `FK2331A07BA9B190EB` FOREIGN KEY (`month_id`) REFERENCES `month` (`month_id`),
  CONSTRAINT `FK2331A07BF45088EB` FOREIGN KEY (`session_id`) REFERENCES `session` (`session_id`),
  CONSTRAINT `FK2331A07BFABA0282` FOREIGN KEY (`employee_id`) REFERENCES `employees` (`employee_id`)
) ENGINE=InnoDB AUTO_INCREMENT=2 DEFAULT CHARSET=latin1;

/*Data for the table `employee_salary` */

insert  into `employee_salary`(`employee_salary_id`,`is_active`,`bank_name`,`cheque_no`,`date_of_payment`,`due`,`fine_amount`,`incentive`,`paid_amount`,`paid_amount_in_word`,`paid_by`,`salary`,`salary_amount`,`salary_paid_status`,`slip_no`,`employee_id`,`month_id`,`session_id`,`advance`) values (1,1,NULL,NULL,'2015-08-21',0,0,0,1000,'One Thousand ','cash',1000,1000,'Completed',50501,1,4,1,0);

/*Table structure for table `employees` */

DROP TABLE IF EXISTS `employees`;

CREATE TABLE `employees` (
  `employee_id` int(11) NOT NULL AUTO_INCREMENT,
  `is_Active` tinyint(1) DEFAULT NULL,
  `address` varchar(255) DEFAULT NULL,
  `birth_place` varchar(255) DEFAULT NULL,
  `blood_group` varchar(255) DEFAULT NULL,
  `created_at` datetime DEFAULT NULL,
  `date_of_birth` date DEFAULT NULL,
  `email` varchar(255) DEFAULT NULL,
  `father_name` varchar(255) DEFAULT NULL,
  `first_name` varchar(255) DEFAULT NULL,
  `gender` varchar(255) DEFAULT NULL,
  `highest_qualification` varchar(255) DEFAULT NULL,
  `image_name` varchar(255) DEFAULT NULL,
  `joining_date` date DEFAULT NULL,
  `last_name` varchar(255) DEFAULT NULL,
  `mobile` varchar(255) DEFAULT NULL,
  `mother_name` varchar(255) DEFAULT NULL,
  `mother_tongue` varchar(255) DEFAULT NULL,
  `occupation` varchar(255) DEFAULT NULL,
  `passout_month` varchar(255) DEFAULT NULL,
  `passout_year` varchar(255) DEFAULT NULL,
  `password` varchar(255) DEFAULT NULL,
  `pin_code` varchar(255) DEFAULT NULL,
  `salary` int(11) DEFAULT NULL,
  `updated_at` date DEFAULT NULL,
  `city_id` int(11) DEFAULT NULL,
  `country_id` int(11) DEFAULT NULL,
  `state_id` int(11) DEFAULT NULL,
  `user_id` int(11) DEFAULT NULL,
  PRIMARY KEY (`employee_id`),
  KEY `FK9D39EF8576F31C89` (`city_id`),
  KEY `FK9D39EF85176468EB` (`country_id`),
  KEY `FK9D39EF85B9E0B4B` (`state_id`),
  KEY `FK9D39EF853F658089` (`user_id`),
  CONSTRAINT `FK9D39EF85176468EB` FOREIGN KEY (`country_id`) REFERENCES `country` (`country_id`),
  CONSTRAINT `FK9D39EF853F658089` FOREIGN KEY (`user_id`) REFERENCES `user` (`ID`),
  CONSTRAINT `FK9D39EF8576F31C89` FOREIGN KEY (`city_id`) REFERENCES `city` (`city_id`),
  CONSTRAINT `FK9D39EF85B9E0B4B` FOREIGN KEY (`state_id`) REFERENCES `state` (`state_id`)
) ENGINE=InnoDB AUTO_INCREMENT=4 DEFAULT CHARSET=latin1;

/*Data for the table `employees` */

insert  into `employees`(`employee_id`,`is_Active`,`address`,`birth_place`,`blood_group`,`created_at`,`date_of_birth`,`email`,`father_name`,`first_name`,`gender`,`highest_qualification`,`image_name`,`joining_date`,`last_name`,`mobile`,`mother_name`,`mother_tongue`,`occupation`,`passout_month`,`passout_year`,`password`,`pin_code`,`salary`,`updated_at`,`city_id`,`country_id`,`state_id`,`user_id`) values (1,1,'Noida BLOCK 7','','','2015-06-19 10:53:32','2015-06-18','','Vasim Singh','Vasim','Male','BCOM','defultimage.png','2015-06-19','Akram','8802082754','Vasim','','Developer','JAN','2015','vasim12@','110028',1000,'2015-06-19',6,1,4,5),(2,1,'sdfgsfdgsdf','','','2015-08-19 18:54:05','2015-08-19','','asdfasdf','sdfasdf','Male','BA','defultimage.png','2015-08-12','asdfasdf','1234546767','asdfasdf','','serggsd','JAN','2000','0c5436','223333',10000,'2015-08-19',4,1,4,29),(3,1,'DEMO NOIDA','','','2015-08-20 12:41:20','2015-08-20','','DEMO','DEMO','Male','BA','defultimage.png','2015-08-20','DEMO','8467021042','DEMO','','TEACHER','JAN','2000','e16877','123457',10000,'2015-08-20',4,1,4,38);

/*Table structure for table `enquiry` */

DROP TABLE IF EXISTS `enquiry`;

CREATE TABLE `enquiry` (
  `enquiry_id` int(11) NOT NULL AUTO_INCREMENT,
  `is_active` tinyint(1) DEFAULT NULL,
  `address` varchar(255) DEFAULT NULL,
  `branch_id` int(11) DEFAULT NULL,
  `child_name` varchar(255) DEFAULT NULL,
  `city` int(11) DEFAULT NULL,
  `date_of_birth` datetime DEFAULT NULL,
  `email` varchar(255) DEFAULT NULL,
  `father_name` varchar(255) DEFAULT NULL,
  `father_occupation` varchar(255) DEFAULT NULL,
  `followup_date` datetime DEFAULT NULL,
  `gender` varchar(255) DEFAULT NULL,
  `info_source` varchar(255) DEFAULT NULL,
  `mobile_no` varchar(255) DEFAULT NULL,
  `mother_name` varchar(255) DEFAULT NULL,
  `mother_occupation` varchar(255) DEFAULT NULL,
  `remarks` varchar(255) DEFAULT NULL,
  `residence_phone_no` varchar(255) DEFAULT NULL,
  `sibling1_age` varchar(255) DEFAULT NULL,
  `sibling1_name` varchar(255) DEFAULT NULL,
  `sibling2_age` varchar(255) DEFAULT NULL,
  `sibling2_name` varchar(255) DEFAULT NULL,
  `state` int(11) DEFAULT NULL,
  `visited_website` varchar(255) DEFAULT NULL,
  PRIMARY KEY (`enquiry_id`)
) ENGINE=InnoDB DEFAULT CHARSET=latin1;

/*Data for the table `enquiry` */

/*Table structure for table `expenses` */

DROP TABLE IF EXISTS `expenses`;

CREATE TABLE `expenses` (
  `expenses_id` int(11) NOT NULL AUTO_INCREMENT,
  `is_active` tinyint(1) DEFAULT NULL,
  `date` datetime DEFAULT NULL,
  `employee_name` varchar(255) DEFAULT NULL,
  `employee_role` varchar(255) DEFAULT NULL,
  `expense_amount` float DEFAULT NULL,
  `purpose_details` varchar(255) DEFAULT NULL,
  PRIMARY KEY (`expenses_id`)
) ENGINE=InnoDB AUTO_INCREMENT=2 DEFAULT CHARSET=latin1;

/*Data for the table `expenses` */

insert  into `expenses`(`expenses_id`,`is_active`,`date`,`employee_name`,`employee_role`,`expense_amount`,`purpose_details`) values (1,1,'2015-09-08 00:00:00','VAsim','Vasim',1000,'Bus');

/*Table structure for table `fee` */

DROP TABLE IF EXISTS `fee`;

CREATE TABLE `fee` (
  `fee_id` int(11) NOT NULL AUTO_INCREMENT,
  `active` tinyint(1) DEFAULT NULL,
  `activity_charges` int(11) DEFAULT NULL,
  `addmission_fee` int(11) DEFAULT NULL,
  `annual_charges` int(11) DEFAULT NULL,
  `annual_fee_to_date` datetime DEFAULT NULL,
  `annul_fee_from_date` datetime DEFAULT NULL,
  `bank_name` varchar(255) DEFAULT NULL,
  `branch_id` varchar(255) DEFAULT NULL,
  `cheque_amount` int(11) DEFAULT NULL,
  `cheque_number` varchar(255) DEFAULT NULL,
  `child_name` varchar(255) DEFAULT NULL,
  `development_charges` int(11) DEFAULT NULL,
  `father_name` varchar(255) DEFAULT NULL,
  `fee_for` varchar(255) DEFAULT NULL,
  `fee_from_date` datetime DEFAULT NULL,
  `fee_to_date` datetime DEFAULT NULL,
  `fine_amount` int(11) DEFAULT NULL,
  `monthly_quartely` varchar(255) DEFAULT NULL,
  `note` varchar(255) DEFAULT NULL,
  `payment_date` datetime DEFAULT NULL,
  `payment_name` varchar(255) DEFAULT NULL,
  `prospects_fee` int(11) DEFAULT NULL,
  `reciept_number` int(11) DEFAULT NULL,
  `registration_fee` int(11) DEFAULT NULL,
  `student_id` int(11) DEFAULT NULL,
  `token_amount` int(11) DEFAULT NULL,
  `total_fee` int(11) DEFAULT NULL,
  PRIMARY KEY (`fee_id`)
) ENGINE=InnoDB DEFAULT CHARSET=latin1;

/*Data for the table `fee` */

/*Table structure for table `fee_discount` */

DROP TABLE IF EXISTS `fee_discount`;

CREATE TABLE `fee_discount` (
  `fee_discount_id` int(11) NOT NULL AUTO_INCREMENT,
  `fee_discount_amount` double DEFAULT NULL,
  `fee_discount_name` varchar(255) DEFAULT NULL,
  `from_date` datetime DEFAULT NULL,
  `last_date` datetime DEFAULT NULL,
  `to_date` datetime DEFAULT NULL,
  `section_id` int(11) DEFAULT NULL,
  `class_id` int(11) DEFAULT NULL,
  `student_id` varchar(255) DEFAULT NULL,
  PRIMARY KEY (`fee_discount_id`),
  KEY `FK45A9B1DAAA42F28B` (`section_id`),
  KEY `FK45A9B1DA67C2729C` (`class_id`),
  KEY `FK45A9B1DA759AFE66` (`student_id`),
  CONSTRAINT `FK45A9B1DA67C2729C` FOREIGN KEY (`class_id`) REFERENCES `class` (`class_id`),
  CONSTRAINT `FK45A9B1DA759AFE66` FOREIGN KEY (`student_id`) REFERENCES `students` (`student_admission_number`),
  CONSTRAINT `FK45A9B1DAAA42F28B` FOREIGN KEY (`section_id`) REFERENCES `section` (`section_id`)
) ENGINE=InnoDB DEFAULT CHARSET=latin1;

/*Data for the table `fee_discount` */

/*Table structure for table `fees_categories` */

DROP TABLE IF EXISTS `fees_categories`;

CREATE TABLE `fees_categories` (
  `fee_category_id` int(11) NOT NULL AUTO_INCREMENT,
  `fee_category_name` varchar(40) DEFAULT NULL,
  `is_active` tinyint(1) DEFAULT NULL,
  PRIMARY KEY (`fee_category_id`)
) ENGINE=InnoDB AUTO_INCREMENT=17 DEFAULT CHARSET=latin1;

/*Data for the table `fees_categories` */

insert  into `fees_categories`(`fee_category_id`,`fee_category_name`,`is_active`) values (1,'Tution Fee',1),(4,'Admission Fee',1),(5,'Annual Fee',1),(6,'Transport Fee',1),(7,'Fine',1),(13,'Any Other Dues',1),(14,'Uniform Fees',1),(15,'Book Fees',1),(16,'Day-Boarding Charge',0);

/*Table structure for table `fine` */

DROP TABLE IF EXISTS `fine`;

CREATE TABLE `fine` (
  `fine_id` int(11) NOT NULL AUTO_INCREMENT,
  `fine_name` varchar(50) DEFAULT NULL,
  `fine_amount` int(11) DEFAULT NULL,
  `max_fine_amount` int(11) DEFAULT NULL,
  `session_id` int(11) DEFAULT NULL,
  PRIMARY KEY (`fine_id`),
  KEY `FK2FF5BAF45088EB` (`session_id`),
  CONSTRAINT `FK2FF5BAF45088EB` FOREIGN KEY (`session_id`) REFERENCES `session` (`session_id`)
) ENGINE=InnoDB AUTO_INCREMENT=2 DEFAULT CHARSET=latin1;

/*Data for the table `fine` */

insert  into `fine`(`fine_id`,`fine_name`,`fine_amount`,`max_fine_amount`,`session_id`) values (1,'Late Fee Fine',10,100,1);

/*Table structure for table `gate_pass` */

DROP TABLE IF EXISTS `gate_pass`;

CREATE TABLE `gate_pass` (
  `gate_pass_id` int(11) NOT NULL AUTO_INCREMENT,
  `is_active` tinyint(1) DEFAULT NULL,
  `leaving_date` date DEFAULT NULL,
  `leaving_time` time DEFAULT NULL,
  `leaving_with` varchar(255) DEFAULT NULL,
  `reason` varchar(255) DEFAULT NULL,
  `admission_no` varchar(255) DEFAULT NULL,
  PRIMARY KEY (`gate_pass_id`),
  KEY `FKADF61705C130EE7E` (`admission_no`),
  CONSTRAINT `FKADF61705C130EE7E` FOREIGN KEY (`admission_no`) REFERENCES `students` (`student_admission_number`)
) ENGINE=InnoDB AUTO_INCREMENT=7 DEFAULT CHARSET=latin1;

/*Data for the table `gate_pass` */

insert  into `gate_pass`(`gate_pass_id`,`is_active`,`leaving_date`,`leaving_time`,`leaving_with`,`reason`,`admission_no`) values (1,1,'2015-08-20','12:51:03','Father','TYUJH','3221'),(2,1,'2015-08-22','12:16:30','Father','ABC','3123'),(3,1,'2015-08-22','12:16:49','Father','acx','10'),(4,1,'2015-08-22','17:17:22','Father','xfdf','10'),(5,1,'2015-08-22','17:19:19','Father','sdfd','8131'),(6,1,'2015-08-22','17:23:00','Father','sdfdsfd','8131');

/*Table structure for table `holiday` */

DROP TABLE IF EXISTS `holiday`;

CREATE TABLE `holiday` (
  `holiday_id` int(11) NOT NULL AUTO_INCREMENT,
  `session_id` int(11) DEFAULT NULL,
  `description` varchar(255) DEFAULT NULL,
  `holiday_date` date DEFAULT NULL,
  PRIMARY KEY (`holiday_id`),
  KEY `FK41152858F45088EB` (`session_id`),
  CONSTRAINT `FK41152858F45088EB` FOREIGN KEY (`session_id`) REFERENCES `session` (`session_id`)
) ENGINE=InnoDB DEFAULT CHARSET=latin1;

/*Data for the table `holiday` */

/*Table structure for table `isbn` */

DROP TABLE IF EXISTS `isbn`;

CREATE TABLE `isbn` (
  `isbn_id` int(11) NOT NULL AUTO_INCREMENT,
  `isbn_no` varchar(255) DEFAULT NULL,
  `library_book_id` int(11) DEFAULT NULL,
  `issue_status` varchar(255) DEFAULT NULL,
  `student_Id` varchar(255) DEFAULT NULL,
  PRIMARY KEY (`isbn_id`),
  KEY `FK3176F644C60E59` (`library_book_id`),
  KEY `FK3176F6759AFE66` (`student_Id`),
  CONSTRAINT `FK3176F644C60E59` FOREIGN KEY (`library_book_id`) REFERENCES `library` (`library_book_id`),
  CONSTRAINT `FK3176F6759AFE66` FOREIGN KEY (`student_Id`) REFERENCES `students` (`student_admission_number`)
) ENGINE=InnoDB DEFAULT CHARSET=latin1;

/*Data for the table `isbn` */

/*Table structure for table `issue_book` */

DROP TABLE IF EXISTS `issue_book`;

CREATE TABLE `issue_book` (
  `issue_book_id` int(11) NOT NULL AUTO_INCREMENT,
  `book_id` tinyblob,
  `issue_date` datetime DEFAULT NULL,
  `student_id` tinyblob,
  `is_active` tinyint(1) DEFAULT NULL,
  `isbn` int(11) DEFAULT NULL,
  PRIMARY KEY (`issue_book_id`),
  KEY `FK55FFEA8F4856187B` (`isbn`),
  CONSTRAINT `FK55FFEA8F4856187B` FOREIGN KEY (`isbn`) REFERENCES `isbn` (`isbn_id`)
) ENGINE=InnoDB DEFAULT CHARSET=latin1;

/*Data for the table `issue_book` */

/*Table structure for table `last_date` */

DROP TABLE IF EXISTS `last_date`;

CREATE TABLE `last_date` (
  `lastdate_id` int(11) NOT NULL AUTO_INCREMENT,
  `month_id` int(11) DEFAULT NULL,
  `lastdate` date DEFAULT NULL,
  `session_id` int(11) DEFAULT NULL,
  PRIMARY KEY (`lastdate_id`),
  KEY `FK77F943B7A9B190EB` (`month_id`),
  KEY `FK77F943B7F45088EB` (`session_id`),
  CONSTRAINT `FK77F943B7A9B190EB` FOREIGN KEY (`month_id`) REFERENCES `month` (`month_id`),
  CONSTRAINT `FK77F943B7F45088EB` FOREIGN KEY (`session_id`) REFERENCES `session` (`session_id`)
) ENGINE=InnoDB AUTO_INCREMENT=13 DEFAULT CHARSET=latin1;

/*Data for the table `last_date` */

insert  into `last_date`(`lastdate_id`,`month_id`,`lastdate`,`session_id`) values (1,1,'2015-08-15',1),(2,2,'2015-08-15',1),(3,3,'2015-08-15',1),(4,4,'2015-07-15',1),(5,5,'2015-08-15',1),(6,6,'2015-09-15',1),(7,7,'2015-10-15',1),(8,8,'2015-11-15',1),(9,9,'2015-12-15',1),(10,10,'2016-01-15',1),(11,11,'2016-02-15',1),(12,12,'2015-09-30',1);

/*Table structure for table `library` */

DROP TABLE IF EXISTS `library`;

CREATE TABLE `library` (
  `library_book_id` int(11) NOT NULL AUTO_INCREMENT,
  `book_name` varchar(255) DEFAULT NULL,
  `created_date` datetime DEFAULT NULL,
  `quantity` int(11) DEFAULT NULL,
  `remaining_quantity` int(11) DEFAULT NULL,
  `subject_name` varchar(255) DEFAULT NULL,
  `class_id` int(11) DEFAULT NULL,
  PRIMARY KEY (`library_book_id`),
  KEY `FK9E824BB67C2729C` (`class_id`),
  CONSTRAINT `FK9E824BB67C2729C` FOREIGN KEY (`class_id`) REFERENCES `class` (`class_id`)
) ENGINE=InnoDB DEFAULT CHARSET=latin1;

/*Data for the table `library` */

/*Table structure for table `library_settings` */

DROP TABLE IF EXISTS `library_settings`;

CREATE TABLE `library_settings` (
  `library_setting_id` int(11) NOT NULL AUTO_INCREMENT,
  `active` tinyint(1) DEFAULT NULL,
  `fine_amount` double DEFAULT NULL,
  `maximum_no_books` int(11) DEFAULT NULL,
  `maximum_no_days` int(11) DEFAULT NULL,
  `max_fine` double DEFAULT NULL,
  `session_id` int(11) DEFAULT NULL,
  PRIMARY KEY (`library_setting_id`),
  KEY `FKBB8DEB27F45088EB` (`session_id`),
  CONSTRAINT `FKBB8DEB27F45088EB` FOREIGN KEY (`session_id`) REFERENCES `session` (`session_id`)
) ENGINE=InnoDB DEFAULT CHARSET=latin1;

/*Data for the table `library_settings` */

/*Table structure for table `login_role` */

DROP TABLE IF EXISTS `login_role`;

CREATE TABLE `login_role` (
  `ID` smallint(6) NOT NULL AUTO_INCREMENT,
  `NAME` varchar(50) NOT NULL,
  `DESCRIPTION` varchar(100) DEFAULT NULL,
  PRIMARY KEY (`ID`),
  UNIQUE KEY `NAME` (`NAME`)
) ENGINE=InnoDB AUTO_INCREMENT=6 DEFAULT CHARSET=latin1;

/*Data for the table `login_role` */

insert  into `login_role`(`ID`,`NAME`,`DESCRIPTION`) values (1,'ROLE_ADMIN','Adminstrator'),(2,'ROLE_STUDENT','Student'),(3,'ROLE_EMPLOYEE','Employee'),(4,'ROLE_PARENTS','Parents'),(5,'ROLE_BRANCH','Branch');

/*Table structure for table `month` */

DROP TABLE IF EXISTS `month`;

CREATE TABLE `month` (
  `month_id` int(11) NOT NULL AUTO_INCREMENT,
  `month_name` varchar(40) DEFAULT NULL,
  `is_active` tinyint(1) DEFAULT '1',
  `serial_no` int(1) DEFAULT NULL,
  PRIMARY KEY (`month_id`)
) ENGINE=InnoDB AUTO_INCREMENT=14 DEFAULT CHARSET=latin1;

/*Data for the table `month` */

insert  into `month`(`month_id`,`month_name`,`is_active`,`serial_no`) values (1,'Apr',1,1),(2,'May',1,2),(3,'Jun',1,3),(4,'Jul',1,4),(5,'Aug',1,5),(6,'Sept',1,6),(7,'Oct',1,7),(8,'Nov',1,8),(9,'Dec',1,9),(10,'Jan',1,10),(11,'Feb',1,11),(12,'Mar',1,12),(13,'All',1,13);

/*Table structure for table `monthly_exam_report` */

DROP TABLE IF EXISTS `monthly_exam_report`;

CREATE TABLE `monthly_exam_report` (
  `monthly_exam_report_id` int(11) NOT NULL AUTO_INCREMENT,
  `created_at` datetime DEFAULT NULL,
  `marks` double DEFAULT NULL,
  `max_marks` double DEFAULT NULL,
  `updated_at` datetime DEFAULT NULL,
  `month_id` int(11) DEFAULT NULL,
  `section_id` int(11) DEFAULT NULL,
  `session_id` int(11) DEFAULT NULL,
  `class_id` int(11) DEFAULT NULL,
  `student_id` varchar(255) DEFAULT NULL,
  `subject_id` int(11) DEFAULT NULL,
  PRIMARY KEY (`monthly_exam_report_id`),
  KEY `FK20A34C22A9B190EB` (`month_id`),
  KEY `FK20A34C22AA42F28B` (`section_id`),
  KEY `FK20A34C22F45088EB` (`session_id`),
  KEY `FK20A34C2267C2729C` (`class_id`),
  KEY `FK20A34C22759AFE66` (`student_id`),
  KEY `FK20A34C22A5C20504` (`subject_id`),
  CONSTRAINT `FK20A34C2267C2729C` FOREIGN KEY (`class_id`) REFERENCES `class` (`class_id`),
  CONSTRAINT `FK20A34C22759AFE66` FOREIGN KEY (`student_id`) REFERENCES `students` (`student_admission_number`),
  CONSTRAINT `FK20A34C22A5C20504` FOREIGN KEY (`subject_id`) REFERENCES `subjects` (`subject_id`),
  CONSTRAINT `FK20A34C22A9B190EB` FOREIGN KEY (`month_id`) REFERENCES `month` (`month_id`),
  CONSTRAINT `FK20A34C22AA42F28B` FOREIGN KEY (`section_id`) REFERENCES `section` (`section_id`),
  CONSTRAINT `FK20A34C22F45088EB` FOREIGN KEY (`session_id`) REFERENCES `session` (`session_id`)
) ENGINE=InnoDB AUTO_INCREMENT=45 DEFAULT CHARSET=latin1;

/*Data for the table `monthly_exam_report` */

insert  into `monthly_exam_report`(`monthly_exam_report_id`,`created_at`,`marks`,`max_marks`,`updated_at`,`month_id`,`section_id`,`session_id`,`class_id`,`student_id`,`subject_id`) values (1,'2015-08-22 17:42:59',50,100,'2015-08-22 17:42:59',1,1,1,1,'8131',1),(2,'2015-08-22 17:38:41',10,100,'2015-08-22 17:38:41',1,1,1,1,'8131',2),(3,'2015-08-22 17:38:41',10,100,'2015-08-22 17:38:41',1,1,1,1,'8130',1),(4,'2015-08-22 17:38:41',10,100,'2015-08-22 17:38:41',1,1,1,1,'8130',2),(5,'2015-08-22 17:38:41',10,100,'2015-08-22 17:38:41',1,1,1,1,'8132',1),(6,'2015-08-22 17:38:41',10,100,'2015-08-22 17:38:41',1,1,1,1,'8132',2),(7,'2015-08-22 17:38:41',0,100,'2015-08-22 17:38:41',1,1,1,1,'517',1),(8,'2015-08-22 17:38:41',0,100,'2015-08-22 17:38:41',1,1,1,1,'517',2),(9,'2015-08-22 17:38:41',0,100,'2015-08-22 17:38:41',1,1,1,1,'8080',1),(10,'2015-08-22 17:38:41',0,100,'2015-08-22 17:38:41',1,1,1,1,'8080',2),(11,'2015-08-22 17:38:41',0,100,'2015-08-22 17:38:41',1,1,1,1,'8081',1),(12,'2015-08-22 17:38:41',0,100,'2015-08-22 17:38:41',1,1,1,1,'8081',2),(13,'2015-08-22 17:38:41',0,100,'2015-08-22 17:38:41',1,1,1,1,'8082',1),(14,'2015-08-22 17:38:41',0,100,'2015-08-22 17:38:41',1,1,1,1,'8082',2),(15,'2015-08-22 17:38:41',0,100,'2015-08-22 17:38:41',1,1,1,1,'8083',1),(16,'2015-08-22 17:38:41',0,100,'2015-08-22 17:38:41',1,1,1,1,'8083',2),(17,'2015-08-22 17:38:41',0,100,'2015-08-22 17:38:41',1,1,1,1,'8084',1),(18,'2015-08-22 17:38:41',0,100,'2015-08-22 17:38:41',1,1,1,1,'8084',2),(19,'2015-08-22 17:38:41',0,100,'2015-08-22 17:38:41',1,1,1,1,'8085',1),(20,'2015-08-22 17:38:41',0,100,'2015-08-22 17:38:41',1,1,1,1,'8085',2),(21,'2015-08-22 17:38:41',0,100,'2015-08-22 17:38:41',1,1,1,1,'8086',1),(22,'2015-08-22 17:38:41',0,100,'2015-08-22 17:38:41',1,1,1,1,'8086',2),(23,'2015-08-22 17:38:41',0,100,'2015-08-22 17:38:41',1,1,1,1,'8087',1),(24,'2015-08-22 17:38:41',0,100,'2015-08-22 17:38:41',1,1,1,1,'8087',2),(25,'2015-08-22 17:38:41',0,100,'2015-08-22 17:38:41',1,1,1,1,'8088',1),(26,'2015-08-22 17:38:41',0,100,'2015-08-22 17:38:41',1,1,1,1,'8088',2),(27,'2015-08-22 17:38:41',0,100,'2015-08-22 17:38:41',1,1,1,1,'8089',1),(28,'2015-08-22 17:38:41',0,100,'2015-08-22 17:38:41',1,1,1,1,'8089',2),(29,'2015-08-22 17:38:41',0,100,'2015-08-22 17:38:41',1,1,1,1,'8090',1),(30,'2015-08-22 17:38:41',0,100,'2015-08-22 17:38:41',1,1,1,1,'8090',2),(31,'2015-08-22 17:38:41',0,100,'2015-08-22 17:38:41',1,1,1,1,'8091',1),(32,'2015-08-22 17:38:41',0,100,'2015-08-22 17:38:41',1,1,1,1,'8091',2),(33,'2015-08-22 17:38:41',0,100,'2015-08-22 17:38:41',1,1,1,1,'8092',1),(34,'2015-08-22 17:38:41',0,100,'2015-08-22 17:38:41',1,1,1,1,'8092',2),(35,'2015-08-22 17:38:41',0,100,'2015-08-22 17:38:41',1,1,1,1,'8093',1),(36,'2015-08-22 17:38:41',0,100,'2015-08-22 17:38:41',1,1,1,1,'8093',2),(37,'2015-08-22 17:38:41',0,100,'2015-08-22 17:38:41',1,1,1,1,'8094',1),(38,'2015-08-22 17:38:41',0,100,'2015-08-22 17:38:41',1,1,1,1,'8094',2),(39,'2015-08-22 17:38:41',0,100,'2015-08-22 17:38:41',1,1,1,1,'8095',1),(40,'2015-08-22 17:38:41',0,100,'2015-08-22 17:38:41',1,1,1,1,'8095',2),(41,'2015-08-22 17:38:41',0,100,'2015-08-22 17:38:41',1,1,1,1,'8096',1),(42,'2015-08-22 17:38:41',0,100,'2015-08-22 17:38:41',1,1,1,1,'8096',2),(43,'2015-08-22 17:38:41',0,100,'2015-08-22 17:38:41',1,1,1,1,'8097',1),(44,'2015-08-22 17:38:41',0,100,'2015-08-22 17:38:41',1,1,1,1,'8097',2);

/*Table structure for table `new_employee_attendance` */

DROP TABLE IF EXISTS `new_employee_attendance`;

CREATE TABLE `new_employee_attendance` (
  `student_attendance_id` int(11) NOT NULL AUTO_INCREMENT,
  `attendance_status` varchar(255) DEFAULT NULL,
  `date_of_attendance` varchar(255) DEFAULT NULL,
  `message` varchar(255) DEFAULT NULL,
  `employee_id` int(11) DEFAULT NULL,
  PRIMARY KEY (`student_attendance_id`),
  KEY `FK9B211FFBFABA0282` (`employee_id`),
  CONSTRAINT `FK9B211FFBFABA0282` FOREIGN KEY (`employee_id`) REFERENCES `employees` (`employee_id`)
) ENGINE=InnoDB AUTO_INCREMENT=2 DEFAULT CHARSET=latin1;

/*Data for the table `new_employee_attendance` */

insert  into `new_employee_attendance`(`student_attendance_id`,`attendance_status`,`date_of_attendance`,`message`,`employee_id`) values (1,'L','2015-06-23',NULL,1);

/*Table structure for table `new_studenttransfer` */

DROP TABLE IF EXISTS `new_studenttransfer`;

CREATE TABLE `new_studenttransfer` (
  `transferId` int(11) NOT NULL AUTO_INCREMENT,
  `BehaviourInIX` varchar(255) DEFAULT NULL,
  `BehaviourInVI` varchar(255) DEFAULT NULL,
  `BehaviourInVII` varchar(255) DEFAULT NULL,
  `BehaviourInVIII` varchar(255) DEFAULT NULL,
  `BehaviourInX` varchar(255) DEFAULT NULL,
  `BehaviourInXI` varchar(255) DEFAULT NULL,
  `BehaviourInXII` varchar(255) DEFAULT NULL,
  `SignatureOfPrincipalInIX` varchar(255) DEFAULT NULL,
  `SignatureOfPrincipalInVI` varchar(255) DEFAULT NULL,
  `SignatureOfPrincipalInVII` varchar(255) DEFAULT NULL,
  `SignatureOfPrincipalInVIII` varchar(255) DEFAULT NULL,
  `SignatureOfPrincipalInX` varchar(255) DEFAULT NULL,
  `SignatureOfPrincipalInXI` varchar(255) DEFAULT NULL,
  `SignatureOfPrincipalInXII` varchar(255) DEFAULT NULL,
  `UPDefaultDurationOfStay` varchar(255) DEFAULT NULL,
  `is_active` tinyint(1) DEFAULT NULL,
  `dateOfEntryInIX` varchar(255) DEFAULT NULL,
  `dateOfEntryInVI` varchar(255) DEFAULT NULL,
  `dateOfEntryInVII` varchar(255) DEFAULT NULL,
  `dateOfEntryInVIII` varchar(255) DEFAULT NULL,
  `dateOfEntryInX` varchar(255) DEFAULT NULL,
  `dateOfEntryInXI` varchar(255) DEFAULT NULL,
  `dateOfEntryInXII` varchar(255) DEFAULT NULL,
  `dateOfPromotionInIX` varchar(255) DEFAULT NULL,
  `dateOfPromotionInVI` varchar(255) DEFAULT NULL,
  `dateOfPromotionInVII` varchar(255) DEFAULT NULL,
  `dateOfPromotionInVIII` varchar(255) DEFAULT NULL,
  `dateOfPromotionInX` varchar(255) DEFAULT NULL,
  `dateOfPromotionInXI` varchar(255) DEFAULT NULL,
  `dateOfPromotionInXII` varchar(255) DEFAULT NULL,
  `dateOfTransferInIX` varchar(255) DEFAULT NULL,
  `dateOfTransferInVI` varchar(255) DEFAULT NULL,
  `dateOfTransferInVII` varchar(255) DEFAULT NULL,
  `dateOfTransferInVIII` varchar(255) DEFAULT NULL,
  `dateOfTransferInX` varchar(255) DEFAULT NULL,
  `dateOfTransferInXI` varchar(255) DEFAULT NULL,
  `dateOfTransferInXII` varchar(255) DEFAULT NULL,
  `dobInWords` varchar(255) DEFAULT NULL,
  `fatherOccuption` varchar(255) DEFAULT NULL,
  `reasonForTransferInIX` varchar(255) DEFAULT NULL,
  `reasonForTransferInVI` varchar(255) DEFAULT NULL,
  `reasonForTransferInVII` varchar(255) DEFAULT NULL,
  `reasonForTransferInVIII` varchar(255) DEFAULT NULL,
  `reasonForTransferInX` varchar(255) DEFAULT NULL,
  `reasonForTransferInXI` varchar(255) DEFAULT NULL,
  `reasonForTransferInXII` varchar(255) DEFAULT NULL,
  `cast` varchar(255) DEFAULT NULL,
  `resultInIX` varchar(255) DEFAULT NULL,
  `resultInVI` varchar(255) DEFAULT NULL,
  `resultInVII` varchar(255) DEFAULT NULL,
  `resultInVIII` varchar(255) DEFAULT NULL,
  `resultInX` varchar(255) DEFAULT NULL,
  `resultInXI` varchar(255) DEFAULT NULL,
  `resultInXII` varchar(255) DEFAULT NULL,
  `sessionInIX` varchar(255) DEFAULT NULL,
  `sessionInVI` varchar(255) DEFAULT NULL,
  `sessionInVII` varchar(255) DEFAULT NULL,
  `sessionInVIII` varchar(255) DEFAULT NULL,
  `sessionInX` varchar(255) DEFAULT NULL,
  `sessionInXI` varchar(255) DEFAULT NULL,
  `sessionInXII` varchar(255) DEFAULT NULL,
  `studentId` varchar(255) DEFAULT NULL,
  PRIMARY KEY (`transferId`),
  KEY `FK1E7772673D8B695D` (`studentId`),
  CONSTRAINT `FK1E7772673D8B695D` FOREIGN KEY (`studentId`) REFERENCES `students` (`student_admission_number`)
) ENGINE=InnoDB DEFAULT CHARSET=latin1;

/*Data for the table `new_studenttransfer` */

/*Table structure for table `notice` */

DROP TABLE IF EXISTS `notice`;

CREATE TABLE `notice` (
  `notice_id` int(11) NOT NULL AUTO_INCREMENT,
  `created_at` datetime DEFAULT NULL,
  `genrated_by` varchar(255) DEFAULT NULL,
  `notice_date` datetime DEFAULT NULL,
  `notice_description` varchar(255) DEFAULT NULL,
  `notice_subject` varchar(255) DEFAULT NULL,
  PRIMARY KEY (`notice_id`)
) ENGINE=InnoDB AUTO_INCREMENT=2 DEFAULT CHARSET=latin1;

/*Data for the table `notice` */

insert  into `notice`(`notice_id`,`created_at`,`genrated_by`,`notice_date`,`notice_description`,`notice_subject`) values (1,'2015-09-08 11:29:27','Vasim','2015-09-08 00:00:00','DFGJK','Holiday Vacation');

/*Table structure for table `parents` */

DROP TABLE IF EXISTS `parents`;

CREATE TABLE `parents` (
  `parents_id` int(11) NOT NULL AUTO_INCREMENT,
  `parents_email` varchar(255) DEFAULT NULL,
  `parents_mobile` varchar(255) DEFAULT NULL,
  `parents_name` varchar(255) DEFAULT NULL,
  `student_admission_number` varchar(255) DEFAULT NULL,
  `user_id` int(11) DEFAULT NULL,
  PRIMARY KEY (`parents_id`),
  KEY `FKD0B60D091B690E8A` (`student_admission_number`),
  KEY `FKD0B60D093F658089` (`user_id`),
  CONSTRAINT `FKD0B60D091B690E8A` FOREIGN KEY (`student_admission_number`) REFERENCES `students` (`student_admission_number`),
  CONSTRAINT `FKD0B60D093F658089` FOREIGN KEY (`user_id`) REFERENCES `user` (`ID`)
) ENGINE=InnoDB DEFAULT CHARSET=latin1;

/*Data for the table `parents` */

/*Table structure for table `payment_due_date` */

DROP TABLE IF EXISTS `payment_due_date`;

CREATE TABLE `payment_due_date` (
  `lastdate_id` int(11) NOT NULL AUTO_INCREMENT,
  `lastdate` datetime DEFAULT NULL,
  `month_id` int(11) DEFAULT NULL,
  PRIMARY KEY (`lastdate_id`),
  KEY `FK388BA132A9B190EB` (`month_id`),
  CONSTRAINT `FK388BA132A9B190EB` FOREIGN KEY (`month_id`) REFERENCES `month` (`month_id`)
) ENGINE=InnoDB DEFAULT CHARSET=latin1;

/*Data for the table `payment_due_date` */

/*Table structure for table `religion` */

DROP TABLE IF EXISTS `religion`;

CREATE TABLE `religion` (
  `religion_id` int(11) NOT NULL AUTO_INCREMENT,
  `is_active` tinyint(1) DEFAULT NULL,
  `religion_name` varchar(255) DEFAULT NULL,
  PRIMARY KEY (`religion_id`)
) ENGINE=InnoDB DEFAULT CHARSET=latin1;

/*Data for the table `religion` */

/*Table structure for table `role` */

DROP TABLE IF EXISTS `role`;

CREATE TABLE `role` (
  `ID` int(11) NOT NULL AUTO_INCREMENT,
  `DESCRIPTION` varchar(100) DEFAULT NULL,
  `NAME` varchar(50) NOT NULL,
  PRIMARY KEY (`ID`),
  UNIQUE KEY `ID` (`ID`),
  UNIQUE KEY `NAME` (`NAME`),
  UNIQUE KEY `NAME_2` (`NAME`)
) ENGINE=InnoDB DEFAULT CHARSET=latin1;

/*Data for the table `role` */

/*Table structure for table `school_registration` */

DROP TABLE IF EXISTS `school_registration`;

CREATE TABLE `school_registration` (
  `school_registration_id` int(11) NOT NULL AUTO_INCREMENT,
  `active` tinyint(1) DEFAULT NULL,
  `contact_no` varchar(255) DEFAULT NULL,
  `school_address` varchar(255) DEFAULT NULL,
  `school_logo_name` varchar(255) DEFAULT NULL,
  `school_name` varchar(255) DEFAULT NULL,
  PRIMARY KEY (`school_registration_id`)
) ENGINE=InnoDB DEFAULT CHARSET=latin1;

/*Data for the table `school_registration` */

/*Table structure for table `section` */

DROP TABLE IF EXISTS `section`;

CREATE TABLE `section` (
  `section_id` int(11) NOT NULL AUTO_INCREMENT,
  `section_name` varchar(255) DEFAULT NULL,
  `class_id` int(11) DEFAULT NULL,
  PRIMARY KEY (`section_id`),
  KEY `FK756F7EE567C2729C` (`class_id`),
  CONSTRAINT `FK756F7EE567C2729C` FOREIGN KEY (`class_id`) REFERENCES `class` (`class_id`)
) ENGINE=InnoDB AUTO_INCREMENT=41 DEFAULT CHARSET=latin1;

/*Data for the table `section` */

insert  into `section`(`section_id`,`section_name`,`class_id`) values (1,'A',1),(2,'A',2),(3,'A',3),(4,'A',4),(5,'B',4),(6,'A',5),(7,'B',5),(8,'C',5),(9,'A',6),(10,'B',6),(11,'C',6),(12,'A',7),(13,'B',7),(14,'C',7),(15,'A',8),(16,'B',8),(17,'A',9),(18,'B',9),(19,'A',10),(20,'B',10),(21,'A',11),(22,'B',11),(23,'C',11),(24,'A',12),(25,'B',12),(26,'A',13),(27,'A',14),(28,'B',15),(29,'F',15),(30,'E',16),(31,'C',17),(32,'D',17),(33,'A',18),(34,'B',18),(35,'C',20),(36,'D',20),(37,'E',21),(38,'C',9),(39,'C',12),(40,'B',13);

/*Table structure for table `section_wise_fee` */

DROP TABLE IF EXISTS `section_wise_fee`;

CREATE TABLE `section_wise_fee` (
  `section_wise_fee_id` int(11) NOT NULL AUTO_INCREMENT,
  `is_active` tinyint(1) DEFAULT NULL,
  `fee_amount` double DEFAULT NULL,
  `class_id` int(11) DEFAULT NULL,
  `category_id` int(11) DEFAULT NULL,
  `month_id` int(11) DEFAULT NULL,
  `section_id` int(11) DEFAULT NULL,
  `session_id` int(11) DEFAULT NULL,
  PRIMARY KEY (`section_wise_fee_id`),
  KEY `FKAE491D8567C2729C` (`class_id`),
  KEY `FKAE491D856C169794` (`category_id`),
  KEY `FKAE491D85A9B190EB` (`month_id`),
  KEY `FKAE491D85AA42F28B` (`section_id`),
  KEY `FKAE491D85F45088EB` (`session_id`),
  CONSTRAINT `FKAE491D8567C2729C` FOREIGN KEY (`class_id`) REFERENCES `class` (`class_id`),
  CONSTRAINT `FKAE491D856C169794` FOREIGN KEY (`category_id`) REFERENCES `fees_categories` (`fee_category_id`),
  CONSTRAINT `FKAE491D85A9B190EB` FOREIGN KEY (`month_id`) REFERENCES `month` (`month_id`),
  CONSTRAINT `FKAE491D85AA42F28B` FOREIGN KEY (`section_id`) REFERENCES `section` (`section_id`),
  CONSTRAINT `FKAE491D85F45088EB` FOREIGN KEY (`session_id`) REFERENCES `session` (`session_id`)
) ENGINE=InnoDB DEFAULT CHARSET=latin1;

/*Data for the table `section_wise_fee` */

/*Table structure for table `session` */

DROP TABLE IF EXISTS `session`;

CREATE TABLE `session` (
  `session_id` int(11) NOT NULL AUTO_INCREMENT,
  `session_duration` varchar(11) DEFAULT NULL,
  `is_active` tinyint(1) DEFAULT '1',
  `current_session` tinyint(1) DEFAULT '0',
  PRIMARY KEY (`session_id`)
) ENGINE=InnoDB AUTO_INCREMENT=4 DEFAULT CHARSET=latin1;

/*Data for the table `session` */

insert  into `session`(`session_id`,`session_duration`,`is_active`,`current_session`) values (1,'2015-2016',1,1),(2,'2014-2015',1,0),(3,'2016-2017',1,0);

/*Table structure for table `state` */

DROP TABLE IF EXISTS `state`;

CREATE TABLE `state` (
  `state_id` int(11) NOT NULL AUTO_INCREMENT,
  `state_name` varchar(100) DEFAULT NULL,
  `state_code` varchar(100) DEFAULT NULL,
  `created_at` datetime DEFAULT NULL,
  `updated_at` datetime DEFAULT NULL,
  `is_active` tinyint(1) DEFAULT '1',
  `country_id` varchar(50) DEFAULT NULL,
  PRIMARY KEY (`state_id`)
) ENGINE=InnoDB AUTO_INCREMENT=10 DEFAULT CHARSET=latin1;

/*Data for the table `state` */

insert  into `state`(`state_id`,`state_name`,`state_code`,`created_at`,`updated_at`,`is_active`,`country_id`) values (4,'Delhi NCR','1','2014-12-01 00:00:00','2014-12-13 00:00:00',1,'1'),(5,'Uttar Pradesh','UP','2015-01-02 00:00:00','2015-01-02 00:00:00',1,'1'),(6,'Haryana','HR','2015-01-13 00:00:00','2015-01-13 00:00:00',1,'1'),(8,'Punjab',NULL,'2015-04-28 00:00:00','2015-04-28 00:00:00',1,'1'),(9,'Mac',NULL,'2015-09-08 00:00:00','2015-09-08 00:00:00',1,'4');

/*Table structure for table `student_admission` */

DROP TABLE IF EXISTS `student_admission`;

CREATE TABLE `student_admission` (
  `student_id` int(11) NOT NULL AUTO_INCREMENT,
  `admission_date` datetime DEFAULT NULL,
  `admission_no` varchar(255) DEFAULT NULL,
  `admit_in_class` varchar(255) DEFAULT NULL,
  `brother_or_sister_age1` varchar(255) DEFAULT NULL,
  `brother_or_sister_age2` varchar(255) DEFAULT NULL,
  `brother_or_sister_class1` varchar(255) DEFAULT NULL,
  `brother_or_sister_class2` varchar(255) DEFAULT NULL,
  `brother_or_sister_name1` varchar(255) DEFAULT NULL,
  `brother_or_sister_name2` varchar(255) DEFAULT NULL,
  `brother_or_sister_school_or_college1` varchar(255) DEFAULT NULL,
  `brother_or_sister_school_or_college2` varchar(255) DEFAULT NULL,
  `date_of_birth` datetime DEFAULT NULL,
  `father_annual_income` varchar(255) DEFAULT NULL,
  `father_education` varchar(255) DEFAULT NULL,
  `father_name` varchar(255) DEFAULT NULL,
  `father_occupation` varchar(255) DEFAULT NULL,
  `father_office_address` varchar(255) DEFAULT NULL,
  `father_phone_no` varchar(255) DEFAULT NULL,
  `fee_receipt_date` datetime DEFAULT NULL,
  `fee_receipt_no` varchar(255) DEFAULT NULL,
  `gender` varchar(255) DEFAULT NULL,
  `image_name` varchar(255) DEFAULT NULL,
  `mother_annual_income` varchar(255) DEFAULT NULL,
  `mother_education` varchar(255) DEFAULT NULL,
  `mother_name` varchar(255) DEFAULT NULL,
  `mother_occupation` varchar(255) DEFAULT NULL,
  `mother_office_address` varchar(255) DEFAULT NULL,
  `mother_phone_no` varchar(255) DEFAULT NULL,
  `mother_tounge` varchar(255) DEFAULT NULL,
  `phone_no` varchar(255) DEFAULT NULL,
  `physical_disability` varchar(255) DEFAULT NULL,
  `principal_or_director_name` varchar(255) DEFAULT NULL,
  `reg_no` varchar(255) DEFAULT NULL,
  `res_address` varchar(255) DEFAULT NULL,
  `s_no` int(11) DEFAULT NULL,
  `student_name` varchar(255) DEFAULT NULL,
  `written_or_interview_date` datetime DEFAULT NULL,
  `class_id` int(11) DEFAULT NULL,
  `country_id` int(11) DEFAULT NULL,
  `school_address` varchar(255) DEFAULT NULL,
  `school_name` varchar(255) DEFAULT NULL,
  `school_phone` varchar(255) DEFAULT NULL,
  `city_id` int(11) DEFAULT NULL,
  `section_id` int(11) DEFAULT NULL,
  `state_id` int(11) DEFAULT NULL,
  `transfer_status` varchar(255) DEFAULT NULL,
  `is_active` tinyint(1) DEFAULT NULL,
  `is_delete` tinyint(1) DEFAULT '1',
  PRIMARY KEY (`student_id`),
  KEY `FK46DC470567C2729C` (`class_id`),
  KEY `FK46DC4705176468EB` (`country_id`),
  KEY `FK46DC470576F31C89` (`city_id`),
  KEY `FK46DC4705AA42F28B` (`section_id`),
  KEY `FK46DC4705B9E0B4B` (`state_id`),
  CONSTRAINT `FK46DC470576F31C89` FOREIGN KEY (`city_id`) REFERENCES `city` (`city_id`),
  CONSTRAINT `FK46DC4705AA42F28B` FOREIGN KEY (`section_id`) REFERENCES `section` (`section_id`),
  CONSTRAINT `FK46DC4705B9E0B4B` FOREIGN KEY (`state_id`) REFERENCES `state` (`state_id`)
) ENGINE=InnoDB AUTO_INCREMENT=6 DEFAULT CHARSET=latin1;

/*Data for the table `student_admission` */

insert  into `student_admission`(`student_id`,`admission_date`,`admission_no`,`admit_in_class`,`brother_or_sister_age1`,`brother_or_sister_age2`,`brother_or_sister_class1`,`brother_or_sister_class2`,`brother_or_sister_name1`,`brother_or_sister_name2`,`brother_or_sister_school_or_college1`,`brother_or_sister_school_or_college2`,`date_of_birth`,`father_annual_income`,`father_education`,`father_name`,`father_occupation`,`father_office_address`,`father_phone_no`,`fee_receipt_date`,`fee_receipt_no`,`gender`,`image_name`,`mother_annual_income`,`mother_education`,`mother_name`,`mother_occupation`,`mother_office_address`,`mother_phone_no`,`mother_tounge`,`phone_no`,`physical_disability`,`principal_or_director_name`,`reg_no`,`res_address`,`s_no`,`student_name`,`written_or_interview_date`,`class_id`,`country_id`,`school_address`,`school_name`,`school_phone`,`city_id`,`section_id`,`state_id`,`transfer_status`,`is_active`,`is_delete`) values (1,NULL,NULL,NULL,'','','','','','','','','2015-08-20 00:00:00','','','WZ-828','','','',NULL,NULL,'Male','defultimage.png','','','WZ-828','','','','Hindi','1234567899','No',NULL,'','WZ-828',1,'WZ-828',NULL,1,1,'','','',4,1,4,'yes',1,1),(2,NULL,NULL,NULL,'','','','','','','','','2015-08-20 00:00:00','','','DEMONEW','','','',NULL,NULL,'Male','defultimage.png','','','DEMONEW','','','','Hindi','1111111111','No',NULL,'','DEMONEW',2,'DEMONEW',NULL,1,1,'','','',4,1,4,'yes',1,1),(3,NULL,NULL,NULL,'','','','','','','','','2015-08-26 00:00:00','','','Demo Vasim','','','',NULL,NULL,'Male','defultimage.png','','','Demo Vasim','','','','Hindi','123456789','Yes',NULL,'3','Demo Vasim',3,'Demo Vasim',NULL,1,1,'','','',4,1,4,'yes',1,1),(4,NULL,NULL,NULL,'','','','','','','','','2015-08-21 00:00:00','','','DEMO ENQUIRY','','','',NULL,NULL,'Male','defultimage.png','','','DEMO ENQUIRY','','','','Hindi','1234567890','No',NULL,'','DEMO ENQUIRY',4,'DEMO ENQUIRY',NULL,1,1,'','','',4,1,4,'yes',1,1),(5,NULL,NULL,NULL,'','','','','','','','','2015-08-21 00:00:00','','','DEMO ENQUIRY1','','','',NULL,NULL,'Male','defultimage.png','','','DEMO ENQUIRY1','','','','Hindi','1234567890','Yes',NULL,'','DEMO ENQUIRY1 NOIDA',5,'DEMO ENQUIRY1',NULL,1,1,'','','',4,1,4,'yes',1,1);

/*Table structure for table `student_attendance` */

DROP TABLE IF EXISTS `student_attendance`;

CREATE TABLE `student_attendance` (
  `student_attendance_id` int(11) NOT NULL AUTO_INCREMENT,
  `attendance_status` varchar(255) DEFAULT NULL,
  `date_of_attendance` varchar(255) DEFAULT NULL,
  `employee_id` int(11) DEFAULT NULL,
  `section_id` int(11) DEFAULT NULL,
  `class_id` int(11) DEFAULT NULL,
  `student_id` varchar(255) DEFAULT NULL,
  `attendance_date` varchar(255) DEFAULT NULL,
  `message` varchar(255) DEFAULT NULL,
  PRIMARY KEY (`student_attendance_id`),
  KEY `FKD323936DFABA0282` (`employee_id`),
  KEY `FKD323936DAA42F28B` (`section_id`),
  KEY `FKD323936D67C2729C` (`class_id`),
  KEY `FKD323936D759AFE66` (`student_id`)
) ENGINE=InnoDB AUTO_INCREMENT=84 DEFAULT CHARSET=latin1;

/*Data for the table `student_attendance` */

insert  into `student_attendance`(`student_attendance_id`,`attendance_status`,`date_of_attendance`,`employee_id`,`section_id`,`class_id`,`student_id`,`attendance_date`,`message`) values (1,'A','2015-06-12',NULL,29,1,'3','2015-06-12','HII'),(23,'P','2015-06-24',NULL,29,1,'1','2015-06-24',NULL),(24,'A','2015-06-24',NULL,29,1,'2','2015-06-24',NULL),(25,'P','2015-06-24',NULL,29,1,'3','2015-06-24',NULL),(26,'P','2015-07-03',NULL,29,1,'2','2015-07-03',NULL),(27,'P','2015-07-15',NULL,29,1,'1','2015-07-15',NULL),(28,'A','2015-07-15',NULL,29,1,'2','2015-07-15',NULL),(29,'P','2015-07-15',NULL,29,1,'3','2015-07-15',NULL),(30,'L','2015-07-15',NULL,29,1,'4','2015-07-15',NULL),(31,'L','2015-07-16',NULL,29,1,'1','2015-07-16',NULL),(32,'P','2015-07-16',NULL,29,1,'2','2015-07-16',NULL),(33,'P','2015-07-16',NULL,29,1,'3','2015-07-16',NULL),(34,'P','2015-07-16',NULL,29,1,'4','2015-07-16',NULL),(35,'P','2015-08-20',NULL,1,1,'517','2015-08-20',NULL),(36,'P','2015-08-20',NULL,1,1,'8080','2015-08-20',NULL),(37,'P','2015-08-20',NULL,1,1,'8081','2015-08-20',NULL),(38,'P','2015-09-07',NULL,1,1,'8131','2015-09-07',NULL),(39,'A','2015-09-07',NULL,1,1,'8130','2015-09-07',NULL),(40,'L','2015-09-07',NULL,1,1,'8132','2015-09-07',NULL),(41,'P','2015-09-07',NULL,1,1,'517','2015-09-07',NULL),(42,'P','2015-09-07',NULL,1,1,'8080','2015-09-07',NULL),(43,'P','2015-09-07',NULL,1,1,'8081','2015-09-07',NULL),(44,'A','2015-09-07',NULL,1,1,'8082','2015-09-07',NULL),(45,'P','2015-09-07',NULL,1,1,'8083','2015-09-07',NULL),(46,'L','2015-09-07',NULL,1,1,'8084','2015-09-07',NULL),(47,'L','2015-09-07',NULL,1,1,'8085','2015-09-07',NULL),(48,'P','2015-09-07',NULL,1,1,'8086','2015-09-07',NULL),(49,'P','2015-09-08',NULL,1,1,'8131','2015-09-08',NULL),(50,'A','2015-09-08',NULL,1,1,'8130','2015-09-08',NULL),(51,'L','2015-09-08',NULL,1,1,'8132','2015-09-08',NULL),(52,'P','2015-09-09',NULL,15,8,'8135','2015-09-09',NULL),(53,'P','2015-09-09',NULL,15,8,'8136','2015-09-09',NULL),(54,'P','2015-09-09',NULL,15,8,'1742','2015-09-09',NULL),(55,'P','2015-09-09',NULL,15,8,'1754','2015-09-09',NULL),(56,'P','2015-09-09',NULL,15,8,'1770','2015-09-09',NULL),(57,'P','2015-09-09',NULL,15,8,'1782','2015-09-09',NULL),(58,'P','2015-09-09',NULL,15,8,'1819','2015-09-09',NULL),(59,'P','2015-09-09',NULL,15,8,'1825','2015-09-09',NULL),(60,'P','2015-09-09',NULL,15,8,'1829','2015-09-09',NULL),(61,'A','2015-09-09',NULL,15,8,'1837','2015-09-09',NULL),(62,'A','2015-09-09',NULL,15,8,'1848','2015-09-09',NULL),(63,'A','2015-09-09',NULL,15,8,'1865','2015-09-09',NULL),(64,'L','2015-09-09',NULL,15,8,'1902','2015-09-09',NULL),(65,'L','2015-09-09',NULL,15,8,'1916','2015-09-09',NULL),(66,'P','2015-09-09',NULL,15,8,'1924','2015-09-09',NULL),(67,'L','2015-09-09',NULL,15,8,'1926','2015-09-09',NULL),(68,'L','2015-09-09',NULL,15,8,'2086','2015-09-09',NULL),(69,'A','2015-09-09',NULL,15,8,'2023','2015-09-09',NULL),(70,'L','2015-09-09',NULL,15,8,'2077','2015-09-09',NULL),(71,'L','2015-09-09',NULL,15,8,'2092','2015-09-09',NULL),(72,'L','2015-09-09',NULL,15,8,'2305','2015-09-09',NULL),(73,'L','2015-09-09',NULL,15,8,'2351','2015-09-09',NULL),(74,'L','2015-09-09',NULL,15,8,'2355','2015-09-09',NULL),(75,'L','2015-09-09',NULL,15,8,'2569','2015-09-09',NULL),(76,'L','2015-09-09',NULL,15,8,'3182','2015-09-09',NULL),(77,'L','2015-09-09',NULL,15,8,'2966','2015-09-09',NULL),(78,'L','2015-09-09',NULL,15,8,'2943','2015-09-09',NULL),(79,'L','2015-09-09',NULL,15,8,'2935','2015-09-09',NULL),(80,'A','2015-09-09',NULL,15,8,'3210','2015-09-09',NULL),(81,'A','2015-09-09',NULL,15,8,'3286','2015-09-09',NULL),(82,'P','2015-09-09',NULL,15,8,'3289','2015-09-09',NULL),(83,'P','2015-09-09',NULL,15,8,'3294','2015-09-09',NULL);

/*Table structure for table `student_categories` */

DROP TABLE IF EXISTS `student_categories`;

CREATE TABLE `student_categories` (
  `student_categories_id` int(11) NOT NULL AUTO_INCREMENT,
  `student_categories_name` varchar(50) DEFAULT NULL,
  `is_active` tinyint(1) DEFAULT NULL,
  PRIMARY KEY (`student_categories_id`)
) ENGINE=InnoDB AUTO_INCREMENT=6 DEFAULT CHARSET=latin1;

/*Data for the table `student_categories` */

insert  into `student_categories`(`student_categories_id`,`student_categories_name`,`is_active`) values (1,'OBC',1),(2,'General',1),(3,'SC',1),(4,'ST',1),(5,'ABC',0);

/*Table structure for table `student_document` */

DROP TABLE IF EXISTS `student_document`;

CREATE TABLE `student_document` (
  `student_document_id` int(11) NOT NULL AUTO_INCREMENT,
  `is_active` tinyint(1) DEFAULT NULL,
  `file_name` varchar(255) DEFAULT NULL,
  `student_id` varchar(255) DEFAULT NULL,
  `uploaded_on` datetime DEFAULT NULL,
  `document_category_id` int(11) DEFAULT NULL,
  PRIMARY KEY (`student_document_id`),
  KEY `FK5EE2D29F4131345F` (`document_category_id`),
  CONSTRAINT `FK5EE2D29F4131345F` FOREIGN KEY (`document_category_id`) REFERENCES `document_category` (`document_category_id`)
) ENGINE=InnoDB DEFAULT CHARSET=latin1;

/*Data for the table `student_document` */

/*Table structure for table `student_fee_submission_details` */

DROP TABLE IF EXISTS `student_fee_submission_details`;

CREATE TABLE `student_fee_submission_details` (
  `student_fee_submission_details_id` int(11) NOT NULL AUTO_INCREMENT,
  `bank_name` varchar(255) DEFAULT NULL,
  `cheque_no` varchar(255) DEFAULT NULL,
  `common_reciept_no` int(11) DEFAULT NULL,
  `fee_paid_date` date DEFAULT NULL,
  `fee_paid_status` varchar(255) DEFAULT NULL,
  `gross_amount` double DEFAULT NULL,
  `l_f_no` int(11) DEFAULT NULL,
  `paid_amount` float DEFAULT NULL,
  `paid_amount_in_word` varchar(255) DEFAULT NULL,
  `paid_by` varchar(255) DEFAULT NULL,
  `reciept_no` int(11) DEFAULT NULL,
  `month_id` int(11) DEFAULT NULL,
  `section_id` int(11) DEFAULT NULL,
  `session_id` int(11) DEFAULT NULL,
  `class_id` int(11) DEFAULT NULL,
  `student_admission_number` varchar(255) DEFAULT NULL,
  `school_bank` varchar(255) DEFAULT NULL,
  `school_bank_account` varchar(255) DEFAULT NULL,
  PRIMARY KEY (`student_fee_submission_details_id`),
  KEY `FKA1CCE42CA9B190EB` (`month_id`),
  KEY `FKA1CCE42CAA42F28B` (`section_id`),
  KEY `FKA1CCE42CF45088EB` (`session_id`),
  KEY `FKA1CCE42C67C2729C` (`class_id`),
  KEY `FKA1CCE42C1B690E8A` (`student_admission_number`)
) ENGINE=InnoDB AUTO_INCREMENT=2 DEFAULT CHARSET=latin1;

/*Data for the table `student_fee_submission_details` */

insert  into `student_fee_submission_details`(`student_fee_submission_details_id`,`bank_name`,`cheque_no`,`common_reciept_no`,`fee_paid_date`,`fee_paid_status`,`gross_amount`,`l_f_no`,`paid_amount`,`paid_amount_in_word`,`paid_by`,`reciept_no`,`month_id`,`section_id`,`session_id`,`class_id`,`student_admission_number`,`school_bank`,`school_bank_account`) values (1,NULL,NULL,1,'2015-09-08','completed',0,0,5100,'Five Thousand One Hundred ','cash',50501,1,1,1,1,'8130',NULL,NULL);

/*Table structure for table `student_fine` */

DROP TABLE IF EXISTS `student_fine`;

CREATE TABLE `student_fine` (
  `student_fine_id` int(11) NOT NULL AUTO_INCREMENT,
  `created_at` datetime DEFAULT NULL,
  `fine_amount` varchar(255) DEFAULT NULL,
  `fine_name` varchar(255) DEFAULT NULL,
  `from_date` datetime DEFAULT NULL,
  `last_date` datetime DEFAULT NULL,
  `is_paid` tinyint(1) DEFAULT NULL,
  `to_date` datetime DEFAULT NULL,
  `updated_at` datetime DEFAULT NULL,
  `section_id` int(11) DEFAULT NULL,
  `class_id` int(11) DEFAULT NULL,
  `student_fee_sub_detail_id` int(11) DEFAULT NULL,
  `student_id` varchar(255) DEFAULT NULL,
  PRIMARY KEY (`student_fine_id`),
  KEY `FKFEDB593EAA42F28B` (`section_id`),
  KEY `FKFEDB593E67C2729C` (`class_id`),
  KEY `FKFEDB593EC5468449` (`student_fee_sub_detail_id`),
  KEY `FKFEDB593E759AFE66` (`student_id`),
  CONSTRAINT `FKFEDB593E67C2729C` FOREIGN KEY (`class_id`) REFERENCES `class` (`class_id`),
  CONSTRAINT `FKFEDB593E759AFE66` FOREIGN KEY (`student_id`) REFERENCES `students` (`student_admission_number`),
  CONSTRAINT `FKFEDB593EAA42F28B` FOREIGN KEY (`section_id`) REFERENCES `section` (`section_id`),
  CONSTRAINT `FKFEDB593EC5468449` FOREIGN KEY (`student_fee_sub_detail_id`) REFERENCES `student_fee_submission_details` (`student_fee_submission_details_id`)
) ENGINE=InnoDB AUTO_INCREMENT=2 DEFAULT CHARSET=latin1;

/*Data for the table `student_fine` */

insert  into `student_fine`(`student_fine_id`,`created_at`,`fine_amount`,`fine_name`,`from_date`,`last_date`,`is_paid`,`to_date`,`updated_at`,`section_id`,`class_id`,`student_fee_sub_detail_id`,`student_id`) values (1,'2015-09-08 11:44:37','100','Fine',NULL,NULL,1,NULL,NULL,1,1,1,'8130');

/*Table structure for table `student_transfer` */

DROP TABLE IF EXISTS `student_transfer`;

CREATE TABLE `student_transfer` (
  `transfer_id` int(11) NOT NULL AUTO_INCREMENT,
  `student_id` varchar(50) DEFAULT NULL,
  `date_of_transfer` date DEFAULT NULL,
  `reason` varchar(50) DEFAULT NULL,
  `moral` varchar(50) DEFAULT NULL,
  `behavior` varchar(50) DEFAULT NULL,
  `progress` varchar(50) DEFAULT NULL,
  `is_active` tinyint(1) DEFAULT NULL,
  `class_in_word` varchar(255) DEFAULT NULL,
  `conduct` varchar(255) DEFAULT NULL,
  `date_of_withdrawl` datetime DEFAULT NULL,
  `in_word_dob` varchar(255) DEFAULT NULL,
  `newclass_inword` varchar(255) DEFAULT NULL,
  `new_class` varchar(255) DEFAULT NULL,
  `religion_caste` varchar(255) DEFAULT NULL,
  `result` varchar(255) DEFAULT NULL,
  PRIMARY KEY (`transfer_id`),
  KEY `FK77DEB96F759AFE66` (`student_id`),
  CONSTRAINT `FK77DEB96F759AFE66` FOREIGN KEY (`student_id`) REFERENCES `students` (`student_admission_number`)
) ENGINE=InnoDB AUTO_INCREMENT=3 DEFAULT CHARSET=latin1;

/*Data for the table `student_transfer` */

insert  into `student_transfer`(`transfer_id`,`student_id`,`date_of_transfer`,`reason`,`moral`,`behavior`,`progress`,`is_active`,`class_in_word`,`conduct`,`date_of_withdrawl`,`in_word_dob`,`newclass_inword`,`new_class`,`religion_caste`,`result`) values (1,'8132',NULL,NULL,NULL,NULL,NULL,1,'sdfgsd','sdfgsdf','2015-09-11 00:00:00','sdfgsdg','gsdfgsdf','sdgsdf','dgfsdfsdfg','sdfgsdfgsd'),(2,'8131',NULL,NULL,NULL,NULL,NULL,1,'asdfasd','asdfa','2015-09-11 00:00:00','sdfgsdg','asdf','asdfa','dsfasdf','asdfas');

/*Table structure for table `student_wise_fee` */

DROP TABLE IF EXISTS `student_wise_fee`;

CREATE TABLE `student_wise_fee` (
  `student_wise_fee_id` int(11) NOT NULL AUTO_INCREMENT,
  `is_active` tinyint(1) DEFAULT NULL,
  `fee_amount` double DEFAULT NULL,
  `class_id` int(11) DEFAULT NULL,
  `category_id` int(11) DEFAULT NULL,
  `month_id` int(11) DEFAULT NULL,
  `section_id` int(11) DEFAULT NULL,
  `session_id` int(11) DEFAULT NULL,
  `student_id` varchar(255) DEFAULT NULL,
  PRIMARY KEY (`student_wise_fee_id`),
  KEY `FKF1997AEF67C2729C` (`class_id`),
  KEY `FKF1997AEF6C169794` (`category_id`),
  KEY `FKF1997AEFA9B190EB` (`month_id`),
  KEY `FKF1997AEFAA42F28B` (`section_id`),
  KEY `FKF1997AEFF45088EB` (`session_id`),
  KEY `FKF1997AEF759AFE66` (`student_id`)
) ENGINE=InnoDB AUTO_INCREMENT=5 DEFAULT CHARSET=latin1;

/*Data for the table `student_wise_fee` */

insert  into `student_wise_fee`(`student_wise_fee_id`,`is_active`,`fee_amount`,`class_id`,`category_id`,`month_id`,`section_id`,`session_id`,`student_id`) values (1,1,150,5,13,3,6,1,'2881'),(2,1,600,1,13,3,1,1,'8131'),(3,1,0,1,15,3,1,1,'8130'),(4,1,1000,1,13,2,1,1,'8130');

/*Table structure for table `students` */

DROP TABLE IF EXISTS `students`;

CREATE TABLE `students` (
  `student_admission_number` varchar(255) NOT NULL,
  `is_active` tinyint(1) DEFAULT NULL,
  `address_line1` varchar(255) DEFAULT NULL,
  `address_line2` varchar(255) DEFAULT NULL,
  `admission_date` date DEFAULT NULL,
  `date_of_cancellation` date DEFAULT NULL,
  `created_at` date DEFAULT NULL,
  `date_of_birth` date DEFAULT NULL,
  `email` varchar(255) DEFAULT NULL,
  `father_name` varchar(255) DEFAULT NULL,
  `first_name` varchar(255) DEFAULT NULL,
  `gender` varchar(255) DEFAULT NULL,
  `guardian_name` varchar(255) DEFAULT NULL,
  `last_name` varchar(255) DEFAULT NULL,
  `lf_no` int(11) DEFAULT NULL,
  `middle_name` varchar(255) DEFAULT NULL,
  `mobile` varchar(255) DEFAULT NULL,
  `mother_name` varchar(255) DEFAULT NULL,
  `nationality` varchar(255) DEFAULT NULL,
  `password` varchar(255) DEFAULT NULL,
  `phone` varchar(255) DEFAULT NULL,
  `photo1_file_name` varchar(255) DEFAULT NULL,
  `photo2_file_name` varchar(255) DEFAULT NULL,
  `photo3_file_name` varchar(255) DEFAULT NULL,
  `photo_file_name` varchar(255) DEFAULT NULL,
  `physically_challenged` varchar(255) DEFAULT NULL,
  `pin_code` varchar(255) DEFAULT NULL,
  `religion` varchar(255) DEFAULT NULL,
  `roll_no` int(11) DEFAULT NULL,
  `student_id` varchar(255) DEFAULT NULL,
  `updated_at` datetime DEFAULT NULL,
  `city_id` int(11) DEFAULT NULL,
  `class_id` int(11) DEFAULT NULL,
  `country_id` int(11) DEFAULT NULL,
  `section_id` int(11) DEFAULT NULL,
  `session_id` int(11) DEFAULT NULL,
  `state_id` int(11) DEFAULT NULL,
  `student_categories_id` int(11) DEFAULT NULL,
  `user_id` int(11) DEFAULT NULL,
  `school_address` varchar(255) DEFAULT NULL,
  `school_name` varchar(255) DEFAULT NULL,
  `school_phone` varchar(255) DEFAULT NULL,
  `unique_id` int(11) DEFAULT NULL,
  `sr_no` varchar(255) DEFAULT NULL,
  `admitclass_id` int(11) DEFAULT NULL,
  `transfer` varchar(255) DEFAULT NULL,
  PRIMARY KEY (`student_admission_number`),
  KEY `FK6FD1C59876F31C89` (`city_id`),
  KEY `FK6FD1C59867C2729C` (`class_id`),
  KEY `FK6FD1C598176468EB` (`country_id`),
  KEY `FK6FD1C598AA42F28B` (`section_id`),
  KEY `FK6FD1C598F45088EB` (`session_id`),
  KEY `FK6FD1C598B9E0B4B` (`state_id`),
  KEY `FK6FD1C59812635564` (`student_categories_id`),
  KEY `FK6FD1C5983F658089` (`user_id`),
  KEY `FK6FD1C5988F4E50F1` (`admitclass_id`)
) ENGINE=InnoDB DEFAULT CHARSET=latin1;

/*Data for the table `students` */

insert  into `students`(`student_admission_number`,`is_active`,`address_line1`,`address_line2`,`admission_date`,`date_of_cancellation`,`created_at`,`date_of_birth`,`email`,`father_name`,`first_name`,`gender`,`guardian_name`,`last_name`,`lf_no`,`middle_name`,`mobile`,`mother_name`,`nationality`,`password`,`phone`,`photo1_file_name`,`photo2_file_name`,`photo3_file_name`,`photo_file_name`,`physically_challenged`,`pin_code`,`religion`,`roll_no`,`student_id`,`updated_at`,`city_id`,`class_id`,`country_id`,`section_id`,`session_id`,`state_id`,`student_categories_id`,`user_id`,`school_address`,`school_name`,`school_phone`,`unique_id`,`sr_no`,`admitclass_id`,`transfer`) values ('10',1,'Sadullapur',NULL,'2015-08-04',NULL,NULL,'2015-08-04',NULL,'Anand','Abhilasha',NULL,NULL,'',10,'','','Shashi',NULL,NULL,NULL,NULL,NULL,NULL,NULL,NULL,NULL,NULL,10,'10',NULL,NULL,18,NULL,34,1,NULL,NULL,NULL,NULL,NULL,NULL,10,NULL,NULL,'No'),('1002',1,'Sadopur',NULL,'2015-08-04',NULL,NULL,'2015-08-04',NULL,'Jitendra','Harsh',NULL,NULL,'',1002,'','','Poonam',NULL,NULL,NULL,NULL,NULL,NULL,NULL,NULL,NULL,NULL,1002,'1002',NULL,NULL,11,NULL,22,1,NULL,NULL,NULL,NULL,NULL,NULL,1002,NULL,NULL,'No'),('1007',1,'Bishnouli',NULL,'2015-08-04',NULL,NULL,'2015-08-04',NULL,'Sanjeev','Kunal',NULL,NULL,'',1007,'','','Manju',NULL,NULL,NULL,NULL,NULL,NULL,NULL,NULL,NULL,NULL,1007,'1007',NULL,NULL,11,NULL,22,1,NULL,NULL,NULL,NULL,NULL,NULL,1007,NULL,NULL,'No'),('101',1,'Jaansiwana',NULL,'2015-08-04',NULL,NULL,'2015-08-04',NULL,'Premnath','Akansha',NULL,NULL,'',101,'','','Premlata',NULL,NULL,NULL,NULL,NULL,NULL,NULL,NULL,NULL,NULL,101,'101',NULL,NULL,20,NULL,35,1,NULL,NULL,NULL,NULL,NULL,NULL,101,NULL,NULL,'No'),('1010',1,'Dairy Maccha',NULL,'2015-08-04',NULL,NULL,'2015-08-04',NULL,'Ajay Sharma','Abhishek Sharma',NULL,NULL,'',1010,'','','Geeta Sharma',NULL,NULL,NULL,NULL,NULL,NULL,NULL,NULL,NULL,NULL,1010,'1010',NULL,NULL,11,NULL,21,1,NULL,NULL,NULL,NULL,NULL,NULL,1010,NULL,NULL,'No'),('1014',1,'Badalpur',NULL,'2015-08-04',NULL,NULL,'2015-08-04',NULL,'Mohd. Firoj','Bilal',NULL,NULL,'',1014,'','','Afrof',NULL,NULL,NULL,NULL,NULL,NULL,NULL,NULL,NULL,NULL,1014,'1014',NULL,NULL,11,NULL,21,1,NULL,NULL,NULL,NULL,NULL,NULL,1014,NULL,NULL,'No'),('1021',1,'Kurikhera',NULL,'2015-08-04',NULL,NULL,'2015-08-04',NULL,'Vinod','Lovish',NULL,NULL,'',1021,'','','Suman',NULL,NULL,NULL,NULL,NULL,NULL,NULL,NULL,NULL,NULL,1021,'1021',NULL,NULL,11,NULL,22,1,NULL,NULL,NULL,NULL,NULL,NULL,1021,NULL,NULL,'No'),('1022',1,'Achheja',NULL,'2015-08-04',NULL,NULL,'2015-08-04',NULL,'Pramod','Tushar',NULL,NULL,'',1022,'','','Archana',NULL,NULL,NULL,NULL,NULL,NULL,NULL,NULL,NULL,NULL,1022,'1022',NULL,NULL,11,NULL,22,1,NULL,NULL,NULL,NULL,NULL,NULL,1022,NULL,NULL,'No'),('1026',1,'Dujana',NULL,'2015-08-04',NULL,NULL,'2015-08-04',NULL,'Sunil Kumar','Riya Nagar',NULL,NULL,'',1026,'','','Pushpa Nagar',NULL,NULL,NULL,NULL,NULL,NULL,NULL,NULL,NULL,NULL,1026,'1026',NULL,NULL,12,NULL,25,1,NULL,NULL,NULL,NULL,NULL,NULL,1026,NULL,NULL,'No'),('1027',1,'Dhoom Manikpur',NULL,'2015-08-04',NULL,NULL,'2015-08-04',NULL,'Dinesh Kumar','Pankaj Kumar',NULL,NULL,'',1027,'','','Shashi',NULL,NULL,NULL,NULL,NULL,NULL,NULL,NULL,NULL,NULL,1027,'1027',NULL,NULL,20,NULL,36,1,NULL,NULL,NULL,NULL,NULL,NULL,1027,NULL,NULL,'No'),('1028',1,'D.m',NULL,'2015-08-04',NULL,NULL,'2015-08-04',NULL,'Padam Singh','Anjali',NULL,NULL,'',1028,'','','Resham',NULL,NULL,NULL,NULL,NULL,NULL,NULL,NULL,NULL,NULL,1028,'1028',NULL,NULL,11,NULL,21,1,NULL,NULL,NULL,NULL,NULL,NULL,1028,NULL,NULL,'No'),('1031',1,'Sunpura',NULL,'2015-08-04',NULL,NULL,'2015-08-04',NULL,'Ravindra','Lakshay',NULL,NULL,'',1031,'','','Munesh',NULL,NULL,NULL,NULL,NULL,NULL,NULL,NULL,NULL,NULL,1031,'1031',NULL,NULL,11,NULL,22,1,NULL,NULL,NULL,NULL,NULL,NULL,1031,NULL,NULL,'No'),('1032',1,'Sadopur',NULL,'2015-08-04',NULL,NULL,'2015-08-04',NULL,'Karanpal','Vinit',NULL,NULL,'',1032,'','','Kamlesh',NULL,NULL,NULL,NULL,NULL,NULL,NULL,NULL,NULL,NULL,1032,'1032',NULL,NULL,11,NULL,22,1,NULL,NULL,NULL,NULL,NULL,NULL,1032,NULL,NULL,'No'),('1034',1,'Bishnuli',NULL,'2015-08-04',NULL,NULL,'2015-08-04',NULL,'Anil Rousa','Avnish Rousa',NULL,NULL,'',1034,'','','Geeta Rousa',NULL,NULL,NULL,NULL,NULL,NULL,NULL,NULL,NULL,NULL,1034,'1034',NULL,NULL,11,NULL,21,1,NULL,NULL,NULL,NULL,NULL,NULL,1034,NULL,NULL,'No'),('1039',1,'Dujana',NULL,'2015-08-04',NULL,NULL,'2015-08-04',NULL,'Haridutt','Adarsh Nagar',NULL,NULL,'',1039,'','','Rushana',NULL,NULL,NULL,NULL,NULL,NULL,NULL,NULL,NULL,NULL,1039,'1039',NULL,NULL,11,NULL,21,1,NULL,NULL,NULL,NULL,NULL,NULL,1039,NULL,NULL,'No'),('1045',1,'dhoom manikpur',NULL,'2015-08-04',NULL,NULL,'2015-08-04',NULL,'Dinesh','Lokesh',NULL,NULL,'',1045,'','','Shashi',NULL,NULL,NULL,NULL,NULL,NULL,NULL,NULL,NULL,NULL,1045,'1045',NULL,NULL,15,NULL,32,1,NULL,NULL,NULL,NULL,NULL,NULL,1045,NULL,NULL,'No'),('1046',1,'K.D. Pura',NULL,'2015-08-04',NULL,NULL,'2015-08-04',NULL,'Davendra','Komal',NULL,NULL,'',1046,'','','Manju',NULL,NULL,NULL,NULL,NULL,NULL,NULL,NULL,NULL,NULL,1046,'1046',NULL,NULL,11,NULL,21,1,NULL,NULL,NULL,NULL,NULL,NULL,1046,NULL,NULL,'No'),('1047',1,'Accheja',NULL,'2015-08-04',NULL,NULL,'2015-08-04',NULL,'Ram Bharose','Aarush Sharma',NULL,NULL,'',1047,'','','Vimlesh Devi',NULL,NULL,NULL,NULL,NULL,NULL,NULL,NULL,NULL,NULL,1047,'1047',NULL,NULL,20,NULL,36,1,NULL,NULL,NULL,NULL,NULL,NULL,1047,NULL,NULL,'No'),('1048',1,'Dairy Maccha',NULL,'2015-08-04',NULL,NULL,'2015-08-04',NULL,'Sukhveer','Ashu Nagar',NULL,NULL,'',1048,'','','Suman',NULL,NULL,NULL,NULL,NULL,NULL,NULL,NULL,NULL,NULL,1048,'1048',NULL,NULL,11,NULL,22,1,NULL,NULL,NULL,NULL,NULL,NULL,1048,NULL,NULL,'No'),('1053',1,'Dadri',NULL,'2015-08-04',NULL,NULL,'2015-08-04',NULL,'Naresh Shisodia','Aman Shisodia',NULL,NULL,'',1053,'','','Hemlata Shisodia',NULL,NULL,NULL,NULL,NULL,NULL,NULL,NULL,NULL,NULL,1053,'1053',NULL,NULL,11,NULL,21,1,NULL,NULL,NULL,NULL,NULL,NULL,1053,NULL,NULL,'No'),('1058',1,'Dairy MAccha',NULL,'2015-08-04',NULL,NULL,'2015-08-04',NULL,'Bijendra','Siddhath',NULL,NULL,'',1058,'','','Sunita',NULL,NULL,NULL,NULL,NULL,NULL,NULL,NULL,NULL,NULL,1058,'1058',NULL,NULL,11,NULL,22,1,NULL,NULL,NULL,NULL,NULL,NULL,1058,NULL,NULL,'No'),('1061',1,'Sadopur',NULL,'2015-08-04',NULL,NULL,'2015-08-04',NULL,'Hariom Panchal','Ritik Panchal',NULL,NULL,'',1061,'','','Jagresh Panchal',NULL,NULL,NULL,NULL,NULL,NULL,NULL,NULL,NULL,NULL,1061,'1061',NULL,NULL,11,NULL,21,1,NULL,NULL,NULL,NULL,NULL,NULL,1061,NULL,NULL,'No'),('1063',1,'Bishnouli',NULL,'2015-08-04',NULL,NULL,'2015-08-04',NULL,'Praveen','Lokesh',NULL,NULL,'',1063,'','','Rajesh',NULL,NULL,NULL,NULL,NULL,NULL,NULL,NULL,NULL,NULL,1063,'1063',NULL,NULL,11,NULL,22,1,NULL,NULL,NULL,NULL,NULL,NULL,1063,NULL,NULL,'No'),('1068',1,'Achheja',NULL,'2015-08-04',NULL,NULL,'2015-08-04',NULL,'Rakesh Mrothya','Shivani Mrothya',NULL,NULL,'',1068,'','','Anita Mrothya',NULL,NULL,NULL,NULL,NULL,NULL,NULL,NULL,NULL,NULL,1068,'1068',NULL,NULL,11,NULL,21,1,NULL,NULL,NULL,NULL,NULL,NULL,1068,NULL,NULL,'No'),('1069',1,'Sadopur',NULL,'2015-08-04',NULL,NULL,'2015-08-04',NULL,'Ishwar Singh','Prince Baisoya',NULL,NULL,'',1069,'','','Devendari',NULL,NULL,NULL,NULL,NULL,NULL,NULL,NULL,NULL,NULL,1069,'1069',NULL,NULL,20,NULL,36,1,NULL,NULL,NULL,NULL,NULL,NULL,1069,NULL,NULL,'No'),('1072',1,'Dujana',NULL,'2015-08-04',NULL,NULL,'2015-08-04',NULL,'Dalveer Singh','Krishna',NULL,NULL,'',1072,'','','Mitlesh Devi',NULL,NULL,NULL,NULL,NULL,NULL,NULL,NULL,NULL,NULL,1072,'1072',NULL,NULL,18,NULL,34,1,NULL,NULL,NULL,NULL,NULL,NULL,1072,NULL,NULL,'No'),('1075',1,'Dairy Maccha',NULL,'2015-08-04',NULL,NULL,'2015-08-04',NULL,'Vinod','Rupal',NULL,NULL,'',1075,'','','Savita',NULL,NULL,NULL,NULL,NULL,NULL,NULL,NULL,NULL,NULL,1075,'1075',NULL,NULL,11,NULL,21,1,NULL,NULL,NULL,NULL,NULL,NULL,1075,NULL,NULL,'No'),('1084',1,'Baidpur',NULL,'2015-08-04',NULL,NULL,'2015-08-04',NULL,'Sanjay Sharma','Vidhi Sharma',NULL,NULL,'',1084,'','','Mamta Sharma',NULL,NULL,NULL,NULL,NULL,NULL,NULL,NULL,NULL,NULL,1084,'1084',NULL,NULL,12,NULL,25,1,NULL,NULL,NULL,NULL,NULL,NULL,1084,NULL,NULL,'No'),('1085',1,'Dadri',NULL,'2015-08-04',NULL,NULL,'2015-08-04',NULL,'Virendra','Ishu Nagar',NULL,NULL,'',1085,'','','Suman',NULL,NULL,NULL,NULL,NULL,NULL,NULL,NULL,NULL,NULL,1085,'1085',NULL,NULL,11,NULL,22,1,NULL,NULL,NULL,NULL,NULL,NULL,1085,NULL,NULL,'No'),('1092',1,'Jaansiwana',NULL,'2015-08-04',NULL,NULL,'2015-08-04',NULL,'Jai Prakash Khari','Himanshu Khari',NULL,NULL,'',1092,'','','Seema Khari',NULL,NULL,NULL,NULL,NULL,NULL,NULL,NULL,NULL,NULL,1092,'1092',NULL,NULL,11,NULL,21,1,NULL,NULL,NULL,NULL,NULL,NULL,1092,NULL,NULL,'No'),('1095',1,'Ghaziabad',NULL,'2015-08-04',NULL,NULL,'2015-08-04',NULL,'Riyaz','Sameer',NULL,NULL,'',1095,'','','Manisha',NULL,NULL,NULL,NULL,NULL,NULL,NULL,NULL,NULL,NULL,1095,'1095',NULL,NULL,11,NULL,21,1,NULL,NULL,NULL,NULL,NULL,NULL,1095,NULL,NULL,'No'),('1096',1,'Accheja',NULL,'2015-08-04',NULL,NULL,'2015-08-04',NULL,'Rakesh Morthya','Anjali Mrothya',NULL,NULL,'',1096,'','','Anita Morthya',NULL,NULL,NULL,NULL,NULL,NULL,NULL,NULL,NULL,NULL,1096,'1096',NULL,NULL,11,NULL,21,1,NULL,NULL,NULL,NULL,NULL,NULL,1096,NULL,NULL,'No'),('110',1,'Dhoom Manikpur',NULL,'2015-08-04',NULL,NULL,'2015-08-04',NULL,'Ajay Rawal','Pushpender Rawal',NULL,NULL,'',110,'','','Manju Rawal',NULL,NULL,NULL,NULL,NULL,NULL,NULL,NULL,NULL,NULL,110,'110',NULL,NULL,21,NULL,37,1,NULL,NULL,NULL,NULL,NULL,NULL,110,NULL,NULL,'No'),('1105',1,'Dairy Maccha',NULL,'2015-08-04',NULL,NULL,'2015-08-04',NULL,'Sunder','Akash',NULL,NULL,'',1105,'','','Tara',NULL,NULL,NULL,NULL,NULL,NULL,NULL,NULL,NULL,NULL,1105,'1105',NULL,NULL,11,NULL,21,1,NULL,NULL,NULL,NULL,NULL,NULL,1105,NULL,NULL,'No'),('1107',1,'Dairy MAccha',NULL,'2015-08-04',NULL,NULL,'2015-08-04',NULL,'Sanjay Sg. Nagar','Ankur Nagar',NULL,NULL,'',1107,'','','Suman',NULL,NULL,NULL,NULL,NULL,NULL,NULL,NULL,NULL,NULL,1107,'1107',NULL,NULL,20,NULL,35,1,NULL,NULL,NULL,NULL,NULL,NULL,1107,NULL,NULL,'No'),('1109',1,'Sadullapur',NULL,'2015-08-04',NULL,NULL,'2015-08-04',NULL,'Mukesh Kumar','Darshan Nagar',NULL,NULL,'',1109,'','','Sunita',NULL,NULL,NULL,NULL,NULL,NULL,NULL,NULL,NULL,NULL,1109,'1109',NULL,NULL,13,NULL,26,1,NULL,NULL,NULL,NULL,NULL,NULL,1109,NULL,NULL,'No'),('1110',1,'Accheja',NULL,'2015-08-04',NULL,NULL,'2015-08-04',NULL,'Titu','Gaurav',NULL,NULL,'',1110,'','','Krishna',NULL,NULL,NULL,NULL,NULL,NULL,NULL,NULL,NULL,NULL,1110,'1110',NULL,NULL,11,NULL,21,1,NULL,NULL,NULL,NULL,NULL,NULL,1110,NULL,NULL,'No'),('1114',1,'Dairy MAccha',NULL,'2015-08-04',NULL,NULL,'2015-08-04',NULL,'Manoj Nagar','Pawan Nagar',NULL,NULL,'',1114,'','','Reetu Nagar',NULL,NULL,NULL,NULL,NULL,NULL,NULL,NULL,NULL,NULL,1114,'1114',NULL,NULL,11,NULL,21,1,NULL,NULL,NULL,NULL,NULL,NULL,1114,NULL,NULL,'No'),('1136',1,'Badalpur',NULL,'2015-08-04',NULL,NULL,'2015-08-04',NULL,'Dinesh Nagar','Naina Nagar',NULL,NULL,'',1136,'','','Saroj Nagar',NULL,NULL,NULL,NULL,NULL,NULL,NULL,NULL,NULL,NULL,1136,'1136',NULL,NULL,11,NULL,21,1,NULL,NULL,NULL,NULL,NULL,NULL,1136,NULL,NULL,'No'),('1137',1,'Sadopur',NULL,'2015-08-04',NULL,NULL,'2015-08-04',NULL,'Surender Kr. Sharma','Kanika Sharma',NULL,NULL,'',1137,'','','Kavita Sharma',NULL,NULL,NULL,NULL,NULL,NULL,NULL,NULL,NULL,NULL,1137,'1137',NULL,NULL,13,NULL,40,1,NULL,NULL,NULL,NULL,NULL,NULL,1137,NULL,NULL,'No'),('1142',1,'Sadopur',NULL,'2015-08-04',NULL,NULL,'2015-08-04',NULL,'Udayveer','Shivam',NULL,NULL,'',1142,'','','Sudha',NULL,NULL,NULL,NULL,NULL,NULL,NULL,NULL,NULL,NULL,1142,'1142',NULL,NULL,11,NULL,21,1,NULL,NULL,NULL,NULL,NULL,NULL,1142,NULL,NULL,'No'),('1146',1,'Dhoom Kheda',NULL,'2015-08-04',NULL,NULL,'2015-08-04',NULL,'Jitendra','Anuj',NULL,NULL,'',1146,'','','Suman',NULL,NULL,NULL,NULL,NULL,NULL,NULL,NULL,NULL,NULL,1146,'1146',NULL,NULL,13,NULL,26,1,NULL,NULL,NULL,NULL,NULL,NULL,1146,NULL,NULL,'No'),('1155',1,'Badalpur',NULL,'2015-08-04',NULL,NULL,'2015-08-04',NULL,'Chaman Singh Nagar','Rohit Nagar',NULL,NULL,'',1155,'','','Rajwati Nagar',NULL,NULL,NULL,NULL,NULL,NULL,NULL,NULL,NULL,NULL,1155,'1155',NULL,NULL,21,NULL,37,1,NULL,NULL,NULL,NULL,NULL,NULL,1155,NULL,NULL,'No'),('1156',1,'Mahawar',NULL,'2015-08-04',NULL,NULL,'2015-08-04',NULL,'Vinod','Payal Vikal',NULL,NULL,'',1156,'','','Sudesh',NULL,NULL,NULL,NULL,NULL,NULL,NULL,NULL,NULL,NULL,1156,'1156',NULL,NULL,13,NULL,26,1,NULL,NULL,NULL,NULL,NULL,NULL,1156,NULL,NULL,'No'),('1158',1,'Mahawar',NULL,'2015-08-04',NULL,NULL,'2015-08-04',NULL,'Balveer Singh','Shantanu Vikal',NULL,NULL,'',1158,'','','Indresh Devi',NULL,NULL,NULL,NULL,NULL,NULL,NULL,NULL,NULL,NULL,1158,'1158',NULL,NULL,13,NULL,40,1,NULL,NULL,NULL,NULL,NULL,NULL,1158,NULL,NULL,'No'),('1166',1,'Sadullapur',NULL,'2015-08-04',NULL,NULL,'2015-08-04',NULL,'Narender Sg. Nagar','Vishakha Nagar',NULL,NULL,'',1166,'','','Lalita',NULL,NULL,NULL,NULL,NULL,NULL,NULL,NULL,NULL,NULL,1166,'1166',NULL,NULL,13,NULL,40,1,NULL,NULL,NULL,NULL,NULL,NULL,1166,NULL,NULL,'No'),('1167',1,'Dhoom Manikpur',NULL,'2015-08-04',NULL,NULL,'2015-08-04',NULL,'Rajbeer','Ankit',NULL,NULL,'',1167,'','','Sunita',NULL,NULL,NULL,NULL,NULL,NULL,NULL,NULL,NULL,NULL,1167,'1167',NULL,NULL,13,NULL,40,1,NULL,NULL,NULL,NULL,NULL,NULL,1167,NULL,NULL,'No'),('1174',1,'Sadopur',NULL,'2015-08-04',NULL,NULL,'2015-08-04',NULL,'Lokesh Kumar','Ankit',NULL,NULL,'',1174,'','','Rekha Devi',NULL,NULL,NULL,NULL,NULL,NULL,NULL,NULL,NULL,NULL,1174,'1174',NULL,NULL,18,NULL,33,1,NULL,NULL,NULL,NULL,NULL,NULL,1174,NULL,NULL,'No'),('1178',1,'Badalpur',NULL,'2015-08-04',NULL,NULL,'2015-08-04',NULL,'Aman','Krishna',NULL,NULL,'',1178,'','','Anita',NULL,NULL,NULL,NULL,NULL,NULL,NULL,NULL,NULL,NULL,1178,'1178',NULL,NULL,16,NULL,30,1,NULL,NULL,NULL,NULL,NULL,NULL,1178,NULL,NULL,'No'),('1179',1,'Dairy Maccha',NULL,'2015-08-04',NULL,NULL,'2015-08-04',NULL,'Sanjay','Priynashu Dagar',NULL,NULL,'',1179,'','','Seema',NULL,NULL,NULL,NULL,NULL,NULL,NULL,NULL,NULL,NULL,1179,'1179',NULL,NULL,10,NULL,20,1,NULL,NULL,NULL,NULL,NULL,NULL,1179,NULL,NULL,'No'),('1181',1,'Dairy Maccha',NULL,'2015-08-04',NULL,NULL,'2015-08-04',NULL,'Mukesh','Devrishi',NULL,NULL,'',1181,'','','Monika',NULL,NULL,NULL,NULL,NULL,NULL,NULL,NULL,NULL,NULL,1181,'1181',NULL,NULL,10,NULL,19,1,NULL,NULL,NULL,NULL,NULL,NULL,1181,NULL,NULL,'No'),('1182',1,'Bishnuli',NULL,'2015-08-04',NULL,NULL,'2015-08-04',NULL,'Shoukeen Saifi','Sheeba Saifi',NULL,NULL,'',1182,'','','Firoza Saifi',NULL,NULL,NULL,NULL,NULL,NULL,NULL,NULL,NULL,NULL,1182,'1182',NULL,NULL,20,NULL,35,1,NULL,NULL,NULL,NULL,NULL,NULL,1182,NULL,NULL,'No'),('1184',1,'Accheja',NULL,'2015-08-04',NULL,NULL,'2015-08-04',NULL,'Amar','Sourav',NULL,NULL,'',1184,'','','Saroj',NULL,NULL,NULL,NULL,NULL,NULL,NULL,NULL,NULL,NULL,1184,'1184',NULL,NULL,13,NULL,26,1,NULL,NULL,NULL,NULL,NULL,NULL,1184,NULL,NULL,'No'),('1186',1,'Accheja',NULL,'2015-08-04',NULL,NULL,'2015-08-04',NULL,'Gyanender Nagar','Neha Nagar',NULL,NULL,'',1186,'','','Sunita Nagar',NULL,NULL,NULL,NULL,NULL,NULL,NULL,NULL,NULL,NULL,1186,'1186',NULL,NULL,15,NULL,32,1,NULL,NULL,NULL,NULL,NULL,NULL,1186,NULL,NULL,'No'),('1188',1,'Dairy Maccha',NULL,'2015-08-04',NULL,NULL,'2015-08-04',NULL,'Sushil','Chirag',NULL,NULL,'',1188,'','','Ravi Devi',NULL,NULL,NULL,NULL,NULL,NULL,NULL,NULL,NULL,NULL,1188,'1188',NULL,NULL,10,NULL,19,1,NULL,NULL,NULL,NULL,NULL,NULL,1188,NULL,NULL,'No'),('1190',1,'Dairy Maccha',NULL,'2015-08-04',NULL,NULL,'2015-08-04',NULL,'Narender Kumar','Harshit',NULL,NULL,'',1190,'','','Suman Lata',NULL,NULL,NULL,NULL,NULL,NULL,NULL,NULL,NULL,NULL,1190,'1190',NULL,NULL,10,NULL,19,1,NULL,NULL,NULL,NULL,NULL,NULL,1190,NULL,NULL,'No'),('1191',1,'Accheja',NULL,'2015-08-04',NULL,NULL,'2015-08-04',NULL,'Gyan Singh','Aman Chawri',NULL,NULL,'',1191,'','','Rekha',NULL,NULL,NULL,NULL,NULL,NULL,NULL,NULL,NULL,NULL,1191,'1191',NULL,NULL,12,NULL,24,1,NULL,NULL,NULL,NULL,NULL,NULL,1191,NULL,NULL,'No'),('1195',1,'Dujana',NULL,'2015-08-04',NULL,NULL,'2015-08-04',NULL,'Pramod Singh','Keshav Singh',NULL,NULL,'',1195,'','','Munesh',NULL,NULL,NULL,NULL,NULL,NULL,NULL,NULL,NULL,NULL,1195,'1195',NULL,NULL,10,NULL,19,1,NULL,NULL,NULL,NULL,NULL,NULL,1195,NULL,NULL,'No'),('1202',1,'Sadullapur',NULL,'2015-08-04',NULL,NULL,'2015-08-04',NULL,'Narender Sg Nagar','Chanchal Nagar',NULL,NULL,'',1202,'','','Lalita',NULL,NULL,NULL,NULL,NULL,NULL,NULL,NULL,NULL,NULL,1202,'1202',NULL,NULL,10,NULL,19,1,NULL,NULL,NULL,NULL,NULL,NULL,1202,NULL,NULL,'No'),('1211',1,'Sadullapur',NULL,'2015-08-04',NULL,NULL,'2015-08-04',NULL,'Ravindra','Prerna',NULL,NULL,'',1211,'','','Pooja',NULL,NULL,NULL,NULL,NULL,NULL,NULL,NULL,NULL,NULL,1211,'1211',NULL,NULL,10,NULL,20,1,NULL,NULL,NULL,NULL,NULL,NULL,1211,NULL,NULL,'No'),('1214',1,'Achheja',NULL,'2015-08-04',NULL,NULL,'2015-08-04',NULL,'Ramnivas','Deepanshi',NULL,NULL,'',1214,'','','Makh Nagar',NULL,NULL,NULL,NULL,NULL,NULL,NULL,NULL,NULL,NULL,1214,'1214',NULL,NULL,10,NULL,20,1,NULL,NULL,NULL,NULL,NULL,NULL,1214,NULL,NULL,'No'),('1218',1,'Dairy Maccha',NULL,'2015-08-04',NULL,NULL,'2015-08-04',NULL,'Krishan','Tushar Nagar',NULL,NULL,'',1218,'','','Sandhya',NULL,NULL,NULL,NULL,NULL,NULL,NULL,NULL,NULL,NULL,1218,'1218',NULL,NULL,10,NULL,19,1,NULL,NULL,NULL,NULL,NULL,NULL,1218,NULL,NULL,'No'),('122',1,'Accheja',NULL,'2015-08-04',NULL,NULL,'2015-08-04',NULL,'Ajay Nagar','Sheetal Nagar',NULL,NULL,'',122,'','','Mamta Nagar',NULL,NULL,NULL,NULL,NULL,NULL,NULL,NULL,NULL,NULL,122,'122',NULL,NULL,13,NULL,40,1,NULL,NULL,NULL,NULL,NULL,NULL,122,NULL,NULL,'No'),('1224',1,'Jaansiwana',NULL,'2015-08-04',NULL,NULL,'2015-08-04',NULL,'Premnath','Akshat',NULL,NULL,'',1224,'','','Premlata',NULL,NULL,NULL,NULL,NULL,NULL,NULL,NULL,NULL,NULL,1224,'1224',NULL,NULL,10,NULL,19,1,NULL,NULL,NULL,NULL,NULL,NULL,1224,NULL,NULL,'No'),('1228',1,'Bishnouli',NULL,'2015-08-04',NULL,NULL,'2015-08-04',NULL,'Jitendra','Tamanna',NULL,NULL,'',1228,'','','Rakhi',NULL,NULL,NULL,NULL,NULL,NULL,NULL,NULL,NULL,NULL,1228,'1228',NULL,NULL,10,NULL,20,1,NULL,NULL,NULL,NULL,NULL,NULL,1228,NULL,NULL,'No'),('1236',1,'Accheja',NULL,'2015-08-04',NULL,NULL,'2015-08-04',NULL,'Karam Pal','Kartik Nagar',NULL,NULL,'',1236,'','','Babli',NULL,NULL,NULL,NULL,NULL,NULL,NULL,NULL,NULL,NULL,1236,'1236',NULL,NULL,13,NULL,26,1,NULL,NULL,NULL,NULL,NULL,NULL,1236,NULL,NULL,'No'),('1240',1,'Dadri',NULL,'2015-08-04',NULL,NULL,'2015-08-04',NULL,'Rajneesh Kumar','Hrtitik Kumar',NULL,NULL,'',1240,'','','Girja Devi',NULL,NULL,NULL,NULL,NULL,NULL,NULL,NULL,NULL,NULL,1240,'1240',NULL,NULL,17,NULL,31,1,NULL,NULL,NULL,NULL,NULL,NULL,1240,NULL,NULL,'No'),('1242',1,'Dhoom Khera',NULL,'2015-08-04',NULL,NULL,'2015-08-04',NULL,'Satish','Akash Nagar',NULL,NULL,'',1242,'','','Asha',NULL,NULL,NULL,NULL,NULL,NULL,NULL,NULL,NULL,NULL,1242,'1242',NULL,NULL,10,NULL,19,1,NULL,NULL,NULL,NULL,NULL,NULL,1242,NULL,NULL,'No'),('1245',1,'DAdri',NULL,'2015-08-04',NULL,NULL,'2015-08-04',NULL,'Ashok Verma','Sakshi Verma',NULL,NULL,'',1245,'','','Manorama',NULL,NULL,NULL,NULL,NULL,NULL,NULL,NULL,NULL,NULL,1245,'1245',NULL,NULL,14,NULL,27,1,NULL,NULL,NULL,NULL,NULL,NULL,1245,NULL,NULL,'No'),('1246',1,'Badalpur',NULL,'2015-08-04',NULL,NULL,'2015-08-04',NULL,'Sarjeet Singh','Rakesh Nagar',NULL,NULL,'',1246,'','','Dhola Devi',NULL,NULL,NULL,NULL,NULL,NULL,NULL,NULL,NULL,NULL,1246,'1246',NULL,NULL,20,NULL,36,1,NULL,NULL,NULL,NULL,NULL,NULL,1246,NULL,NULL,'No'),('1247',1,'Dadri',NULL,'2015-08-04',NULL,NULL,'2015-08-04',NULL,'Braham Singh','Tanu Arya',NULL,NULL,'',1247,'','','Ravita',NULL,NULL,NULL,NULL,NULL,NULL,NULL,NULL,NULL,NULL,1247,'1247',NULL,NULL,12,NULL,25,1,NULL,NULL,NULL,NULL,NULL,NULL,1247,NULL,NULL,'No'),('1249',1,'deri maccha',NULL,'2015-08-04',NULL,NULL,'2015-08-04',NULL,'Pratap','Aryan Singh',NULL,NULL,'',1249,'','','Babita',NULL,NULL,NULL,NULL,NULL,NULL,NULL,NULL,NULL,NULL,1249,'1249',NULL,NULL,10,NULL,19,1,NULL,NULL,NULL,NULL,NULL,NULL,1249,NULL,NULL,'No'),('1253',1,'Jaansiwana',NULL,'2015-08-04',NULL,NULL,'2015-08-04',NULL,'Rajesh Kr. Gurjar','Sonika Khari',NULL,NULL,'',1253,'','','Kavita',NULL,NULL,NULL,NULL,NULL,NULL,NULL,NULL,NULL,NULL,1253,'1253',NULL,NULL,13,NULL,26,1,NULL,NULL,NULL,NULL,NULL,NULL,1253,NULL,NULL,'No'),('1254',1,'Badalpur',NULL,'2015-08-04',NULL,NULL,'2015-08-04',NULL,'Surender Nagar','Abhishek Nagar',NULL,NULL,'',1254,'','','Santara Devi',NULL,NULL,NULL,NULL,NULL,NULL,NULL,NULL,NULL,NULL,1254,'1254',NULL,NULL,20,NULL,36,1,NULL,NULL,NULL,NULL,NULL,NULL,1254,NULL,NULL,'No'),('1255',1,'Sadopur',NULL,'2015-08-04',NULL,NULL,'2015-08-04',NULL,'Hariom','Shivam Panchal',NULL,NULL,'',1255,'','','Jagresh',NULL,NULL,NULL,NULL,NULL,NULL,NULL,NULL,NULL,NULL,1255,'1255',NULL,NULL,10,NULL,19,1,NULL,NULL,NULL,NULL,NULL,NULL,1255,NULL,NULL,'No'),('1258',1,'Bishnuli',NULL,'2015-08-04',NULL,NULL,'2015-08-04',NULL,'Shiv Kumar Bhati','Subey Bhati',NULL,NULL,'',1258,'','','Shakuntla Bhati',NULL,NULL,NULL,NULL,NULL,NULL,NULL,NULL,NULL,NULL,1258,'1258',NULL,NULL,20,NULL,35,1,NULL,NULL,NULL,NULL,NULL,NULL,1258,NULL,NULL,'No'),('1268',1,'Bishnuli',NULL,'2015-08-04',NULL,NULL,'2015-08-04',NULL,'Shiv Kumar Bhati','Sanjeev Bhati',NULL,NULL,'',1268,'','','Shakuntla Bhati',NULL,NULL,NULL,NULL,NULL,NULL,NULL,NULL,NULL,NULL,1268,'1268',NULL,NULL,20,NULL,35,1,NULL,NULL,NULL,NULL,NULL,NULL,1268,NULL,NULL,'No'),('1271',1,'Dairy MAccha',NULL,'2015-08-04',NULL,NULL,'2015-08-04',NULL,'Shripal','Payal',NULL,NULL,'',1271,'','','Suman',NULL,NULL,NULL,NULL,NULL,NULL,NULL,NULL,NULL,NULL,1271,'1271',NULL,NULL,20,NULL,36,1,NULL,NULL,NULL,NULL,NULL,NULL,1271,NULL,NULL,'No'),('1273',1,'Kachhera',NULL,'2015-08-04',NULL,NULL,'2015-08-04',NULL,'Ashok Nagar','Harish Nagar',NULL,NULL,'',1273,'','','Geeta',NULL,NULL,NULL,NULL,NULL,NULL,NULL,NULL,NULL,NULL,1273,'1273',NULL,NULL,15,NULL,28,1,NULL,NULL,NULL,NULL,NULL,NULL,1273,NULL,NULL,'No'),('1276',1,'Sadopur',NULL,'2015-08-04',NULL,NULL,'2015-08-04',NULL,'Surender','Hanshika',NULL,NULL,'',1276,'','','Krishna',NULL,NULL,NULL,NULL,NULL,NULL,NULL,NULL,NULL,NULL,1276,'1276',NULL,NULL,10,NULL,20,1,NULL,NULL,NULL,NULL,NULL,NULL,1276,NULL,NULL,'No'),('1277',1,'Bambawar',NULL,'2015-08-04',NULL,NULL,'2015-08-04',NULL,'Yatender Nagar','Manish Nagar',NULL,NULL,'',1277,'','','Chanderwati Nagar',NULL,NULL,NULL,NULL,NULL,NULL,NULL,NULL,NULL,NULL,1277,'1277',NULL,NULL,20,NULL,36,1,NULL,NULL,NULL,NULL,NULL,NULL,1277,NULL,NULL,'No'),('1279',1,'Bishnuli',NULL,'2015-08-04',NULL,NULL,'2015-08-04',NULL,'Pushkar','Sonam',NULL,NULL,'',1279,'','','Rekha',NULL,NULL,NULL,NULL,NULL,NULL,NULL,NULL,NULL,NULL,1279,'1279',NULL,NULL,16,NULL,30,1,NULL,NULL,NULL,NULL,NULL,NULL,1279,NULL,NULL,'No'),('1283',1,'Badalpur',NULL,'2015-08-04',NULL,NULL,'2015-08-04',NULL,'Devendra  Nagar','Manish Nagar',NULL,NULL,'',1283,'','','Suman Nagar',NULL,NULL,NULL,NULL,NULL,NULL,NULL,NULL,NULL,NULL,1283,'1283',NULL,NULL,20,NULL,35,1,NULL,NULL,NULL,NULL,NULL,NULL,1283,NULL,NULL,'No'),('1285',1,'Sadullpur',NULL,'2015-08-04',NULL,NULL,'2015-08-04',NULL,'Sunil','Harsh',NULL,NULL,'',1285,'','','Rajesh',NULL,NULL,NULL,NULL,NULL,NULL,NULL,NULL,NULL,NULL,1285,'1285',NULL,NULL,10,NULL,19,1,NULL,NULL,NULL,NULL,NULL,NULL,1285,NULL,NULL,'No'),('1287',1,'Badalpur',NULL,'2015-08-04',NULL,NULL,'2015-08-04',NULL,'Ashok Nagar','Sumit Nagar',NULL,NULL,'',1287,'','','Sarita Nagar',NULL,NULL,NULL,NULL,NULL,NULL,NULL,NULL,NULL,NULL,1287,'1287',NULL,NULL,20,NULL,35,1,NULL,NULL,NULL,NULL,NULL,NULL,1287,NULL,NULL,'No'),('1299',1,'Sadopur',NULL,'2015-08-04',NULL,NULL,'2015-08-04',NULL,'Raj Kumar Singh','Garima Singh',NULL,NULL,'',1299,'','','Satya Singh',NULL,NULL,NULL,NULL,NULL,NULL,NULL,NULL,NULL,NULL,1299,'1299',NULL,NULL,13,NULL,26,1,NULL,NULL,NULL,NULL,NULL,NULL,1299,NULL,NULL,'No'),('1305',1,'Accheja',NULL,'2015-08-04',NULL,NULL,'2015-08-04',NULL,'Karampal Nagar','Deepak Nagar',NULL,NULL,'',1305,'','','Babli Nagar',NULL,NULL,NULL,NULL,NULL,NULL,NULL,NULL,NULL,NULL,1305,'1305',NULL,NULL,20,NULL,36,1,NULL,NULL,NULL,NULL,NULL,NULL,1305,NULL,NULL,'No'),('1311',1,'Jaansiwana',NULL,'2015-08-04',NULL,NULL,'2015-08-04',NULL,'Ramkumar','Aashish',NULL,NULL,'',1311,'','','Bharamwati',NULL,NULL,NULL,NULL,NULL,NULL,NULL,NULL,NULL,NULL,1311,'1311',NULL,NULL,10,NULL,19,1,NULL,NULL,NULL,NULL,NULL,NULL,1311,NULL,NULL,'No'),('1313',1,'Bishnouli',NULL,'2015-08-04',NULL,NULL,'2015-08-04',NULL,'Jitender','Gyandeep',NULL,NULL,'',1313,'','','Rakhi',NULL,NULL,NULL,NULL,NULL,NULL,NULL,NULL,NULL,NULL,1313,'1313',NULL,NULL,10,NULL,20,1,NULL,NULL,NULL,NULL,NULL,NULL,1313,NULL,NULL,'No'),('1316',1,'Kachera',NULL,'2015-08-04',NULL,NULL,'2015-08-04',NULL,'Ajaypal Nagar','Komal Nagar',NULL,NULL,'',1316,'','','Mukesh Nagar',NULL,NULL,NULL,NULL,NULL,NULL,NULL,NULL,NULL,NULL,1316,'1316',NULL,NULL,20,NULL,36,1,NULL,NULL,NULL,NULL,NULL,NULL,1316,NULL,NULL,'No'),('1318',1,'Badalpur',NULL,'2015-08-04',NULL,NULL,'2015-08-04',NULL,'Jaipal Nagar','Prince Nagar',NULL,NULL,'',1318,'','','Bala Devi',NULL,NULL,NULL,NULL,NULL,NULL,NULL,NULL,NULL,NULL,1318,'1318',NULL,NULL,18,NULL,34,1,NULL,NULL,NULL,NULL,NULL,NULL,1318,NULL,NULL,'No'),('1321',1,'BAidpura',NULL,'2015-08-04',NULL,NULL,'2015-08-04',NULL,'Sanjay Sharma','Shivam Sharma',NULL,NULL,'',1321,'','','Mamta Sharma',NULL,NULL,NULL,NULL,NULL,NULL,NULL,NULL,NULL,NULL,1321,'1321',NULL,NULL,10,NULL,19,1,NULL,NULL,NULL,NULL,NULL,NULL,1321,NULL,NULL,'No'),('1322',1,'Kachera',NULL,'2015-08-04',NULL,NULL,'2015-08-04',NULL,'Ashok','Manish Nagar',NULL,NULL,'',1322,'','','Geeta',NULL,NULL,NULL,NULL,NULL,NULL,NULL,NULL,NULL,NULL,1322,'1322',NULL,NULL,20,NULL,36,1,NULL,NULL,NULL,NULL,NULL,NULL,1322,NULL,NULL,'No'),('1326',1,'Badalpur',NULL,'2015-08-04',NULL,NULL,'2015-08-04',NULL,'Amar Singh Nagar','Sagar Nagar',NULL,NULL,'',1326,'','','Bala Devi',NULL,NULL,NULL,NULL,NULL,NULL,NULL,NULL,NULL,NULL,1326,'1326',NULL,NULL,12,NULL,24,1,NULL,NULL,NULL,NULL,NULL,NULL,1326,NULL,NULL,'No'),('1327',1,'Dujna',NULL,'2015-08-04',NULL,NULL,'2015-08-04',NULL,'Jitender','Lalit',NULL,NULL,'',1327,'','','Manju',NULL,NULL,NULL,NULL,NULL,NULL,NULL,NULL,NULL,NULL,1327,'1327',NULL,NULL,10,NULL,19,1,NULL,NULL,NULL,NULL,NULL,NULL,1327,NULL,NULL,'No'),('1328',1,'Dhoom Khera',NULL,'2015-08-04',NULL,NULL,'2015-08-04',NULL,'Neeraj','Prince',NULL,NULL,'',1328,'','','Rukmani',NULL,NULL,NULL,NULL,NULL,NULL,NULL,NULL,NULL,NULL,1328,'1328',NULL,NULL,15,NULL,32,1,NULL,NULL,NULL,NULL,NULL,NULL,1328,NULL,NULL,'No'),('1330',1,'Bambawar',NULL,'2015-08-04',NULL,NULL,'2015-08-04',NULL,'Lekraj Sg. Nagar','Akash Nagar',NULL,NULL,'',1330,'','','Sunita Nagar',NULL,NULL,NULL,NULL,NULL,NULL,NULL,NULL,NULL,NULL,1330,'1330',NULL,NULL,20,NULL,35,1,NULL,NULL,NULL,NULL,NULL,NULL,1330,NULL,NULL,'No'),('1331',1,'Sadopur',NULL,'2015-08-04',NULL,NULL,'2015-08-04',NULL,'Sunil','Kanishq',NULL,NULL,'',1331,'','','Rajani',NULL,NULL,NULL,NULL,NULL,NULL,NULL,NULL,NULL,NULL,1331,'1331',NULL,NULL,10,NULL,19,1,NULL,NULL,NULL,NULL,NULL,NULL,1331,NULL,NULL,'No'),('1336',1,'Badalpur',NULL,'2015-08-04',NULL,NULL,'2015-08-04',NULL,'Mahipal','Shivani',NULL,NULL,'',1336,'','','Rajni',NULL,NULL,NULL,NULL,NULL,NULL,NULL,NULL,NULL,NULL,1336,'1336',NULL,NULL,13,NULL,26,1,NULL,NULL,NULL,NULL,NULL,NULL,1336,NULL,NULL,'No'),('1337',1,'Sadopur',NULL,'2015-08-04',NULL,NULL,'2015-08-04',NULL,'Anangbal','Vaibhav',NULL,NULL,'',1337,'','','Nirmala',NULL,NULL,NULL,NULL,NULL,NULL,NULL,NULL,NULL,NULL,1337,'1337',NULL,NULL,10,NULL,19,1,NULL,NULL,NULL,NULL,NULL,NULL,1337,NULL,NULL,'No'),('1338',1,'Khairpur',NULL,'2015-08-04',NULL,NULL,'2015-08-04',NULL,'Om Prakash','Anshu Khari',NULL,NULL,'',1338,'','','Sunita',NULL,NULL,NULL,NULL,NULL,NULL,NULL,NULL,NULL,NULL,1338,'1338',NULL,NULL,20,NULL,36,1,NULL,NULL,NULL,NULL,NULL,NULL,1338,NULL,NULL,'No'),('1339',1,'Dairy Skinner',NULL,'2015-08-04',NULL,NULL,'2015-08-04',NULL,'Shailesh','Arun',NULL,NULL,'',1339,'','','Sunita',NULL,NULL,NULL,NULL,NULL,NULL,NULL,NULL,NULL,NULL,1339,'1339',NULL,NULL,10,NULL,19,1,NULL,NULL,NULL,NULL,NULL,NULL,1339,NULL,NULL,'No'),('1341',1,'Sadullapur',NULL,'2015-08-04',NULL,NULL,'2015-08-04',NULL,'Anil','Priyanshu Pawar',NULL,NULL,'',1341,'','','Sunita',NULL,NULL,NULL,NULL,NULL,NULL,NULL,NULL,NULL,NULL,1341,'1341',NULL,NULL,10,NULL,19,1,NULL,NULL,NULL,NULL,NULL,NULL,1341,NULL,NULL,'No'),('1342',1,'Inayatpur',NULL,'2015-08-04',NULL,NULL,'2015-08-04',NULL,'Raj Kumar','Sumit Nagar',NULL,NULL,'',1342,'','','Balesh',NULL,NULL,NULL,NULL,NULL,NULL,NULL,NULL,NULL,NULL,1342,'1342',NULL,NULL,21,NULL,37,1,NULL,NULL,NULL,NULL,NULL,NULL,1342,NULL,NULL,'No'),('1343',1,'Dujana',NULL,'2015-08-04',NULL,NULL,'2015-08-04',NULL,'Satender Naagr','Nishant Nagar',NULL,NULL,'',1343,'','','Geeta Nagar',NULL,NULL,NULL,NULL,NULL,NULL,NULL,NULL,NULL,NULL,1343,'1343',NULL,NULL,12,NULL,25,1,NULL,NULL,NULL,NULL,NULL,NULL,1343,NULL,NULL,'No'),('1344',1,'DUjana',NULL,'2015-08-04',NULL,NULL,'2015-08-04',NULL,'Santram','Aditya',NULL,NULL,'',1344,'','','Shimla',NULL,NULL,NULL,NULL,NULL,NULL,NULL,NULL,NULL,NULL,1344,'1344',NULL,NULL,10,NULL,19,1,NULL,NULL,NULL,NULL,NULL,NULL,1344,NULL,NULL,'No'),('1351',1,'Badalpur',NULL,'2015-08-04',NULL,NULL,'2015-08-04',NULL,'Vinod Nagar','Rohan Nagar',NULL,NULL,'',1351,'','','Sangeeta Nagar',NULL,NULL,NULL,NULL,NULL,NULL,NULL,NULL,NULL,NULL,1351,'1351',NULL,NULL,10,NULL,19,1,NULL,NULL,NULL,NULL,NULL,NULL,1351,NULL,NULL,'No'),('1353',1,'Jaansiwana',NULL,'2015-08-04',NULL,NULL,'2015-08-04',NULL,'Ishwar','Dishant',NULL,NULL,'',1353,'','','Savita',NULL,NULL,NULL,NULL,NULL,NULL,NULL,NULL,NULL,NULL,1353,'1353',NULL,NULL,10,NULL,19,1,NULL,NULL,NULL,NULL,NULL,NULL,1353,NULL,NULL,'No'),('1358',1,'Badalpur',NULL,'2015-08-04',NULL,NULL,'2015-08-04',NULL,'Dinesh','Shivansh',NULL,NULL,'',1358,'','','Saroj',NULL,NULL,NULL,NULL,NULL,NULL,NULL,NULL,NULL,NULL,1358,'1358',NULL,NULL,10,NULL,19,1,NULL,NULL,NULL,NULL,NULL,NULL,1358,NULL,NULL,'No'),('1362',1,'Dadri',NULL,'2015-08-04',NULL,NULL,'2015-08-04',NULL,'Om Prakash','Divyanshu',NULL,NULL,'',1362,'','','Kiran',NULL,NULL,NULL,NULL,NULL,NULL,NULL,NULL,NULL,NULL,1362,'1362',NULL,NULL,11,NULL,22,1,NULL,NULL,NULL,NULL,NULL,NULL,1362,NULL,NULL,'No'),('1365',1,'Dadri',NULL,'2015-08-04',NULL,NULL,'2015-08-04',NULL,'Zulfikar','Aamir',NULL,NULL,'',1365,'','','Khatun',NULL,NULL,NULL,NULL,NULL,NULL,NULL,NULL,NULL,NULL,1365,'1365',NULL,NULL,10,NULL,19,1,NULL,NULL,NULL,NULL,NULL,NULL,1365,NULL,NULL,'No'),('1368',1,'Dhoom Khera',NULL,'2015-08-04',NULL,NULL,'2015-08-04',NULL,'Neeraj Kumar Sharma','Harish Sharma',NULL,NULL,'',1368,'','','Rajni',NULL,NULL,NULL,NULL,NULL,NULL,NULL,NULL,NULL,NULL,1368,'1368',NULL,NULL,12,NULL,25,1,NULL,NULL,NULL,NULL,NULL,NULL,1368,NULL,NULL,'No'),('1369',1,'Achheja',NULL,'2015-08-04',NULL,NULL,'2015-08-04',NULL,'Shadiram','Kapil',NULL,NULL,'',1369,'','','Sunita',NULL,NULL,NULL,NULL,NULL,NULL,NULL,NULL,NULL,NULL,1369,'1369',NULL,NULL,9,NULL,17,1,NULL,NULL,NULL,NULL,NULL,NULL,1369,NULL,NULL,'No'),('1371',1,'Dairy Skkiner',NULL,'2015-08-04',NULL,NULL,'2015-08-04',NULL,'Satish','Naincy',NULL,NULL,'',1371,'','','Babli',NULL,NULL,NULL,NULL,NULL,NULL,NULL,NULL,NULL,NULL,1371,'1371',NULL,NULL,10,NULL,20,1,NULL,NULL,NULL,NULL,NULL,NULL,1371,NULL,NULL,'No'),('1373',1,'Badalpur',NULL,'2015-08-04',NULL,NULL,'2015-08-04',NULL,'Vinod Nagar','Ritik Nagar',NULL,NULL,'',1373,'','','Sangeeta Nagar',NULL,NULL,NULL,NULL,NULL,NULL,NULL,NULL,NULL,NULL,1373,'1373',NULL,NULL,11,NULL,21,1,NULL,NULL,NULL,NULL,NULL,NULL,1373,NULL,NULL,'No'),('1374',1,'Khera Dharampura',NULL,'2015-08-04',NULL,NULL,'2015-08-04',NULL,'Prem Shankar Sh.','Nikhil',NULL,NULL,'',1374,'','','Santosh',NULL,NULL,NULL,NULL,NULL,NULL,NULL,NULL,NULL,NULL,1374,'1374',NULL,NULL,10,NULL,19,1,NULL,NULL,NULL,NULL,NULL,NULL,1374,NULL,NULL,'No'),('1375',1,'Jaansiwana',NULL,'2015-08-04',NULL,NULL,'2015-08-04',NULL,'Nandkishore','Ashu',NULL,NULL,'',1375,'','','Sashi',NULL,NULL,NULL,NULL,NULL,NULL,NULL,NULL,NULL,NULL,1375,'1375',NULL,NULL,10,NULL,19,1,NULL,NULL,NULL,NULL,NULL,NULL,1375,NULL,NULL,'No'),('1376',1,'Sadopur',NULL,'2015-08-04',NULL,NULL,'2015-08-04',NULL,'Radhey Shyam','Arti Baisoya',NULL,NULL,'',1376,'','','Mukesh',NULL,NULL,NULL,NULL,NULL,NULL,NULL,NULL,NULL,NULL,1376,'1376',NULL,NULL,11,NULL,21,1,NULL,NULL,NULL,NULL,NULL,NULL,1376,NULL,NULL,'No'),('1378',1,'Dhoom',NULL,'2015-08-04',NULL,NULL,'2015-08-04',NULL,'Raj Kumar','Karamveer',NULL,NULL,'',1378,'','','Satya',NULL,NULL,NULL,NULL,NULL,NULL,NULL,NULL,NULL,NULL,1378,'1378',NULL,NULL,11,NULL,22,1,NULL,NULL,NULL,NULL,NULL,NULL,1378,NULL,NULL,'No'),('1380',1,'Jaansiwana',NULL,'2015-08-04',NULL,NULL,'2015-08-04',NULL,'Rajesh Khari','Anju Khari',NULL,NULL,'',1380,'','','Kavita Khari',NULL,NULL,NULL,NULL,NULL,NULL,NULL,NULL,NULL,NULL,1380,'1380',NULL,NULL,11,NULL,21,1,NULL,NULL,NULL,NULL,NULL,NULL,1380,NULL,NULL,'No'),('1381',1,'Jaansiwana',NULL,'2015-08-04',NULL,NULL,'2015-08-04',NULL,'Pramod','Aryan Khari',NULL,NULL,'',1381,'','','Geeta',NULL,NULL,NULL,NULL,NULL,NULL,NULL,NULL,NULL,NULL,1381,'1381',NULL,NULL,10,NULL,19,1,NULL,NULL,NULL,NULL,NULL,NULL,1381,NULL,NULL,'No'),('1382',1,'Dairy Maccha',NULL,'2015-08-04',NULL,NULL,'2015-08-04',NULL,'Kishan','Abhishek Kumar',NULL,NULL,'',1382,'','','Vimla',NULL,NULL,NULL,NULL,NULL,NULL,NULL,NULL,NULL,NULL,1382,'1382',NULL,NULL,10,NULL,19,1,NULL,NULL,NULL,NULL,NULL,NULL,1382,NULL,NULL,'No'),('1384',1,'Jaansiwana',NULL,'2015-08-04',NULL,NULL,'2015-08-04',NULL,'Satish','Sahil',NULL,NULL,'',1384,'','','Kalpana',NULL,NULL,NULL,NULL,NULL,NULL,NULL,NULL,NULL,NULL,1384,'1384',NULL,NULL,10,NULL,19,1,NULL,NULL,NULL,NULL,NULL,NULL,1384,NULL,NULL,'No'),('1389',1,'Dhoom',NULL,'2015-08-04',NULL,NULL,'2015-08-04',NULL,'Raj Kujmar','Yashveer',NULL,NULL,'',1389,'','','Satya',NULL,NULL,NULL,NULL,NULL,NULL,NULL,NULL,NULL,NULL,1389,'1389',NULL,NULL,11,NULL,22,1,NULL,NULL,NULL,NULL,NULL,NULL,1389,NULL,NULL,'No'),('1390',1,'Sadullpaur',NULL,'2015-08-04',NULL,NULL,'2015-08-04',NULL,'Kishan','Manish',NULL,NULL,'',1390,'','','Babli',NULL,NULL,NULL,NULL,NULL,NULL,NULL,NULL,NULL,NULL,1390,'1390',NULL,NULL,10,NULL,19,1,NULL,NULL,NULL,NULL,NULL,NULL,1390,NULL,NULL,'No'),('1395',1,'Sadopur',NULL,'2015-08-04',NULL,NULL,'2015-08-04',NULL,'Bijender','Tanu',NULL,NULL,'',1395,'','','Kavita',NULL,NULL,NULL,NULL,NULL,NULL,NULL,NULL,NULL,NULL,1395,'1395',NULL,NULL,11,NULL,22,1,NULL,NULL,NULL,NULL,NULL,NULL,1395,NULL,NULL,'No'),('1397',1,'Sadullpaur',NULL,'2015-08-04',NULL,NULL,'2015-08-04',NULL,'Naresh','Nikhil',NULL,NULL,'',1397,'','','Bimlesh',NULL,NULL,NULL,NULL,NULL,NULL,NULL,NULL,NULL,NULL,1397,'1397',NULL,NULL,10,NULL,20,1,NULL,NULL,NULL,NULL,NULL,NULL,1397,NULL,NULL,'No'),('1399',1,'Achheja',NULL,'2015-08-04',NULL,NULL,'2015-08-04',NULL,'Amit Nagar','Yash Nagar',NULL,NULL,'',1399,'','','Manju Nagar',NULL,NULL,NULL,NULL,NULL,NULL,NULL,NULL,NULL,NULL,1399,'1399',NULL,NULL,10,NULL,20,1,NULL,NULL,NULL,NULL,NULL,NULL,1399,NULL,NULL,'No'),('1400',1,'Dairy MAccha',NULL,'2015-08-04',NULL,NULL,'2015-08-04',NULL,'Bijendra','Kuljeet',NULL,NULL,'',1400,'','','Sunita',NULL,NULL,NULL,NULL,NULL,NULL,NULL,NULL,NULL,NULL,1400,'1400',NULL,NULL,10,NULL,20,1,NULL,NULL,NULL,NULL,NULL,NULL,1400,NULL,NULL,'No'),('1404',1,'Dairy Maccha',NULL,'2015-08-04',NULL,NULL,'2015-08-04',NULL,'Rajesh','Vinay',NULL,NULL,'',1404,'','','Jag Roshni',NULL,NULL,NULL,NULL,NULL,NULL,NULL,NULL,NULL,NULL,1404,'1404',NULL,NULL,10,NULL,20,1,NULL,NULL,NULL,NULL,NULL,NULL,1404,NULL,NULL,'No'),('1408',1,'Dadri',NULL,'2015-08-04',NULL,NULL,'2015-08-04',NULL,'Farukh','Faiz',NULL,NULL,'',1408,'','','Rashida',NULL,NULL,NULL,NULL,NULL,NULL,NULL,NULL,NULL,NULL,1408,'1408',NULL,NULL,10,NULL,20,1,NULL,NULL,NULL,NULL,NULL,NULL,1408,NULL,NULL,'No'),('1411',1,'Dairy Skinner',NULL,'2015-08-04',NULL,NULL,'2015-08-04',NULL,'Jagveer','Saurabh',NULL,NULL,'',1411,'','','Suman',NULL,NULL,NULL,NULL,NULL,NULL,NULL,NULL,NULL,NULL,1411,'1411',NULL,NULL,10,NULL,19,1,NULL,NULL,NULL,NULL,NULL,NULL,1411,NULL,NULL,'No'),('1413',1,'Sadullapur',NULL,'2015-08-04',NULL,NULL,'2015-08-04',NULL,'Riyajuddin','Ronak',NULL,NULL,'',1413,'','','Anjum',NULL,NULL,NULL,NULL,NULL,NULL,NULL,NULL,NULL,NULL,1413,'1413',NULL,NULL,10,NULL,20,1,NULL,NULL,NULL,NULL,NULL,NULL,1413,NULL,NULL,'No'),('1414',1,'Saini',NULL,'2015-08-04',NULL,NULL,'2015-08-04',NULL,'Naresh','Sahil',NULL,NULL,'',1414,'','','Rajwati',NULL,NULL,NULL,NULL,NULL,NULL,NULL,NULL,NULL,NULL,1414,'1414',NULL,NULL,10,NULL,19,1,NULL,NULL,NULL,NULL,NULL,NULL,1414,NULL,NULL,'No'),('1415',1,'Sadopur',NULL,'2015-08-04',NULL,NULL,'2015-08-04',NULL,'Zuaizuddin','Azad',NULL,NULL,'',1415,'','','Samem',NULL,NULL,NULL,NULL,NULL,NULL,NULL,NULL,NULL,NULL,1415,'1415',NULL,NULL,10,NULL,19,1,NULL,NULL,NULL,NULL,NULL,NULL,1415,NULL,NULL,'No'),('1416',1,'Achheja',NULL,'2015-08-04',NULL,NULL,'2015-08-04',NULL,'Rajendra','Riya',NULL,NULL,'',1416,'','','Anjali',NULL,NULL,NULL,NULL,NULL,NULL,NULL,NULL,NULL,NULL,1416,'1416',NULL,NULL,10,NULL,20,1,NULL,NULL,NULL,NULL,NULL,NULL,1416,NULL,NULL,'No'),('1418',1,'Sadopur',NULL,'2015-08-04',NULL,NULL,'2015-08-04',NULL,'Mahesh','Yash',NULL,NULL,'',1418,'','','Babita',NULL,NULL,NULL,NULL,NULL,NULL,NULL,NULL,NULL,NULL,1418,'1418',NULL,NULL,10,NULL,20,1,NULL,NULL,NULL,NULL,NULL,NULL,1418,NULL,NULL,'No'),('1419',1,'Dujana',NULL,'2015-08-04',NULL,NULL,'2015-08-04',NULL,'Manish','Khushi',NULL,NULL,'',1419,'','','Sanju',NULL,NULL,NULL,NULL,NULL,NULL,NULL,NULL,NULL,NULL,1419,'1419',NULL,NULL,10,NULL,20,1,NULL,NULL,NULL,NULL,NULL,NULL,1419,NULL,NULL,'No'),('1420',1,'kuri khera',NULL,'2015-08-04',NULL,NULL,'2015-08-04',NULL,'Ajab Singh','Gaurav',NULL,NULL,'',1420,'','','Sunita Devi',NULL,NULL,NULL,NULL,NULL,NULL,NULL,NULL,NULL,NULL,1420,'1420',NULL,NULL,10,NULL,20,1,NULL,NULL,NULL,NULL,NULL,NULL,1420,NULL,NULL,'No'),('1421',1,'Badalpur',NULL,'2015-08-04',NULL,NULL,'2015-08-04',NULL,'Ajay Sg. Nagar','Ritik Nagar',NULL,NULL,'',1421,'','','Mamvati Devi',NULL,NULL,NULL,NULL,NULL,NULL,NULL,NULL,NULL,NULL,1421,'1421',NULL,NULL,10,NULL,19,1,NULL,NULL,NULL,NULL,NULL,NULL,1421,NULL,NULL,'No'),('1426',1,'Sadullpaur',NULL,'2015-08-04',NULL,NULL,'2015-08-04',NULL,'Inder','Neha',NULL,NULL,'',1426,'','','Manju',NULL,NULL,NULL,NULL,NULL,NULL,NULL,NULL,NULL,NULL,1426,'1426',NULL,NULL,10,NULL,20,1,NULL,NULL,NULL,NULL,NULL,NULL,1426,NULL,NULL,'No'),('1428',1,'Badalpur',NULL,'2015-08-04',NULL,NULL,'2015-08-04',NULL,'Shripal','Priyanshu',NULL,NULL,'',1428,'','','Sudha',NULL,NULL,NULL,NULL,NULL,NULL,NULL,NULL,NULL,NULL,1428,'1428',NULL,NULL,10,NULL,20,1,NULL,NULL,NULL,NULL,NULL,NULL,1428,NULL,NULL,'No'),('1429',1,'Dhoom Khera',NULL,'2015-08-04',NULL,NULL,'2015-08-04',NULL,'Satish','Vipul',NULL,NULL,'',1429,'','','Shashi',NULL,NULL,NULL,NULL,NULL,NULL,NULL,NULL,NULL,NULL,1429,'1429',NULL,NULL,10,NULL,19,1,NULL,NULL,NULL,NULL,NULL,NULL,1429,NULL,NULL,'No'),('1430',1,'Achheja',NULL,'2015-08-04',NULL,NULL,'2015-08-04',NULL,'Pramod','Gaurav',NULL,NULL,'',1430,'','','Archana',NULL,NULL,NULL,NULL,NULL,NULL,NULL,NULL,NULL,NULL,1430,'1430',NULL,NULL,10,NULL,20,1,NULL,NULL,NULL,NULL,NULL,NULL,1430,NULL,NULL,'No'),('1431',1,'Dairy MAccha',NULL,'2015-08-04',NULL,NULL,'2015-08-04',NULL,'Mukesh','Janvi',NULL,NULL,'',1431,'','','Monika',NULL,NULL,NULL,NULL,NULL,NULL,NULL,NULL,NULL,NULL,1431,'1431',NULL,NULL,10,NULL,20,1,NULL,NULL,NULL,NULL,NULL,NULL,1431,NULL,NULL,'No'),('1435',1,'Achheja',NULL,'2015-08-04',NULL,NULL,'2015-08-04',NULL,'Ram Niwas','Harshit',NULL,NULL,'',1435,'','','Santosh',NULL,NULL,NULL,NULL,NULL,NULL,NULL,NULL,NULL,NULL,1435,'1435',NULL,NULL,9,NULL,17,1,NULL,NULL,NULL,NULL,NULL,NULL,1435,NULL,NULL,'No'),('1436',1,'Accheja',NULL,'2015-08-04',NULL,NULL,'2015-08-04',NULL,'Devendra','Ritika',NULL,NULL,'',1436,'','','Geeta',NULL,NULL,NULL,NULL,NULL,NULL,NULL,NULL,NULL,NULL,1436,'1436',NULL,NULL,11,NULL,21,1,NULL,NULL,NULL,NULL,NULL,NULL,1436,NULL,NULL,'No'),('1439',1,'Dhoom Manikpur',NULL,'2015-08-04',NULL,NULL,'2015-08-04',NULL,'Om Prakash','Mansi Goutam',NULL,NULL,'',1439,'','','Roopwati',NULL,NULL,NULL,NULL,NULL,NULL,NULL,NULL,NULL,NULL,1439,'1439',NULL,NULL,13,NULL,40,1,NULL,NULL,NULL,NULL,NULL,NULL,1439,NULL,NULL,'No'),('144',1,'Sadopur Ki Jhaal',NULL,'2015-08-04',NULL,NULL,'2015-08-04',NULL,'Shyam Veer Singh','Prachi Biasoya',NULL,NULL,'',144,'','','Kavita Baisoya',NULL,NULL,NULL,NULL,NULL,NULL,NULL,NULL,NULL,NULL,144,'144',NULL,NULL,18,NULL,33,1,NULL,NULL,NULL,NULL,NULL,NULL,144,NULL,NULL,'No'),('1442',1,'Dadri',NULL,'2015-08-04',NULL,NULL,'2015-08-04',NULL,'Manoj Kumar Garg','Arpit Garg',NULL,NULL,'',1442,'','','Geeta Garg',NULL,NULL,NULL,NULL,NULL,NULL,NULL,NULL,NULL,NULL,1442,'1442',NULL,NULL,12,NULL,24,1,NULL,NULL,NULL,NULL,NULL,NULL,1442,NULL,NULL,'No'),('1444',1,'Dairy Maccha',NULL,'2015-08-04',NULL,NULL,'2015-08-04',NULL,'Richpal Singh','Ashu',NULL,NULL,'',1444,'','','Saroj Devi',NULL,NULL,NULL,NULL,NULL,NULL,NULL,NULL,NULL,NULL,1444,'1444',NULL,NULL,9,NULL,18,1,NULL,NULL,NULL,NULL,NULL,NULL,1444,NULL,NULL,'No'),('1447',1,'Baidpura',NULL,'2015-08-04',NULL,NULL,'2015-08-04',NULL,'Karamveer','Lovish',NULL,NULL,'',1447,'','','Savita',NULL,NULL,NULL,NULL,NULL,NULL,NULL,NULL,NULL,NULL,1447,'1447',NULL,NULL,9,NULL,18,1,NULL,NULL,NULL,NULL,NULL,NULL,1447,NULL,NULL,'No'),('1448',1,'Sadopur',NULL,'2015-08-04',NULL,NULL,'2015-08-04',NULL,'Anangpal','Piyush',NULL,NULL,'',1448,'','','Nirmala Devi',NULL,NULL,NULL,NULL,NULL,NULL,NULL,NULL,NULL,NULL,1448,'1448',NULL,NULL,9,NULL,38,1,NULL,NULL,NULL,NULL,NULL,NULL,1448,NULL,NULL,'No'),('145',1,'Bishnuli',NULL,'2015-08-04',NULL,NULL,'2015-08-04',NULL,'Ajay Rousa','Manisha Rousa',NULL,NULL,'',145,'','','Rachan',NULL,NULL,NULL,NULL,NULL,NULL,NULL,NULL,NULL,NULL,145,'145',NULL,NULL,15,NULL,32,1,NULL,NULL,NULL,NULL,NULL,NULL,145,NULL,NULL,'No'),('1451',1,'Dadri',NULL,'2015-08-04',NULL,NULL,'2015-08-04',NULL,'Shyam Bihari Sharma','Shivam Sharma',NULL,NULL,'',1451,'','','Mamta Sharma',NULL,NULL,NULL,NULL,NULL,NULL,NULL,NULL,NULL,NULL,1451,'1451',NULL,NULL,18,NULL,33,1,NULL,NULL,NULL,NULL,NULL,NULL,1451,NULL,NULL,'No'),('1458',1,'Khera Dharam Pura',NULL,'2015-08-04',NULL,NULL,'2015-08-04',NULL,'Sanjay Sharma','Shivank Sharma',NULL,NULL,'',1458,'','','Kusum Sharma',NULL,NULL,NULL,NULL,NULL,NULL,NULL,NULL,NULL,NULL,1458,'1458',NULL,NULL,13,NULL,26,1,NULL,NULL,NULL,NULL,NULL,NULL,1458,NULL,NULL,'No'),('1461',1,'Dairy MAccha',NULL,'2015-08-04',NULL,NULL,'2015-08-04',NULL,'Meghraj Singh','Abhishek Maurya',NULL,NULL,'',1461,'','','Lakshmi',NULL,NULL,NULL,NULL,NULL,NULL,NULL,NULL,NULL,NULL,1461,'1461',NULL,NULL,14,NULL,27,1,NULL,NULL,NULL,NULL,NULL,NULL,1461,NULL,NULL,'No'),('1463',1,'Khera Dhrampura',NULL,'2015-08-04',NULL,NULL,'2015-08-04',NULL,'Praveen','Ujjwal',NULL,NULL,'',1463,'','','Hema',NULL,NULL,NULL,NULL,NULL,NULL,NULL,NULL,NULL,NULL,1463,'1463',NULL,NULL,11,NULL,22,1,NULL,NULL,NULL,NULL,NULL,NULL,1463,NULL,NULL,'No'),('1466',1,'Kheda Dharam Pura',NULL,'2015-08-04',NULL,NULL,'2015-08-04',NULL,'Naresh Sharma','Sonali Sharma',NULL,NULL,'',1466,'','','Sudha Sharma',NULL,NULL,NULL,NULL,NULL,NULL,NULL,NULL,NULL,NULL,1466,'1466',NULL,NULL,12,NULL,25,1,NULL,NULL,NULL,NULL,NULL,NULL,1466,NULL,NULL,'No'),('1469',1,'Dujana',NULL,'2015-08-04',NULL,NULL,'2015-08-04',NULL,'Azad Singh','Ashish',NULL,NULL,'',1469,'','','Kavita',NULL,NULL,NULL,NULL,NULL,NULL,NULL,NULL,NULL,NULL,1469,'1469',NULL,NULL,18,NULL,33,1,NULL,NULL,NULL,NULL,NULL,NULL,1469,NULL,NULL,'No'),('147',1,'Baidpura',NULL,'2015-08-04',NULL,NULL,'2015-08-04',NULL,'Narayan Singh Nagar','Lavish Nagar',NULL,NULL,'',147,'','','Indresh Nagar',NULL,NULL,NULL,NULL,NULL,NULL,NULL,NULL,NULL,NULL,147,'147',NULL,NULL,13,NULL,26,1,NULL,NULL,NULL,NULL,NULL,NULL,147,NULL,NULL,'No'),('1471',1,'Sadopur',NULL,'2015-08-04',NULL,NULL,'2015-08-04',NULL,'Bijendra','Naman',NULL,NULL,'',1471,'','','Sunita',NULL,NULL,NULL,NULL,NULL,NULL,NULL,NULL,NULL,NULL,1471,'1471',NULL,NULL,9,NULL,18,1,NULL,NULL,NULL,NULL,NULL,NULL,1471,NULL,NULL,'No'),('1475',1,'Bishnouli',NULL,'2015-08-04',NULL,NULL,'2015-08-04',NULL,'Vedprakash','Sakshi',NULL,NULL,'',1475,'','','Sangeeta',NULL,NULL,NULL,NULL,NULL,NULL,NULL,NULL,NULL,NULL,1475,'1475',NULL,NULL,9,NULL,18,1,NULL,NULL,NULL,NULL,NULL,NULL,1475,NULL,NULL,'No'),('1476',1,'Achheja',NULL,'2015-08-04',NULL,NULL,'2015-08-04',NULL,'Sanjay Nagar','Aryan Nagar',NULL,NULL,'',1476,'','','Kavita Nagar',NULL,NULL,NULL,NULL,NULL,NULL,NULL,NULL,NULL,NULL,1476,'1476',NULL,NULL,10,NULL,19,1,NULL,NULL,NULL,NULL,NULL,NULL,1476,NULL,NULL,'No'),('1480',1,'Dairy Maccha',NULL,'2015-08-04',NULL,NULL,'2015-08-04',NULL,'Krishan','Adarsh',NULL,NULL,'',1480,'','','Vimla',NULL,NULL,NULL,NULL,NULL,NULL,NULL,NULL,NULL,NULL,1480,'1480',NULL,NULL,9,NULL,17,1,NULL,NULL,NULL,NULL,NULL,NULL,1480,NULL,NULL,'No'),('1489',1,'Dm',NULL,'2015-08-04',NULL,NULL,'2015-08-04',NULL,'Yogender Tomar','Kunal Tomar',NULL,NULL,'',1489,'','','Preeti Tomar',NULL,NULL,NULL,NULL,NULL,NULL,NULL,NULL,NULL,NULL,1489,'1489',NULL,NULL,11,NULL,21,1,NULL,NULL,NULL,NULL,NULL,NULL,1489,NULL,NULL,'No'),('1490',1,'Sadopur',NULL,'2015-08-04',NULL,NULL,'2015-08-04',NULL,'Dinesh','Aditya',NULL,NULL,'',1490,'','','Sangeeta',NULL,NULL,NULL,NULL,NULL,NULL,NULL,NULL,NULL,NULL,1490,'1490',NULL,NULL,9,NULL,17,1,NULL,NULL,NULL,NULL,NULL,NULL,1490,NULL,NULL,'No'),('1491',1,'Mahawar',NULL,'2015-08-04',NULL,NULL,'2015-08-04',NULL,'Vinod','Ishika',NULL,NULL,'',1491,'','','Dinesh',NULL,NULL,NULL,NULL,NULL,NULL,NULL,NULL,NULL,NULL,1491,'1491',NULL,NULL,9,NULL,17,1,NULL,NULL,NULL,NULL,NULL,NULL,1491,NULL,NULL,'No'),('1492',1,'Dairy Machhha',NULL,'2015-08-04',NULL,NULL,'2015-08-04',NULL,'Jitender','Nikhil',NULL,NULL,'',1492,'','','Raj Kumari',NULL,NULL,NULL,NULL,NULL,NULL,NULL,NULL,NULL,NULL,1492,'1492',NULL,NULL,9,NULL,38,1,NULL,NULL,NULL,NULL,NULL,NULL,1492,NULL,NULL,'No'),('1494',1,'Dujana',NULL,'2015-08-04',NULL,NULL,'2015-08-04',NULL,'Pramod Kumar','Anju Singh',NULL,NULL,'',1494,'','','Munesh Devi',NULL,NULL,NULL,NULL,NULL,NULL,NULL,NULL,NULL,NULL,1494,'1494',NULL,NULL,12,NULL,25,1,NULL,NULL,NULL,NULL,NULL,NULL,1494,NULL,NULL,'No'),('1502',1,'Achheja',NULL,'2015-08-04',NULL,NULL,'2015-08-04',NULL,'Abhay','Kashish',NULL,NULL,'',1502,'','','Kavita',NULL,NULL,NULL,NULL,NULL,NULL,NULL,NULL,NULL,NULL,1502,'1502',NULL,NULL,9,NULL,38,1,NULL,NULL,NULL,NULL,NULL,NULL,1502,NULL,NULL,'No'),('1507',1,'Sadopur',NULL,'2015-08-04',NULL,NULL,'2015-08-04',NULL,'Lokesh Samaniya','Nikita Samaniya',NULL,NULL,'',1507,'','','Rekha Samaniya',NULL,NULL,NULL,NULL,NULL,NULL,NULL,NULL,NULL,NULL,1507,'1507',NULL,NULL,13,NULL,40,1,NULL,NULL,NULL,NULL,NULL,NULL,1507,NULL,NULL,'No'),('1508',1,'Sadopur',NULL,'2015-08-04',NULL,NULL,'2015-08-04',NULL,'Rajkumar','Tanisha',NULL,NULL,'',1508,'','','Kavita',NULL,NULL,NULL,NULL,NULL,NULL,NULL,NULL,NULL,NULL,1508,'1508',NULL,NULL,15,NULL,28,1,NULL,NULL,NULL,NULL,NULL,NULL,1508,NULL,NULL,'No'),('1509',1,'Dujana',NULL,'2015-08-04',NULL,NULL,'2015-08-04',NULL,'Samarpal','Honey',NULL,NULL,'',1509,'','','Reena',NULL,NULL,NULL,NULL,NULL,NULL,NULL,NULL,NULL,NULL,1509,'1509',NULL,NULL,9,NULL,38,1,NULL,NULL,NULL,NULL,NULL,NULL,1509,NULL,NULL,'No'),('1510',1,'Dujana',NULL,'2015-08-04',NULL,NULL,'2015-08-04',NULL,'Ashok','Sagar',NULL,NULL,'',1510,'','','Seema',NULL,NULL,NULL,NULL,NULL,NULL,NULL,NULL,NULL,NULL,1510,'1510',NULL,NULL,9,NULL,38,1,NULL,NULL,NULL,NULL,NULL,NULL,1510,NULL,NULL,'No'),('1511',1,'Dairy MAccha',NULL,'2015-08-04',NULL,NULL,'2015-08-04',NULL,'Jai Prakash','Ajay Pratap',NULL,NULL,'',1511,'','','Kamla',NULL,NULL,NULL,NULL,NULL,NULL,NULL,NULL,NULL,NULL,1511,'1511',NULL,NULL,9,NULL,18,1,NULL,NULL,NULL,NULL,NULL,NULL,1511,NULL,NULL,'No'),('1512',1,'Khera',NULL,'2015-08-04',NULL,NULL,'2015-08-04',NULL,'Pradeep','Saksham',NULL,NULL,'',1512,'','','Archana',NULL,NULL,NULL,NULL,NULL,NULL,NULL,NULL,NULL,NULL,1512,'1512',NULL,NULL,10,NULL,20,1,NULL,NULL,NULL,NULL,NULL,NULL,1512,NULL,NULL,'No'),('1516',1,'Mahawar',NULL,'2015-08-04',NULL,NULL,'2015-08-04',NULL,'Vinod','Kuldeep',NULL,NULL,'',1516,'','','Sudesh',NULL,NULL,NULL,NULL,NULL,NULL,NULL,NULL,NULL,NULL,1516,'1516',NULL,NULL,9,NULL,17,1,NULL,NULL,NULL,NULL,NULL,NULL,1516,NULL,NULL,'No'),('1518',1,'Sadopur',NULL,'2015-08-04',NULL,NULL,'2015-08-04',NULL,'Mahender Sharma','Kapil Sharma',NULL,NULL,'',1518,'','','Suman Sharma',NULL,NULL,NULL,NULL,NULL,NULL,NULL,NULL,NULL,NULL,1518,'1518',NULL,NULL,11,NULL,21,1,NULL,NULL,NULL,NULL,NULL,NULL,1518,NULL,NULL,'No'),('152',1,'Badalpur',NULL,'2015-08-04',NULL,NULL,'2015-08-04',NULL,'Azad Nagar','Keshav Nagar',NULL,NULL,'',152,'','','Manju',NULL,NULL,NULL,NULL,NULL,NULL,NULL,NULL,NULL,NULL,152,'152',NULL,NULL,15,NULL,32,1,NULL,NULL,NULL,NULL,NULL,NULL,152,NULL,NULL,'No'),('1521',1,'Baidpura',NULL,'2015-08-04',NULL,NULL,'2015-08-04',NULL,'Dalchand','Varsha',NULL,NULL,'',1521,'','','Bala',NULL,NULL,NULL,NULL,NULL,NULL,NULL,NULL,NULL,NULL,1521,'1521',NULL,NULL,10,NULL,20,1,NULL,NULL,NULL,NULL,NULL,NULL,1521,NULL,NULL,'No'),('1522',1,'Sadopur',NULL,'2015-08-04',NULL,NULL,'2015-08-04',NULL,'Jaikaran','Pankaj Baisoya',NULL,NULL,'',1522,'','','Kamlesh',NULL,NULL,NULL,NULL,NULL,NULL,NULL,NULL,NULL,NULL,1522,'1522',NULL,NULL,15,NULL,32,1,NULL,NULL,NULL,NULL,NULL,NULL,1522,NULL,NULL,'No'),('1525',1,'Sadopur',NULL,'2015-08-04',NULL,NULL,'2015-08-04',NULL,'Bheem','Prashant',NULL,NULL,'',1525,'','','Vineeta',NULL,NULL,NULL,NULL,NULL,NULL,NULL,NULL,NULL,NULL,1525,'1525',NULL,NULL,9,NULL,17,1,NULL,NULL,NULL,NULL,NULL,NULL,1525,NULL,NULL,'No'),('1531',1,'Khera Dharam Pura',NULL,'2015-08-04',NULL,NULL,'2015-08-04',NULL,'Praveen Sharma','Hritik Sharma',NULL,NULL,'',1531,'','','Heema Sharma',NULL,NULL,NULL,NULL,NULL,NULL,NULL,NULL,NULL,NULL,1531,'1531',NULL,NULL,13,NULL,40,1,NULL,NULL,NULL,NULL,NULL,NULL,1531,NULL,NULL,'No'),('1535',1,'Sadopur',NULL,'2015-08-04',NULL,NULL,'2015-08-04',NULL,'Manoj','Rahul',NULL,NULL,'',1535,'','','Shimla',NULL,NULL,NULL,NULL,NULL,NULL,NULL,NULL,NULL,NULL,1535,'1535',NULL,NULL,11,NULL,22,1,NULL,NULL,NULL,NULL,NULL,NULL,1535,NULL,NULL,'No'),('1536',1,'Dairy Maccha',NULL,'2015-08-04',NULL,NULL,'2015-08-04',NULL,'Shyam Veer Nagar','Sagar Nagar',NULL,NULL,'',1536,'','','Geeta Nagar',NULL,NULL,NULL,NULL,NULL,NULL,NULL,NULL,NULL,NULL,1536,'1536',NULL,NULL,15,NULL,32,1,NULL,NULL,NULL,NULL,NULL,NULL,1536,NULL,NULL,'No'),('1539',1,'Mahawar',NULL,'2015-08-04',NULL,NULL,'2015-08-04',NULL,'Ashok','Aryan',NULL,NULL,'',1539,'','','Shankuntala',NULL,NULL,NULL,NULL,NULL,NULL,NULL,NULL,NULL,NULL,1539,'1539',NULL,NULL,9,NULL,17,1,NULL,NULL,NULL,NULL,NULL,NULL,1539,NULL,NULL,'No'),('154',1,'Dairy skinner',NULL,'2015-08-04',NULL,NULL,'2015-08-04',NULL,'Sudhir Bhati','Sagar Bhati',NULL,NULL,'',154,'','','Preeti Bhati',NULL,NULL,NULL,NULL,NULL,NULL,NULL,NULL,NULL,NULL,154,'154',NULL,NULL,18,NULL,34,1,NULL,NULL,NULL,NULL,NULL,NULL,154,NULL,NULL,'No'),('1541',1,'Jaansiana',NULL,'2015-08-04',NULL,NULL,'2015-08-04',NULL,'Jaiprakash','Priyanshu',NULL,NULL,'',1541,'','','Seema',NULL,NULL,NULL,NULL,NULL,NULL,NULL,NULL,NULL,NULL,1541,'1541',NULL,NULL,9,NULL,17,1,NULL,NULL,NULL,NULL,NULL,NULL,1541,NULL,NULL,'No'),('1545',1,'Kurikhera',NULL,'2015-08-04',NULL,NULL,'2015-08-04',NULL,'Vinod','Ateesh',NULL,NULL,'',1545,'','','Suman',NULL,NULL,NULL,NULL,NULL,NULL,NULL,NULL,NULL,NULL,1545,'1545',NULL,NULL,9,NULL,17,1,NULL,NULL,NULL,NULL,NULL,NULL,1545,NULL,NULL,'No'),('1547',1,'Dhoom Manikpur',NULL,'2015-08-04',NULL,NULL,'2015-08-04',NULL,'Yogendra Sg. Tomar','Jyoti Tomar',NULL,NULL,'',1547,'','','Preeti Tomar',NULL,NULL,NULL,NULL,NULL,NULL,NULL,NULL,NULL,NULL,1547,'1547',NULL,NULL,13,NULL,40,1,NULL,NULL,NULL,NULL,NULL,NULL,1547,NULL,NULL,'No'),('1551',1,'Jaansiwana',NULL,'2015-08-04',NULL,NULL,'2015-08-04',NULL,'Pramod','Ayush',NULL,NULL,'',1551,'','','Geeta',NULL,NULL,NULL,NULL,NULL,NULL,NULL,NULL,NULL,NULL,1551,'1551',NULL,NULL,9,NULL,17,1,NULL,NULL,NULL,NULL,NULL,NULL,1551,NULL,NULL,'No'),('1554',1,'Dujana',NULL,'2015-08-04',NULL,NULL,'2015-08-04',NULL,'Premchand','Sonam Nagar',NULL,NULL,'',1554,'','','Sunita',NULL,NULL,NULL,NULL,NULL,NULL,NULL,NULL,NULL,NULL,1554,'1554',NULL,NULL,15,NULL,32,1,NULL,NULL,NULL,NULL,NULL,NULL,1554,NULL,NULL,'No'),('1555',1,'Dairy MAccha',NULL,'2015-08-04',NULL,NULL,'2015-08-04',NULL,'Satveer Singh','Ankur Nagar',NULL,NULL,'',1555,'','','Manoj',NULL,NULL,NULL,NULL,NULL,NULL,NULL,NULL,NULL,NULL,1555,'1555',NULL,NULL,12,NULL,25,1,NULL,NULL,NULL,NULL,NULL,NULL,1555,NULL,NULL,'No'),('1557',1,'D.s',NULL,'2015-08-04',NULL,NULL,'2015-08-04',NULL,'Chatar Pal','Aditya',NULL,NULL,'',1557,'','','Surekha',NULL,NULL,NULL,NULL,NULL,NULL,NULL,NULL,NULL,NULL,1557,'1557',NULL,NULL,10,NULL,19,1,NULL,NULL,NULL,NULL,NULL,NULL,1557,NULL,NULL,'No'),('1560',1,'Dhoom',NULL,'2015-08-04',NULL,NULL,'2015-08-04',NULL,'Teekam','Priyanshu',NULL,NULL,'',1560,'','','Bobby',NULL,NULL,NULL,NULL,NULL,NULL,NULL,NULL,NULL,NULL,1560,'1560',NULL,NULL,9,NULL,38,1,NULL,NULL,NULL,NULL,NULL,NULL,1560,NULL,NULL,'No'),('1563',1,'Dujana',NULL,'2015-08-04',NULL,NULL,'2015-08-04',NULL,'Shivraj','Harsh',NULL,NULL,'',1563,'','','Madhu',NULL,NULL,NULL,NULL,NULL,NULL,NULL,NULL,NULL,NULL,1563,'1563',NULL,NULL,11,NULL,21,1,NULL,NULL,NULL,NULL,NULL,NULL,1563,NULL,NULL,'No'),('1564',1,'Dadri',NULL,'2015-08-04',NULL,NULL,'2015-08-04',NULL,'Babloo','Sohaib',NULL,NULL,'',1564,'','','Tabassum',NULL,NULL,NULL,NULL,NULL,NULL,NULL,NULL,NULL,NULL,1564,'1564',NULL,NULL,9,NULL,18,1,NULL,NULL,NULL,NULL,NULL,NULL,1564,NULL,NULL,'No'),('1576',1,'Jaansiwana',NULL,'2015-08-04',NULL,NULL,'2015-08-04',NULL,'Vijay','Subodh',NULL,NULL,'',1576,'','','Ravita',NULL,NULL,NULL,NULL,NULL,NULL,NULL,NULL,NULL,NULL,1576,'1576',NULL,NULL,12,NULL,25,1,NULL,NULL,NULL,NULL,NULL,NULL,1576,NULL,NULL,'No'),('1577',1,'Sunpura',NULL,'2015-08-04',NULL,NULL,'2015-08-04',NULL,'Surender','Yash',NULL,NULL,'',1577,'','','Mukesh',NULL,NULL,NULL,NULL,NULL,NULL,NULL,NULL,NULL,NULL,1577,'1577',NULL,NULL,9,NULL,17,1,NULL,NULL,NULL,NULL,NULL,NULL,1577,NULL,NULL,'No'),('1582',1,'Baidpura',NULL,'2015-08-04',NULL,NULL,'2015-08-04',NULL,'Dinesh','Aakash',NULL,NULL,'',1582,'','','Shobha',NULL,NULL,NULL,NULL,NULL,NULL,NULL,NULL,NULL,NULL,1582,'1582',NULL,NULL,13,NULL,40,1,NULL,NULL,NULL,NULL,NULL,NULL,1582,NULL,NULL,'No'),('1583',1,'Dujana',NULL,'2015-08-04',NULL,NULL,'2015-08-04',NULL,'Shivraj Sg.nagar','Kaushal Nagar',NULL,NULL,'',1583,'','','Madhu Nagar',NULL,NULL,NULL,NULL,NULL,NULL,NULL,NULL,NULL,NULL,1583,'1583',NULL,NULL,11,NULL,21,1,NULL,NULL,NULL,NULL,NULL,NULL,1583,NULL,NULL,'No'),('1584',1,'Dairy MAccha',NULL,'2015-08-04',NULL,NULL,'2015-08-04',NULL,'Rajesh','Himanshu',NULL,NULL,'',1584,'','','Jagroshni',NULL,NULL,NULL,NULL,NULL,NULL,NULL,NULL,NULL,NULL,1584,'1584',NULL,NULL,9,NULL,18,1,NULL,NULL,NULL,NULL,NULL,NULL,1584,NULL,NULL,'No'),('1585',1,'Saini',NULL,'2015-08-04',NULL,NULL,'2015-08-04',NULL,'Narender','Akansha',NULL,NULL,'',1585,'','','Reeta',NULL,NULL,NULL,NULL,NULL,NULL,NULL,NULL,NULL,NULL,1585,'1585',NULL,NULL,9,NULL,18,1,NULL,NULL,NULL,NULL,NULL,NULL,1585,NULL,NULL,'No'),('1586',1,'Dadri',NULL,'2015-08-04',NULL,NULL,'2015-08-04',NULL,'Bablu','Muskan',NULL,NULL,'',1586,'','','Tabassum',NULL,NULL,NULL,NULL,NULL,NULL,NULL,NULL,NULL,NULL,1586,'1586',NULL,NULL,9,NULL,18,1,NULL,NULL,NULL,NULL,NULL,NULL,1586,NULL,NULL,'No'),('1590',1,'Badalpur',NULL,'2015-08-04',NULL,NULL,'2015-08-04',NULL,'Rajendra','Hitendra',NULL,NULL,'',1590,'','','Mukesh',NULL,NULL,NULL,NULL,NULL,NULL,NULL,NULL,NULL,NULL,1590,'1590',NULL,NULL,21,NULL,37,1,NULL,NULL,NULL,NULL,NULL,NULL,1590,NULL,NULL,'No'),('1592',1,'Achheja',NULL,'2015-08-04',NULL,NULL,'2015-08-04',NULL,'Anil Kumar','Yashika Nagar',NULL,NULL,'',1592,'','','Seema',NULL,NULL,NULL,NULL,NULL,NULL,NULL,NULL,NULL,NULL,1592,'1592',NULL,NULL,9,NULL,38,1,NULL,NULL,NULL,NULL,NULL,NULL,1592,NULL,NULL,'No'),('1595',1,'Dairy Maccha',NULL,'2015-08-04',NULL,NULL,'2015-08-04',NULL,'Jairaj Singh','Parul',NULL,NULL,'',1595,'','','Dhanesh',NULL,NULL,NULL,NULL,NULL,NULL,NULL,NULL,NULL,NULL,1595,'1595',NULL,NULL,9,NULL,18,1,NULL,NULL,NULL,NULL,NULL,NULL,1595,NULL,NULL,'No'),('1598',1,'Dairy Maccha',NULL,'2015-08-04',NULL,NULL,'2015-08-04',NULL,'Arun Kumar Sharma','Suryansh Sharma',NULL,NULL,'',1598,'','','Lata',NULL,NULL,NULL,NULL,NULL,NULL,NULL,NULL,NULL,NULL,1598,'1598',NULL,NULL,9,NULL,38,1,NULL,NULL,NULL,NULL,NULL,NULL,1598,NULL,NULL,'No'),('1600',1,'Sadopur',NULL,'2015-08-04',NULL,NULL,'2015-08-04',NULL,'Madan Pal Singh','Ankit Baisoya',NULL,NULL,'',1600,'','','Munesh',NULL,NULL,NULL,NULL,NULL,NULL,NULL,NULL,NULL,NULL,1600,'1600',NULL,NULL,12,NULL,24,1,NULL,NULL,NULL,NULL,NULL,NULL,1600,NULL,NULL,'No'),('1602',1,'Dujana',NULL,'2015-08-04',NULL,NULL,'2015-08-04',NULL,'Pawan','Prachi',NULL,NULL,'',1602,'','','Babita',NULL,NULL,NULL,NULL,NULL,NULL,NULL,NULL,NULL,NULL,1602,'1602',NULL,NULL,9,NULL,38,1,NULL,NULL,NULL,NULL,NULL,NULL,1602,NULL,NULL,'No'),('1604',1,'Badalpur',NULL,'2015-08-04',NULL,NULL,'2015-08-04',NULL,'Narendra','Prince Nagar',NULL,NULL,'',1604,'','','Anita',NULL,NULL,NULL,NULL,NULL,NULL,NULL,NULL,NULL,NULL,1604,'1604',NULL,NULL,13,NULL,40,1,NULL,NULL,NULL,NULL,NULL,NULL,1604,NULL,NULL,'No'),('1607',1,'Khairpur',NULL,'2015-08-04',NULL,NULL,'2015-08-04',NULL,'Kamal','Tapesh',NULL,NULL,'',1607,'','','Neetu',NULL,NULL,NULL,NULL,NULL,NULL,NULL,NULL,NULL,NULL,1607,'1607',NULL,NULL,9,NULL,17,1,NULL,NULL,NULL,NULL,NULL,NULL,1607,NULL,NULL,'No'),('1608',1,'Kurikhera',NULL,'2015-08-04',NULL,NULL,'2015-08-04',NULL,'Narendra','Aakash',NULL,NULL,'',1608,'','','Manju',NULL,NULL,NULL,NULL,NULL,NULL,NULL,NULL,NULL,NULL,1608,'1608',NULL,NULL,9,NULL,17,1,NULL,NULL,NULL,NULL,NULL,NULL,1608,NULL,NULL,'No'),('1612',1,'Dairy Maccha',NULL,'2015-08-04',NULL,NULL,'2015-08-04',NULL,'Sanjeev','Sumit',NULL,NULL,'',1612,'','','Neetu',NULL,NULL,NULL,NULL,NULL,NULL,NULL,NULL,NULL,NULL,1612,'1612',NULL,NULL,9,NULL,17,1,NULL,NULL,NULL,NULL,NULL,NULL,1612,NULL,NULL,'No'),('1615',1,'Sadopur',NULL,'2015-08-04',NULL,NULL,'2015-08-04',NULL,'Adesh','Lovish',NULL,NULL,'',1615,'','','Savita',NULL,NULL,NULL,NULL,NULL,NULL,NULL,NULL,NULL,NULL,1615,'1615',NULL,NULL,9,NULL,17,1,NULL,NULL,NULL,NULL,NULL,NULL,1615,NULL,NULL,'No'),('1616',1,'Mahawar',NULL,'2015-08-04',NULL,NULL,'2015-08-04',NULL,'Mangal','Yash',NULL,NULL,'',1616,'','','Sudesh',NULL,NULL,NULL,NULL,NULL,NULL,NULL,NULL,NULL,NULL,1616,'1616',NULL,NULL,9,NULL,17,1,NULL,NULL,NULL,NULL,NULL,NULL,1616,NULL,NULL,'No'),('1619',1,'Sadullpaur',NULL,'2015-08-04',NULL,NULL,'2015-08-04',NULL,'Krishan','Varsha',NULL,NULL,'',1619,'','','Babli',NULL,NULL,NULL,NULL,NULL,NULL,NULL,NULL,NULL,NULL,1619,'1619',NULL,NULL,9,NULL,38,1,NULL,NULL,NULL,NULL,NULL,NULL,1619,NULL,NULL,'No'),('1622',1,'Dujana',NULL,'2015-08-04',NULL,NULL,'2015-08-04',NULL,'Sanjeev','Deepanshi',NULL,NULL,'',1622,'','','Asha',NULL,NULL,NULL,NULL,NULL,NULL,NULL,NULL,NULL,NULL,1622,'1622',NULL,NULL,9,NULL,18,1,NULL,NULL,NULL,NULL,NULL,NULL,1622,NULL,NULL,'No'),('1628',1,'D.s',NULL,'2015-08-04',NULL,NULL,'2015-08-04',NULL,'Jagveer','Tanu',NULL,NULL,'',1628,'','','Suman',NULL,NULL,NULL,NULL,NULL,NULL,NULL,NULL,NULL,NULL,1628,'1628',NULL,NULL,9,NULL,17,1,NULL,NULL,NULL,NULL,NULL,NULL,1628,NULL,NULL,'No'),('1629',1,'Baidpura',NULL,'2015-08-04',NULL,NULL,'2015-08-04',NULL,'Ashok Kumar Sharma','Deepak Sharma',NULL,NULL,'',1629,'','','Shashi Bala',NULL,NULL,NULL,NULL,NULL,NULL,NULL,NULL,NULL,NULL,1629,'1629',NULL,NULL,20,NULL,35,1,NULL,NULL,NULL,NULL,NULL,NULL,1629,NULL,NULL,'No'),('1631',1,'Dadri',NULL,'2015-08-04',NULL,NULL,'2015-08-04',NULL,'Nilesh','Niharika',NULL,NULL,'',1631,'','','Preeti',NULL,NULL,NULL,NULL,NULL,NULL,NULL,NULL,NULL,NULL,1631,'1631',NULL,NULL,9,NULL,38,1,NULL,NULL,NULL,NULL,NULL,NULL,1631,NULL,NULL,'No'),('1636',1,'Sadopur',NULL,'2015-08-04',NULL,NULL,'2015-08-04',NULL,'Ashok','Deepasnhu',NULL,NULL,'',1636,'','','Reeta',NULL,NULL,NULL,NULL,NULL,NULL,NULL,NULL,NULL,NULL,1636,'1636',NULL,NULL,9,NULL,17,1,NULL,NULL,NULL,NULL,NULL,NULL,1636,NULL,NULL,'No'),('1640',1,'Dadri',NULL,'2015-08-04',NULL,NULL,'2015-08-04',NULL,'Virender','Ishika',NULL,NULL,'',1640,'','','Suman',NULL,NULL,NULL,NULL,NULL,NULL,NULL,NULL,NULL,NULL,1640,'1640',NULL,NULL,9,NULL,38,1,NULL,NULL,NULL,NULL,NULL,NULL,1640,NULL,NULL,'No'),('1643',1,'Bishnouli',NULL,'2015-08-04',NULL,NULL,'2015-08-04',NULL,'Sanjeev','Mahi',NULL,NULL,'',1643,'','','Manju',NULL,NULL,NULL,NULL,NULL,NULL,NULL,NULL,NULL,NULL,1643,'1643',NULL,NULL,9,NULL,38,1,NULL,NULL,NULL,NULL,NULL,NULL,1643,NULL,NULL,'No'),('1648',1,'Dairy Maccha',NULL,'2015-08-04',NULL,NULL,'2015-08-04',NULL,'Naval Singh','Vishal',NULL,NULL,'',1648,'','','Sushila',NULL,NULL,NULL,NULL,NULL,NULL,NULL,NULL,NULL,NULL,1648,'1648',NULL,NULL,9,NULL,17,1,NULL,NULL,NULL,NULL,NULL,NULL,1648,NULL,NULL,'No'),('1649',1,'Sadopur',NULL,'2015-08-04',NULL,NULL,'2015-08-04',NULL,'Baljeet Singh','Rajni Baisoya',NULL,NULL,'',1649,'','','Kunti Devi',NULL,NULL,NULL,NULL,NULL,NULL,NULL,NULL,NULL,NULL,1649,'1649',NULL,NULL,13,NULL,26,1,NULL,NULL,NULL,NULL,NULL,NULL,1649,NULL,NULL,'No'),('1651',1,'Sadullapur',NULL,'2015-08-04',NULL,NULL,'2015-08-04',NULL,'Sanjay','Komal',NULL,NULL,'',1651,'','','Rani',NULL,NULL,NULL,NULL,NULL,NULL,NULL,NULL,NULL,NULL,1651,'1651',NULL,NULL,9,NULL,18,1,NULL,NULL,NULL,NULL,NULL,NULL,1651,NULL,NULL,'No'),('1654',1,'Dairy Maccha',NULL,'2015-08-04',NULL,NULL,'2015-08-04',NULL,'Sharif','Danish',NULL,NULL,'',1654,'','','Sadhana',NULL,NULL,NULL,NULL,NULL,NULL,NULL,NULL,NULL,NULL,1654,'1654',NULL,NULL,9,NULL,38,1,NULL,NULL,NULL,NULL,NULL,NULL,1654,NULL,NULL,'No'),('1658',1,'Achheja',NULL,'2015-08-04',NULL,NULL,'2015-08-04',NULL,'Pradeep','Aditi',NULL,NULL,'',1658,'','','Poonam',NULL,NULL,NULL,NULL,NULL,NULL,NULL,NULL,NULL,NULL,1658,'1658',NULL,NULL,10,NULL,20,1,NULL,NULL,NULL,NULL,NULL,NULL,1658,NULL,NULL,'No'),('1659',1,'Dairy Maccha',NULL,'2015-08-04',NULL,NULL,'2015-08-04',NULL,'Surnder','Shakti',NULL,NULL,'',1659,'','','Kamla',NULL,NULL,NULL,NULL,NULL,NULL,NULL,NULL,NULL,NULL,1659,'1659',NULL,NULL,9,NULL,18,1,NULL,NULL,NULL,NULL,NULL,NULL,1659,NULL,NULL,'No'),('1666',1,'Sadopur',NULL,'2015-08-04',NULL,NULL,'2015-08-04',NULL,'Bijender','Preet',NULL,NULL,'',1666,'','','Kavita',NULL,NULL,NULL,NULL,NULL,NULL,NULL,NULL,NULL,NULL,1666,'1666',NULL,NULL,9,NULL,17,1,NULL,NULL,NULL,NULL,NULL,NULL,1666,NULL,NULL,'No'),('1672',1,'Achheja',NULL,'2015-08-04',NULL,NULL,'2015-08-04',NULL,'Kapil','Tanshu',NULL,NULL,'',1672,'','','Pushpa',NULL,NULL,NULL,NULL,NULL,NULL,NULL,NULL,NULL,NULL,1672,'1672',NULL,NULL,9,NULL,38,1,NULL,NULL,NULL,NULL,NULL,NULL,1672,NULL,NULL,'No'),('1673',1,'Sadopur',NULL,'2015-08-04',NULL,NULL,'2015-08-04',NULL,'Baljeet','Rajneesh Baisoya',NULL,NULL,'',1673,'','','Kanta',NULL,NULL,NULL,NULL,NULL,NULL,NULL,NULL,NULL,NULL,1673,'1673',NULL,NULL,16,NULL,30,1,NULL,NULL,NULL,NULL,NULL,NULL,1673,NULL,NULL,'No'),('1675',1,'Khera',NULL,'2015-08-04',NULL,NULL,'2015-08-04',NULL,'Pradeep','Vrindra',NULL,NULL,'',1675,'','','Archana',NULL,NULL,NULL,NULL,NULL,NULL,NULL,NULL,NULL,NULL,1675,'1675',NULL,NULL,9,NULL,18,1,NULL,NULL,NULL,NULL,NULL,NULL,1675,NULL,NULL,'No'),('1678',1,'Sadopur',NULL,'2015-08-04',NULL,NULL,'2015-08-04',NULL,'Dharmendra','Shreya',NULL,NULL,'',1678,'','','Vandana',NULL,NULL,NULL,NULL,NULL,NULL,NULL,NULL,NULL,NULL,1678,'1678',NULL,NULL,9,NULL,38,1,NULL,NULL,NULL,NULL,NULL,NULL,1678,NULL,NULL,'No'),('1679',1,'Bishnouli',NULL,'2015-08-04',NULL,NULL,'2015-08-04',NULL,'Ajay','Nishant',NULL,NULL,'',1679,'','','Rakhan',NULL,NULL,NULL,NULL,NULL,NULL,NULL,NULL,NULL,NULL,1679,'1679',NULL,NULL,9,NULL,17,1,NULL,NULL,NULL,NULL,NULL,NULL,1679,NULL,NULL,'No'),('1683',1,'Jaansiwana',NULL,'2015-08-04',NULL,NULL,'2015-08-04',NULL,'Vijay','Vineeta',NULL,NULL,'',1683,'','','Kavita',NULL,NULL,NULL,NULL,NULL,NULL,NULL,NULL,NULL,NULL,1683,'1683',NULL,NULL,17,NULL,31,1,NULL,NULL,NULL,NULL,NULL,NULL,1683,NULL,NULL,'No'),('1685',1,'Dairy Skinner',NULL,'2015-08-04',NULL,NULL,'2015-08-04',NULL,'Chatar Singh','Vansh',NULL,NULL,'',1685,'','','Rekha',NULL,NULL,NULL,NULL,NULL,NULL,NULL,NULL,NULL,NULL,1685,'1685',NULL,NULL,9,NULL,17,1,NULL,NULL,NULL,NULL,NULL,NULL,1685,NULL,NULL,'No'),('1686',1,'Kurikhera',NULL,'2015-08-04',NULL,NULL,'2015-08-04',NULL,'Amod Nagar','Prince Nagar',NULL,NULL,'',1686,'','','Satto Devi',NULL,NULL,NULL,NULL,NULL,NULL,NULL,NULL,NULL,NULL,1686,'1686',NULL,NULL,12,NULL,25,1,NULL,NULL,NULL,NULL,NULL,NULL,1686,NULL,NULL,'No'),('1689',1,'Bishnouli',NULL,'2015-08-04',NULL,NULL,'2015-08-04',NULL,'Rakesh','Nitish',NULL,NULL,'',1689,'','','Sanjogita',NULL,NULL,NULL,NULL,NULL,NULL,NULL,NULL,NULL,NULL,1689,'1689',NULL,NULL,9,NULL,18,1,NULL,NULL,NULL,NULL,NULL,NULL,1689,NULL,NULL,'No'),('1691',1,'Dhoom Kheda',NULL,'2015-08-04',NULL,NULL,'2015-08-04',NULL,'Ravinder','Nicky',NULL,NULL,'',1691,'','','Shimla',NULL,NULL,NULL,NULL,NULL,NULL,NULL,NULL,NULL,NULL,1691,'1691',NULL,NULL,14,NULL,27,1,NULL,NULL,NULL,NULL,NULL,NULL,1691,NULL,NULL,'No'),('1692',1,'Sadopur',NULL,'2015-08-04',NULL,NULL,'2015-08-04',NULL,'Ashok','Manish',NULL,NULL,'',1692,'','','Reeta',NULL,NULL,NULL,NULL,NULL,NULL,NULL,NULL,NULL,NULL,1692,'1692',NULL,NULL,9,NULL,38,1,NULL,NULL,NULL,NULL,NULL,NULL,1692,NULL,NULL,'No'),('1695',1,'Jaansiwana',NULL,'2015-08-04',NULL,NULL,'2015-08-04',NULL,'Praveen','Yashika',NULL,NULL,'',1695,'','','Munesh',NULL,NULL,NULL,NULL,NULL,NULL,NULL,NULL,NULL,NULL,1695,'1695',NULL,NULL,9,NULL,18,1,NULL,NULL,NULL,NULL,NULL,NULL,1695,NULL,NULL,'No'),('170',1,'Bambawar',NULL,'2015-08-04',NULL,NULL,'2015-08-04',NULL,'Rajesh','Nikky',NULL,NULL,'',170,'','','Manju',NULL,NULL,NULL,NULL,NULL,NULL,NULL,NULL,NULL,NULL,170,'170',NULL,NULL,21,NULL,37,1,NULL,NULL,NULL,NULL,NULL,NULL,170,NULL,NULL,'No'),('1707',1,'Dhoom',NULL,'2015-08-04',NULL,NULL,'2015-08-04',NULL,'Om Prakash','Varsha',NULL,NULL,'',1707,'','','Rupwati',NULL,NULL,NULL,NULL,NULL,NULL,NULL,NULL,NULL,NULL,1707,'1707',NULL,NULL,9,NULL,18,1,NULL,NULL,NULL,NULL,NULL,NULL,1707,NULL,NULL,'No'),('1720',1,'Bishnouli',NULL,'2015-08-04',NULL,NULL,'2015-08-04',NULL,'Vedprakash','Abhishek',NULL,NULL,'',1720,'','','Sangeeta',NULL,NULL,NULL,NULL,NULL,NULL,NULL,NULL,NULL,NULL,1720,'1720',NULL,NULL,9,NULL,18,1,NULL,NULL,NULL,NULL,NULL,NULL,1720,NULL,NULL,'No'),('1721',1,'Badalpur',NULL,'2015-08-04',NULL,NULL,'2015-08-04',NULL,'Jitendra Nagar','Pankaj Nagar',NULL,NULL,'',1721,'','','Saroj Nagar',NULL,NULL,NULL,NULL,NULL,NULL,NULL,NULL,NULL,NULL,1721,'1721',NULL,NULL,12,NULL,25,1,NULL,NULL,NULL,NULL,NULL,NULL,1721,NULL,NULL,'No'),('1724',1,'DAdri',NULL,'2015-08-04',NULL,NULL,'2015-08-04',NULL,'Rakesh Kumar Sarswat','Himanshi Saraswat',NULL,NULL,'',1724,'','','Rachana Saraswat',NULL,NULL,NULL,NULL,NULL,NULL,NULL,NULL,NULL,NULL,1724,'1724',NULL,NULL,17,NULL,31,1,NULL,NULL,NULL,NULL,NULL,NULL,1724,NULL,NULL,'No'),('1725',1,'Dadri',NULL,'2015-08-04',NULL,NULL,'2015-08-04',NULL,'Lekhraj Bhati','Amit Bhati',NULL,NULL,'',1725,'','','Sushila Bhati',NULL,NULL,NULL,NULL,NULL,NULL,NULL,NULL,NULL,NULL,1725,'1725',NULL,NULL,12,NULL,24,1,NULL,NULL,NULL,NULL,NULL,NULL,1725,NULL,NULL,'No'),('1726',1,'Accheja',NULL,'2015-08-04',NULL,NULL,'2015-08-04',NULL,'Jaiveer Nagar','Vishal Nagar',NULL,NULL,'',1726,'','','Shanti Nagar',NULL,NULL,NULL,NULL,NULL,NULL,NULL,NULL,NULL,NULL,1726,'1726',NULL,NULL,13,NULL,26,1,NULL,NULL,NULL,NULL,NULL,NULL,1726,NULL,NULL,'No'),('1727',1,'Dadri',NULL,'2015-08-04',NULL,NULL,'2015-08-04',NULL,'Lekhraj Bhati','Devendra Bhati',NULL,NULL,'',1727,'','','Sushila Bhati',NULL,NULL,NULL,NULL,NULL,NULL,NULL,NULL,NULL,NULL,1727,'1727',NULL,NULL,10,NULL,20,1,NULL,NULL,NULL,NULL,NULL,NULL,1727,NULL,NULL,'No'),('1730',1,'Sadopur',NULL,'2015-08-04',NULL,NULL,'2015-08-04',NULL,'Rajveer','Dharmendra',NULL,NULL,'',1730,'','','Shashi',NULL,NULL,NULL,NULL,NULL,NULL,NULL,NULL,NULL,NULL,1730,'1730',NULL,NULL,11,NULL,22,1,NULL,NULL,NULL,NULL,NULL,NULL,1730,NULL,NULL,'No'),('1732',1,'Achheja',NULL,'2015-08-04',NULL,NULL,'2015-08-04',NULL,'Ravinder','Deepu',NULL,NULL,'',1732,'','','Urmila',NULL,NULL,NULL,NULL,NULL,NULL,NULL,NULL,NULL,NULL,1732,'1732',NULL,NULL,9,NULL,38,1,NULL,NULL,NULL,NULL,NULL,NULL,1732,NULL,NULL,'No'),('1737',1,'Dujana',NULL,'2015-08-04',NULL,NULL,'2015-08-04',NULL,'Nand Kishore','Akshay Nagar',NULL,NULL,'',1737,'','','Usha Nagar',NULL,NULL,NULL,NULL,NULL,NULL,NULL,NULL,NULL,NULL,1737,'1737',NULL,NULL,16,NULL,30,1,NULL,NULL,NULL,NULL,NULL,NULL,1737,NULL,NULL,'No'),('1742',1,'Diary Maccha',NULL,'2015-08-04',NULL,NULL,'2015-08-04',NULL,'Jairaj Singh','Abhishek',NULL,NULL,'',1742,'','','Seema',NULL,NULL,NULL,NULL,NULL,NULL,NULL,NULL,NULL,NULL,1742,'1742',NULL,NULL,8,NULL,15,1,NULL,NULL,NULL,NULL,NULL,NULL,1742,NULL,NULL,'No'),('1743',1,'Accheja',NULL,'2015-08-04',NULL,NULL,'2015-08-04',NULL,'Lilu','Vikas Sharma',NULL,NULL,'',1743,'','','Geeta',NULL,NULL,NULL,NULL,NULL,NULL,NULL,NULL,NULL,NULL,1743,'1743',NULL,NULL,18,NULL,33,1,NULL,NULL,NULL,NULL,NULL,NULL,1743,NULL,NULL,'No'),('1747',1,'K.D.Pura',NULL,'2015-08-04',NULL,NULL,'2015-08-04',NULL,'Radey Shyam','Bhupendra',NULL,NULL,'',1747,'','','Vimla',NULL,NULL,NULL,NULL,NULL,NULL,NULL,NULL,NULL,NULL,1747,'1747',NULL,NULL,11,NULL,22,1,NULL,NULL,NULL,NULL,NULL,NULL,1747,NULL,NULL,'No'),('1751',1,'Achheja',NULL,'2015-08-04',NULL,NULL,'2015-08-04',NULL,'Jitendra','Anjali',NULL,NULL,'',1751,'','','Nirmala',NULL,NULL,NULL,NULL,NULL,NULL,NULL,NULL,NULL,NULL,1751,'1751',NULL,NULL,10,NULL,20,1,NULL,NULL,NULL,NULL,NULL,NULL,1751,NULL,NULL,'No'),('1753',1,'Sadopur',NULL,'2015-08-04',NULL,NULL,'2015-08-04',NULL,'Radhe','Sahil',NULL,NULL,'',1753,'','','Munesh',NULL,NULL,NULL,NULL,NULL,NULL,NULL,NULL,NULL,NULL,1753,'1753',NULL,NULL,16,NULL,30,1,NULL,NULL,NULL,NULL,NULL,NULL,1753,NULL,NULL,'No'),('1754',1,'Dujana',NULL,'2015-08-04',NULL,NULL,'2015-08-04',NULL,'Yatendra','Ishika',NULL,NULL,'',1754,'','','Manju',NULL,NULL,NULL,NULL,NULL,NULL,NULL,NULL,NULL,NULL,1754,'1754',NULL,NULL,8,NULL,15,1,NULL,NULL,NULL,NULL,NULL,NULL,1754,NULL,NULL,'No'),('1764',1,'K.D.P.',NULL,'2015-08-04',NULL,NULL,'2015-08-04',NULL,'Nitin','Tej Prakash',NULL,NULL,'',1764,'','','Neeraj',NULL,NULL,NULL,NULL,NULL,NULL,NULL,NULL,NULL,NULL,1764,'1764',NULL,NULL,9,NULL,38,1,NULL,NULL,NULL,NULL,NULL,NULL,1764,NULL,NULL,'No'),('1765',1,'Dujana',NULL,'2015-08-04',NULL,NULL,'2015-08-04',NULL,'Samarpal','Lakshi',NULL,NULL,'',1765,'','','Kaushal',NULL,NULL,NULL,NULL,NULL,NULL,NULL,NULL,NULL,NULL,1765,'1765',NULL,NULL,8,NULL,16,1,NULL,NULL,NULL,NULL,NULL,NULL,1765,NULL,NULL,'No'),('1767',1,'Dujana',NULL,'2015-08-04',NULL,NULL,'2015-08-04',NULL,'Ajay Pal Nagar','Gaurav Nagar',NULL,NULL,'',1767,'','','Sunita Devi',NULL,NULL,NULL,NULL,NULL,NULL,NULL,NULL,NULL,NULL,1767,'1767',NULL,NULL,13,NULL,40,1,NULL,NULL,NULL,NULL,NULL,NULL,1767,NULL,NULL,'No'),('1769',1,'Achheja',NULL,'2015-08-04',NULL,NULL,'2015-08-04',NULL,'Ravindra','Shivani',NULL,NULL,'',1769,'','','Urmila',NULL,NULL,NULL,NULL,NULL,NULL,NULL,NULL,NULL,NULL,1769,'1769',NULL,NULL,10,NULL,20,1,NULL,NULL,NULL,NULL,NULL,NULL,1769,NULL,NULL,'No'),('1770',1,'Kheda Dharam Pura',NULL,'2015-08-04',NULL,NULL,'2015-08-04',NULL,'Prem Shankar Sh.','Anu',NULL,NULL,'',1770,'','','Savita',NULL,NULL,NULL,NULL,NULL,NULL,NULL,NULL,NULL,NULL,1770,'1770',NULL,NULL,8,NULL,15,1,NULL,NULL,NULL,NULL,NULL,NULL,1770,NULL,NULL,'No'),('1771',1,'chithera',NULL,'2015-08-04',NULL,NULL,'2015-08-04',NULL,'Bhagwat Sharma','Arun Sharma',NULL,NULL,'',1771,'','','Hemlata Shrma',NULL,NULL,NULL,NULL,NULL,NULL,NULL,NULL,NULL,NULL,1771,'1771',NULL,NULL,18,NULL,33,1,NULL,NULL,NULL,NULL,NULL,NULL,1771,NULL,NULL,'No'),('1778',1,'Sadopur',NULL,'2015-08-04',NULL,NULL,'2015-08-04',NULL,'Gyanender','Yashika Baisoya',NULL,NULL,'',1778,'','','Rajani',NULL,NULL,NULL,NULL,NULL,NULL,NULL,NULL,NULL,NULL,1778,'1778',NULL,NULL,9,NULL,38,1,NULL,NULL,NULL,NULL,NULL,NULL,1778,NULL,NULL,'No'),('1779',1,'Diary Maccha',NULL,'2015-08-04',NULL,NULL,'2015-08-04',NULL,'Paramjeet','Karan',NULL,NULL,'',1779,'','','Preeti',NULL,NULL,NULL,NULL,NULL,NULL,NULL,NULL,NULL,NULL,1779,'1779',NULL,NULL,8,NULL,16,1,NULL,NULL,NULL,NULL,NULL,NULL,1779,NULL,NULL,'No'),('178',1,'Dairy MAccha',NULL,'2015-08-04',NULL,NULL,'2015-08-04',NULL,'Rich Pal Singh','Mohit',NULL,NULL,'',178,'','','Saroj Devi',NULL,NULL,NULL,NULL,NULL,NULL,NULL,NULL,NULL,NULL,178,'178',NULL,NULL,15,NULL,28,1,NULL,NULL,NULL,NULL,NULL,NULL,178,NULL,NULL,'No'),('1780',1,'Lal Kuan',NULL,'2015-08-04',NULL,NULL,'2015-08-04',NULL,'Pradeep Sharma','Kartik Sharma',NULL,NULL,'',1780,'','','Anita Sharma',NULL,NULL,NULL,NULL,NULL,NULL,NULL,NULL,NULL,NULL,1780,'1780',NULL,NULL,13,NULL,40,1,NULL,NULL,NULL,NULL,NULL,NULL,1780,NULL,NULL,'No'),('1782',1,'Achheja',NULL,'2015-08-04',NULL,NULL,'2015-08-04',NULL,'Sunil','Devansh',NULL,NULL,'',1782,'','','Bimla Nagar',NULL,NULL,NULL,NULL,NULL,NULL,NULL,NULL,NULL,NULL,1782,'1782',NULL,NULL,8,NULL,15,1,NULL,NULL,NULL,NULL,NULL,NULL,1782,NULL,NULL,'No'),('1783',1,'Accheja',NULL,'2015-08-04',NULL,NULL,'2015-08-04',NULL,'Raj Singh Nagar','Sachin Nagar',NULL,NULL,'',1783,'','','Anshul Devi',NULL,NULL,NULL,NULL,NULL,NULL,NULL,NULL,NULL,NULL,1783,'1783',NULL,NULL,15,NULL,32,1,NULL,NULL,NULL,NULL,NULL,NULL,1783,NULL,NULL,'No'),('1784',1,'Sadopur',NULL,'2015-08-04',NULL,NULL,'2015-08-04',NULL,'Satpal','Sonika',NULL,NULL,'',1784,'','','Kamla',NULL,NULL,NULL,NULL,NULL,NULL,NULL,NULL,NULL,NULL,1784,'1784',NULL,NULL,11,NULL,21,1,NULL,NULL,NULL,NULL,NULL,NULL,1784,NULL,NULL,'No'),('1789',1,'Dujana',NULL,'2015-08-04',NULL,NULL,'2015-08-04',NULL,'Ashok','Gaurav',NULL,NULL,'',1789,'','','Seema',NULL,NULL,NULL,NULL,NULL,NULL,NULL,NULL,NULL,NULL,1789,'1789',NULL,NULL,10,NULL,19,1,NULL,NULL,NULL,NULL,NULL,NULL,1789,NULL,NULL,'No'),('1794',1,'Dujana',NULL,'2015-08-04',NULL,NULL,'2015-08-04',NULL,'Yashveer','Rahul',NULL,NULL,'',1794,'','','Neeta',NULL,NULL,NULL,NULL,NULL,NULL,NULL,NULL,NULL,NULL,1794,'1794',NULL,NULL,15,NULL,32,1,NULL,NULL,NULL,NULL,NULL,NULL,1794,NULL,NULL,'No'),('1796',1,'Dujana',NULL,'2015-08-04',NULL,NULL,'2015-08-04',NULL,'Jagat Nagar','Prashant Nagar',NULL,NULL,'',1796,'','','Rajesh Devi',NULL,NULL,NULL,NULL,NULL,NULL,NULL,NULL,NULL,NULL,1796,'1796',NULL,NULL,13,NULL,40,1,NULL,NULL,NULL,NULL,NULL,NULL,1796,NULL,NULL,'No'),('1798',1,'dhoom khera',NULL,'2015-08-04',NULL,NULL,'2015-08-04',NULL,'Sanjay','Shekhar',NULL,NULL,'',1798,'','','Geeta',NULL,NULL,NULL,NULL,NULL,NULL,NULL,NULL,NULL,NULL,1798,'1798',NULL,NULL,11,NULL,22,1,NULL,NULL,NULL,NULL,NULL,NULL,1798,NULL,NULL,'No'),('1799',1,'Sadullapur',NULL,'2015-08-04',NULL,NULL,'2015-08-04',NULL,'Bijendra','Ansh',NULL,NULL,'',1799,'','','Poonam',NULL,NULL,NULL,NULL,NULL,NULL,NULL,NULL,NULL,NULL,1799,'1799',NULL,NULL,8,NULL,16,1,NULL,NULL,NULL,NULL,NULL,NULL,1799,NULL,NULL,'No'),('18',1,'Sadopur',NULL,'2015-08-04',NULL,NULL,'2015-08-04',NULL,'Rakesh Baisoya','Gaurav Baisoya',NULL,NULL,'',18,'','','Amresh Devi',NULL,NULL,NULL,NULL,NULL,NULL,NULL,NULL,NULL,NULL,18,'18',NULL,NULL,13,NULL,26,1,NULL,NULL,NULL,NULL,NULL,NULL,18,NULL,NULL,'No'),('1808',1,'Jaansiwana',NULL,'2015-08-04',NULL,NULL,'2015-08-04',NULL,'Adesh Khari','Deepanshu Khari',NULL,NULL,'',1808,'','','Latesh Khari',NULL,NULL,NULL,NULL,NULL,NULL,NULL,NULL,NULL,NULL,1808,'1808',NULL,NULL,11,NULL,21,1,NULL,NULL,NULL,NULL,NULL,NULL,1808,NULL,NULL,'No'),('1811',1,'Sadopur',NULL,'2015-08-04',NULL,NULL,'2015-08-04',NULL,'Satpal','Vineet',NULL,NULL,'',1811,'','','Kamla',NULL,NULL,NULL,NULL,NULL,NULL,NULL,NULL,NULL,NULL,1811,'1811',NULL,NULL,10,NULL,19,1,NULL,NULL,NULL,NULL,NULL,NULL,1811,NULL,NULL,'No'),('1819',1,'Kurikhera',NULL,'2015-08-04',NULL,NULL,'2015-08-04',NULL,'Harendra','Jyoti',NULL,NULL,'',1819,'','','Munesh',NULL,NULL,NULL,NULL,NULL,NULL,NULL,NULL,NULL,NULL,1819,'1819',NULL,NULL,8,NULL,15,1,NULL,NULL,NULL,NULL,NULL,NULL,1819,NULL,NULL,'No'),('1821',1,'Kheda Dharam Pura',NULL,'2015-08-04',NULL,NULL,'2015-08-04',NULL,'Kailash Sharma','Monu Sharma',NULL,NULL,'',1821,'','','Archna Sharma',NULL,NULL,NULL,NULL,NULL,NULL,NULL,NULL,NULL,NULL,1821,'1821',NULL,NULL,13,NULL,26,1,NULL,NULL,NULL,NULL,NULL,NULL,1821,NULL,NULL,'No'),('1822',1,'Bishnouli',NULL,'2015-08-04',NULL,NULL,'2015-08-04',NULL,'Chattar Pal Bhati','Chhavi Bhati',NULL,NULL,'',1822,'','','Rachna Bhati',NULL,NULL,NULL,NULL,NULL,NULL,NULL,NULL,NULL,NULL,1822,'1822',NULL,NULL,10,NULL,19,1,NULL,NULL,NULL,NULL,NULL,NULL,1822,NULL,NULL,'No'),('1825',1,'Badalpur',NULL,'2015-08-04',NULL,NULL,'2015-08-04',NULL,'Jaspal','Preeti Gautam',NULL,NULL,'',1825,'','','Asha',NULL,NULL,NULL,NULL,NULL,NULL,NULL,NULL,NULL,NULL,1825,'1825',NULL,NULL,8,NULL,15,1,NULL,NULL,NULL,NULL,NULL,NULL,1825,NULL,NULL,'No'),('1827',1,'Kalda',NULL,'2015-08-04',NULL,NULL,'2015-08-04',NULL,'Devendra','Varun',NULL,NULL,'',1827,'','','Nirjal',NULL,NULL,NULL,NULL,NULL,NULL,NULL,NULL,NULL,NULL,1827,'1827',NULL,NULL,8,NULL,16,1,NULL,NULL,NULL,NULL,NULL,NULL,1827,NULL,NULL,'No'),('1828',1,'Bishnuli',NULL,'2015-08-04',NULL,NULL,'2015-08-04',NULL,'Chattar Pal Bhati','Honey Bhati',NULL,NULL,'',1828,'','','Rachna Bhati',NULL,NULL,NULL,NULL,NULL,NULL,NULL,NULL,NULL,NULL,1828,'1828',NULL,NULL,15,NULL,32,1,NULL,NULL,NULL,NULL,NULL,NULL,1828,NULL,NULL,'No'),('1829',1,'Dujana',NULL,'2015-08-04',NULL,NULL,'2015-08-04',NULL,'Manoj','Mishant',NULL,NULL,'',1829,'','','Saroj Devi',NULL,NULL,NULL,NULL,NULL,NULL,NULL,NULL,NULL,NULL,1829,'1829',NULL,NULL,8,NULL,15,1,NULL,NULL,NULL,NULL,NULL,NULL,1829,NULL,NULL,'No'),('1831',1,'Kheda Dharampura',NULL,'2015-08-04',NULL,NULL,'2015-08-04',NULL,'Rajesh Sharma','Prashant Sharma',NULL,NULL,'',1831,'','','Rajendri Sharma',NULL,NULL,NULL,NULL,NULL,NULL,NULL,NULL,NULL,NULL,1831,'1831',NULL,NULL,13,NULL,40,1,NULL,NULL,NULL,NULL,NULL,NULL,1831,NULL,NULL,'No'),('1833',1,'Kheda Dharam Pura',NULL,'2015-08-04',NULL,NULL,'2015-08-04',NULL,'Rajesh Sharma','Kalpana Shrama',NULL,NULL,'',1833,'','','Rajindri Sharma',NULL,NULL,NULL,NULL,NULL,NULL,NULL,NULL,NULL,NULL,1833,'1833',NULL,NULL,20,NULL,35,1,NULL,NULL,NULL,NULL,NULL,NULL,1833,NULL,NULL,'No'),('1834',1,'Dujana',NULL,'2015-08-04',NULL,NULL,'2015-08-04',NULL,'Manish','Om',NULL,NULL,'',1834,'','','Tabbasum',NULL,NULL,NULL,NULL,NULL,NULL,NULL,NULL,NULL,NULL,1834,'1834',NULL,NULL,8,NULL,16,1,NULL,NULL,NULL,NULL,NULL,NULL,1834,NULL,NULL,'No'),('1837',1,'Badalpur',NULL,'2015-08-04',NULL,NULL,'2015-08-04',NULL,'Om Nagar','Shivanshu Nagar',NULL,NULL,'',1837,'','','Babita',NULL,NULL,NULL,NULL,NULL,NULL,NULL,NULL,NULL,NULL,1837,'1837',NULL,NULL,8,NULL,15,1,NULL,NULL,NULL,NULL,NULL,NULL,1837,NULL,NULL,'No'),('1841',1,'Sadopur',NULL,'2015-08-04',NULL,NULL,'2015-08-04',NULL,'Bijendra','Piyush',NULL,NULL,'',1841,'','','Asha',NULL,NULL,NULL,NULL,NULL,NULL,NULL,NULL,NULL,NULL,1841,'1841',NULL,NULL,8,NULL,16,1,NULL,NULL,NULL,NULL,NULL,NULL,1841,NULL,NULL,'No'),('1842',1,'Bishnuli',NULL,'2015-08-04',NULL,NULL,'2015-08-04',NULL,'Yogesh Sharma','Naman Sharma',NULL,NULL,'',1842,'','','Geeta Sharma',NULL,NULL,NULL,NULL,NULL,NULL,NULL,NULL,NULL,NULL,1842,'1842',NULL,NULL,17,NULL,31,1,NULL,NULL,NULL,NULL,NULL,NULL,1842,NULL,NULL,'No'),('1845',1,'Sadopur',NULL,'2015-08-04',NULL,NULL,'2015-08-04',NULL,'Brijesh','Sagar',NULL,NULL,'',1845,'','','Aarti',NULL,NULL,NULL,NULL,NULL,NULL,NULL,NULL,NULL,NULL,1845,'1845',NULL,NULL,8,NULL,16,1,NULL,NULL,NULL,NULL,NULL,NULL,1845,NULL,NULL,'No'),('1846',1,'Badalpur',NULL,'2015-08-04',NULL,NULL,'2015-08-04',NULL,'Rajsingh','Ruchika',NULL,NULL,'',1846,'','','Babita',NULL,NULL,NULL,NULL,NULL,NULL,NULL,NULL,NULL,NULL,1846,'1846',NULL,NULL,8,NULL,16,1,NULL,NULL,NULL,NULL,NULL,NULL,1846,NULL,NULL,'No'),('1848',1,'Bishnouli',NULL,'2015-08-04',NULL,NULL,'2015-08-04',NULL,'Vikram','Tanya',NULL,NULL,'',1848,'','','Sudha',NULL,NULL,NULL,NULL,NULL,NULL,NULL,NULL,NULL,NULL,1848,'1848',NULL,NULL,8,NULL,15,1,NULL,NULL,NULL,NULL,NULL,NULL,1848,NULL,NULL,'No'),('1854',1,'Sadopur',NULL,'2015-08-04',NULL,NULL,'2015-08-04',NULL,'Ajeet Singh','Manish Baisoya',NULL,NULL,'',1854,'','','Karam Vati',NULL,NULL,NULL,NULL,NULL,NULL,NULL,NULL,NULL,NULL,1854,'1854',NULL,NULL,21,NULL,37,1,NULL,NULL,NULL,NULL,NULL,NULL,1854,NULL,NULL,'No'),('1855',1,'Dadri',NULL,'2015-08-04',NULL,NULL,'2015-08-04',NULL,'Manoj Dhiman','Vinay Dhiman',NULL,NULL,'',1855,'','','Ranu Dhiman',NULL,NULL,NULL,NULL,NULL,NULL,NULL,NULL,NULL,NULL,1855,'1855',NULL,NULL,20,NULL,36,1,NULL,NULL,NULL,NULL,NULL,NULL,1855,NULL,NULL,'No'),('1857',1,'Sadopur',NULL,'2015-08-04',NULL,NULL,'2015-08-04',NULL,'Bhupendra Singh','Yatender Baisoya',NULL,NULL,'',1857,'','','Geeta',NULL,NULL,NULL,NULL,NULL,NULL,NULL,NULL,NULL,NULL,1857,'1857',NULL,NULL,13,NULL,40,1,NULL,NULL,NULL,NULL,NULL,NULL,1857,NULL,NULL,'No'),('1863',1,'Dadri',NULL,'2015-08-04',NULL,NULL,'2015-08-04',NULL,'Arun Tomar','Aakash',NULL,NULL,'',1863,'','','Usha Tomar',NULL,NULL,NULL,NULL,NULL,NULL,NULL,NULL,NULL,NULL,1863,'1863',NULL,NULL,18,NULL,33,1,NULL,NULL,NULL,NULL,NULL,NULL,1863,NULL,NULL,'No'),('1865',1,'Achheja',NULL,'2015-08-04',NULL,NULL,'2015-08-04',NULL,'Paramjeet Nagar','Bhanu Nagar',NULL,NULL,'',1865,'','','Babita',NULL,NULL,NULL,NULL,NULL,NULL,NULL,NULL,NULL,NULL,1865,'1865',NULL,NULL,8,NULL,15,1,NULL,NULL,NULL,NULL,NULL,NULL,1865,NULL,NULL,'No'),('1867',1,'Sadopur',NULL,'2015-08-04',NULL,NULL,'2015-08-04',NULL,'Jitendra','Mahak',NULL,NULL,'',1867,'','','Resham',NULL,NULL,NULL,NULL,NULL,NULL,NULL,NULL,NULL,NULL,1867,'1867',NULL,NULL,8,NULL,16,1,NULL,NULL,NULL,NULL,NULL,NULL,1867,NULL,NULL,'No'),('1870',1,'Accheja',NULL,'2015-08-04',NULL,NULL,'2015-08-04',NULL,'Sanjay Nagar','Mayank Nagar',NULL,NULL,'',1870,'','','Kavtia Nagar',NULL,NULL,NULL,NULL,NULL,NULL,NULL,NULL,NULL,NULL,1870,'1870',NULL,NULL,13,NULL,26,1,NULL,NULL,NULL,NULL,NULL,NULL,1870,NULL,NULL,'No'),('1878',1,'Sadopur',NULL,'2015-08-04',NULL,NULL,'2015-08-04',NULL,'Laxman','Mansi',NULL,NULL,'',1878,'','','Savita',NULL,NULL,NULL,NULL,NULL,NULL,NULL,NULL,NULL,NULL,1878,'1878',NULL,NULL,8,NULL,16,1,NULL,NULL,NULL,NULL,NULL,NULL,1878,NULL,NULL,'No'),('1885',1,'Sadopur',NULL,'2015-08-04',NULL,NULL,'2015-08-04',NULL,'Madan Pal Singh','Parul',NULL,NULL,'',1885,'','','Gulshan',NULL,NULL,NULL,NULL,NULL,NULL,NULL,NULL,NULL,NULL,1885,'1885',NULL,NULL,8,NULL,15,1,NULL,NULL,NULL,NULL,NULL,NULL,1885,NULL,NULL,'No'),('1887',1,'Sadopur',NULL,'2015-08-04',NULL,NULL,'2015-08-04',NULL,'Virendra','Abhishek Hatwan',NULL,NULL,'',1887,'','','Manju',NULL,NULL,NULL,NULL,NULL,NULL,NULL,NULL,NULL,NULL,1887,'1887',NULL,NULL,10,NULL,19,1,NULL,NULL,NULL,NULL,NULL,NULL,1887,NULL,NULL,'No'),('1888',1,'Dadri',NULL,'2015-08-04',NULL,NULL,'2015-08-04',NULL,'Bablu','Shanawaj',NULL,NULL,'',1888,'','','Rajesh',NULL,NULL,NULL,NULL,NULL,NULL,NULL,NULL,NULL,NULL,1888,'1888',NULL,NULL,8,NULL,16,1,NULL,NULL,NULL,NULL,NULL,NULL,1888,NULL,NULL,'No'),('1889',1,'Dadri',NULL,'2015-08-04',NULL,NULL,'2015-08-04',NULL,'Raisuddin','Nadeem',NULL,NULL,'',1889,'','','Hakeeman',NULL,NULL,NULL,NULL,NULL,NULL,NULL,NULL,NULL,NULL,1889,'1889',NULL,NULL,13,NULL,40,1,NULL,NULL,NULL,NULL,NULL,NULL,1889,NULL,NULL,'No'),('1891',1,'Sadopur',NULL,'2015-08-04',NULL,NULL,'2015-08-04',NULL,'Ravinder','Manish Bhati',NULL,NULL,'',1891,'','','Geeta',NULL,NULL,NULL,NULL,NULL,NULL,NULL,NULL,NULL,NULL,1891,'1891',NULL,NULL,13,NULL,40,1,NULL,NULL,NULL,NULL,NULL,NULL,1891,NULL,NULL,'No'),('1892',1,'Dadri',NULL,'2015-08-04',NULL,NULL,'2015-08-04',NULL,'Raj Kumar Bhati','Robin Bhati',NULL,NULL,'',1892,'','','Mitlesh',NULL,NULL,NULL,NULL,NULL,NULL,NULL,NULL,NULL,NULL,1892,'1892',NULL,NULL,18,NULL,34,1,NULL,NULL,NULL,NULL,NULL,NULL,1892,NULL,NULL,'No'),('1898',1,'Accheja',NULL,'2015-08-04',NULL,NULL,'2015-08-04',NULL,'Pramod','Vishal',NULL,NULL,'',1898,'','','Savita',NULL,NULL,NULL,NULL,NULL,NULL,NULL,NULL,NULL,NULL,1898,'1898',NULL,NULL,21,NULL,37,1,NULL,NULL,NULL,NULL,NULL,NULL,1898,NULL,NULL,'No'),('1902',1,'Dhoom',NULL,'2015-08-04',NULL,NULL,'2015-08-04',NULL,'Satish','Sourabh',NULL,NULL,'',1902,'','','Babita',NULL,NULL,NULL,NULL,NULL,NULL,NULL,NULL,NULL,NULL,1902,'1902',NULL,NULL,8,NULL,15,1,NULL,NULL,NULL,NULL,NULL,NULL,1902,NULL,NULL,'No'),('1905',1,'Dadri',NULL,'2015-08-04',NULL,NULL,'2015-08-04',NULL,'Yogender Choudhary','Khushi Choudhary',NULL,NULL,'',1905,'','','Mamta',NULL,NULL,NULL,NULL,NULL,NULL,NULL,NULL,NULL,NULL,1905,'1905',NULL,NULL,12,NULL,24,1,NULL,NULL,NULL,NULL,NULL,NULL,1905,NULL,NULL,'No'),('1906',1,'Jaansiwana',NULL,'2015-08-04',NULL,NULL,'2015-08-04',NULL,'Bijendra','Kavish',NULL,NULL,'',1906,'','','Nitesh',NULL,NULL,NULL,NULL,NULL,NULL,NULL,NULL,NULL,NULL,1906,'1906',NULL,NULL,8,NULL,16,1,NULL,NULL,NULL,NULL,NULL,NULL,1906,NULL,NULL,'No'),('1907',1,'Dadri',NULL,'2015-08-04',NULL,NULL,'2015-08-04',NULL,'Deepak','Amit',NULL,NULL,'',1907,'','','Usha',NULL,NULL,NULL,NULL,NULL,NULL,NULL,NULL,NULL,NULL,1907,'1907',NULL,NULL,10,NULL,20,1,NULL,NULL,NULL,NULL,NULL,NULL,1907,NULL,NULL,'No'),('1909',1,'Badalpur',NULL,'2015-08-04',NULL,NULL,'2015-08-04',NULL,'Ranvir Nagar','Anjali Nagar',NULL,NULL,'',1909,'','','Abhilasha Nagar',NULL,NULL,NULL,NULL,NULL,NULL,NULL,NULL,NULL,NULL,1909,'1909',NULL,NULL,13,NULL,26,1,NULL,NULL,NULL,NULL,NULL,NULL,1909,NULL,NULL,'No'),('1910',1,'Dhoom',NULL,'2015-08-04',NULL,NULL,'2015-08-04',NULL,'Munesh','Chhavi',NULL,NULL,'',1910,'','','Somvati',NULL,NULL,NULL,NULL,NULL,NULL,NULL,NULL,NULL,NULL,1910,'1910',NULL,NULL,8,NULL,16,1,NULL,NULL,NULL,NULL,NULL,NULL,1910,NULL,NULL,'No'),('1916',1,'Dairy MAccha',NULL,'2015-08-04',NULL,NULL,'2015-08-04',NULL,'Richpal Singh','Rohit',NULL,NULL,'',1916,'','','Sunita',NULL,NULL,NULL,NULL,NULL,NULL,NULL,NULL,NULL,NULL,1916,'1916',NULL,NULL,8,NULL,15,1,NULL,NULL,NULL,NULL,NULL,NULL,1916,NULL,NULL,'No'),('1917',1,'Badalpur',NULL,'2015-08-04',NULL,NULL,'2015-08-04',NULL,'Devender Nagar','Ankit Nagar',NULL,NULL,'',1917,'','','Suman Nagar',NULL,NULL,NULL,NULL,NULL,NULL,NULL,NULL,NULL,NULL,1917,'1917',NULL,NULL,13,NULL,40,1,NULL,NULL,NULL,NULL,NULL,NULL,1917,NULL,NULL,'No'),('1922',1,'Sunpura',NULL,'2015-08-04',NULL,NULL,'2015-08-04',NULL,'Jitendra','Vanshika',NULL,NULL,'',1922,'','','Seema',NULL,NULL,NULL,NULL,NULL,NULL,NULL,NULL,NULL,NULL,1922,'1922',NULL,NULL,8,NULL,15,1,NULL,NULL,NULL,NULL,NULL,NULL,1922,NULL,NULL,'No'),('1924',1,'Badalpur',NULL,'2015-08-04',NULL,NULL,'2015-08-04',NULL,'Shripal','Mahak',NULL,NULL,'',1924,'','','Seeta',NULL,NULL,NULL,NULL,NULL,NULL,NULL,NULL,NULL,NULL,1924,'1924',NULL,NULL,8,NULL,15,1,NULL,NULL,NULL,NULL,NULL,NULL,1924,NULL,NULL,'No'),('1925',1,'Dujana',NULL,'2015-08-04',NULL,NULL,'2015-08-04',NULL,'Devendra','Vipanshu',NULL,NULL,'',1925,'','','Manju',NULL,NULL,NULL,NULL,NULL,NULL,NULL,NULL,NULL,NULL,1925,'1925',NULL,NULL,9,NULL,17,1,NULL,NULL,NULL,NULL,NULL,NULL,1925,NULL,NULL,'No'),('1926',1,'Dhoom',NULL,'2015-08-04',NULL,NULL,'2015-08-04',NULL,'Sunil','Vansh',NULL,NULL,'',1926,'','','Kaushal',NULL,NULL,NULL,NULL,NULL,NULL,NULL,NULL,NULL,NULL,1926,'1926',NULL,NULL,8,NULL,15,1,NULL,NULL,NULL,NULL,NULL,NULL,1926,NULL,NULL,'No'),('1928',1,'Dairy Machha',NULL,'2015-08-04',NULL,NULL,'2015-08-04',NULL,'Ramgopal','Tanisha',NULL,NULL,'',1928,'','','Vimla',NULL,NULL,NULL,NULL,NULL,NULL,NULL,NULL,NULL,NULL,1928,'1928',NULL,NULL,8,NULL,16,1,NULL,NULL,NULL,NULL,NULL,NULL,1928,NULL,NULL,'No'),('193',1,'Saini',NULL,'2015-08-04',NULL,NULL,'2015-08-04',NULL,'Parshuram','Prince Chhonkar',NULL,NULL,'',193,'','','Meela',NULL,NULL,NULL,NULL,NULL,NULL,NULL,NULL,NULL,NULL,193,'193',NULL,NULL,15,NULL,32,1,NULL,NULL,NULL,NULL,NULL,NULL,193,NULL,NULL,'No'),('1931',1,'Badalpur',NULL,'2015-08-04',NULL,NULL,'2015-08-04',NULL,'Narendra','Ritik Nagar',NULL,NULL,'',1931,'','','Rakamvati',NULL,NULL,NULL,NULL,NULL,NULL,NULL,NULL,NULL,NULL,1931,'1931',NULL,NULL,12,NULL,25,1,NULL,NULL,NULL,NULL,NULL,NULL,1931,NULL,NULL,'No'),('1935',1,'Badalpur',NULL,'2015-08-04',NULL,NULL,'2015-08-04',NULL,'Mangal','Prachi',NULL,NULL,'',1935,'','','Sundri',NULL,NULL,NULL,NULL,NULL,NULL,NULL,NULL,NULL,NULL,1935,'1935',NULL,NULL,9,NULL,17,1,NULL,NULL,NULL,NULL,NULL,NULL,1935,NULL,NULL,'No'),('1936',1,'Badalpur',NULL,'2015-08-04',NULL,NULL,'2015-08-04',NULL,'Mangal','Payal',NULL,NULL,'',1936,'','','Manju',NULL,NULL,NULL,NULL,NULL,NULL,NULL,NULL,NULL,NULL,1936,'1936',NULL,NULL,8,NULL,16,1,NULL,NULL,NULL,NULL,NULL,NULL,1936,NULL,NULL,'No'),('1942',1,'Bishnuli',NULL,'2015-08-04',NULL,NULL,'2015-08-04',NULL,'Om Prakash','Vipin',NULL,NULL,'',1942,'','','Krishna',NULL,NULL,NULL,NULL,NULL,NULL,NULL,NULL,NULL,NULL,1942,'1942',NULL,NULL,16,NULL,30,1,NULL,NULL,NULL,NULL,NULL,NULL,1942,NULL,NULL,'No'),('1943',1,'Dairy Maccha',NULL,'2015-08-04',NULL,NULL,'2015-08-04',NULL,'Uttam','Yash',NULL,NULL,'',1943,'','','Suman',NULL,NULL,NULL,NULL,NULL,NULL,NULL,NULL,NULL,NULL,1943,'1943',NULL,NULL,8,NULL,16,1,NULL,NULL,NULL,NULL,NULL,NULL,1943,NULL,NULL,'No'),('1959',1,'Badalpur',NULL,'2015-08-04',NULL,NULL,'2015-08-04',NULL,'Shyam Singh','Ankit Sg. Nagar',NULL,NULL,'',1959,'','','Asha Devi',NULL,NULL,NULL,NULL,NULL,NULL,NULL,NULL,NULL,NULL,1959,'1959',NULL,NULL,18,NULL,33,1,NULL,NULL,NULL,NULL,NULL,NULL,1959,NULL,NULL,'No'),('1960',1,'Badalpur',NULL,'2015-08-04',NULL,NULL,'2015-08-04',NULL,'Shyam Singh','Ranveer',NULL,NULL,'',1960,'','','Asha Devi',NULL,NULL,NULL,NULL,NULL,NULL,NULL,NULL,NULL,NULL,1960,'1960',NULL,NULL,13,NULL,40,1,NULL,NULL,NULL,NULL,NULL,NULL,1960,NULL,NULL,'No'),('1961',1,'Dairy Maccha',NULL,'2015-08-04',NULL,NULL,'2015-08-04',NULL,'Uttam Singh','Deep',NULL,NULL,'',1961,'','','Savita',NULL,NULL,NULL,NULL,NULL,NULL,NULL,NULL,NULL,NULL,1961,'1961',NULL,NULL,10,NULL,20,1,NULL,NULL,NULL,NULL,NULL,NULL,1961,NULL,NULL,'No'),('1963',1,'Dairy MAccha',NULL,'2015-08-04',NULL,NULL,'2015-08-04',NULL,'Anand','Deepanshu',NULL,NULL,'',1963,'','','Meenu',NULL,NULL,NULL,NULL,NULL,NULL,NULL,NULL,NULL,NULL,1963,'1963',NULL,NULL,11,NULL,21,1,NULL,NULL,NULL,NULL,NULL,NULL,1963,NULL,NULL,'No'),('1964',1,'Dujana',NULL,'2015-08-04',NULL,NULL,'2015-08-04',NULL,'Dinesh Nagar','Riya Nagar',NULL,NULL,'',1964,'','','Mitlesh',NULL,NULL,NULL,NULL,NULL,NULL,NULL,NULL,NULL,NULL,1964,'1964',NULL,NULL,12,NULL,25,1,NULL,NULL,NULL,NULL,NULL,NULL,1964,NULL,NULL,'No'),('1970',1,'Sadopur',NULL,'2015-08-04',NULL,NULL,'2015-08-04',NULL,'Ravinder','Nitin',NULL,NULL,'',1970,'','','Kavita',NULL,NULL,NULL,NULL,NULL,NULL,NULL,NULL,NULL,NULL,1970,'1970',NULL,NULL,21,NULL,37,1,NULL,NULL,NULL,NULL,NULL,NULL,1970,NULL,NULL,'No'),('1972',1,'Dujana',NULL,'2015-08-04',NULL,NULL,'2015-08-04',NULL,'Jitendra','Harsh',NULL,NULL,'',1972,'','','Reena',NULL,NULL,NULL,NULL,NULL,NULL,NULL,NULL,NULL,NULL,1972,'1972',NULL,NULL,8,NULL,16,1,NULL,NULL,NULL,NULL,NULL,NULL,1972,NULL,NULL,'No'),('1982',1,'Accheja',NULL,'2015-08-04',NULL,NULL,'2015-08-04',NULL,'Rakesh Nagar','Rahul Nagar',NULL,NULL,'',1982,'','','Sarita',NULL,NULL,NULL,NULL,NULL,NULL,NULL,NULL,NULL,NULL,1982,'1982',NULL,NULL,16,NULL,30,1,NULL,NULL,NULL,NULL,NULL,NULL,1982,NULL,NULL,'No'),('1987',1,'Dujana',NULL,'2015-08-04',NULL,NULL,'2015-08-04',NULL,'Dinesh','Harsh',NULL,NULL,'',1987,'','','Mitlesh',NULL,NULL,NULL,NULL,NULL,NULL,NULL,NULL,NULL,NULL,1987,'1987',NULL,NULL,9,NULL,38,1,NULL,NULL,NULL,NULL,NULL,NULL,1987,NULL,NULL,'No'),('1988',1,'Badalpur',NULL,'2015-08-04',NULL,NULL,'2015-08-04',NULL,'Mukesh Nagar','Isha Nagar',NULL,NULL,'',1988,'','','Reeta Nagar',NULL,NULL,NULL,NULL,NULL,NULL,NULL,NULL,NULL,NULL,1988,'1988',NULL,NULL,9,NULL,18,1,NULL,NULL,NULL,NULL,NULL,NULL,1988,NULL,NULL,'No'),('1989',1,'Badalpur',NULL,'2015-08-04',NULL,NULL,'2015-08-04',NULL,'Gyan Chand','Sagar',NULL,NULL,'',1989,'','','Maheswari',NULL,NULL,NULL,NULL,NULL,NULL,NULL,NULL,NULL,NULL,1989,'1989',NULL,NULL,13,NULL,40,1,NULL,NULL,NULL,NULL,NULL,NULL,1989,NULL,NULL,'No'),('1993',1,'Dujana',NULL,'2015-08-04',NULL,NULL,'2015-08-04',NULL,'Surender Sg. Nagar','Vishal Nagar',NULL,NULL,'',1993,'','','Sunita Devi',NULL,NULL,NULL,NULL,NULL,NULL,NULL,NULL,NULL,NULL,1993,'1993',NULL,NULL,20,NULL,35,1,NULL,NULL,NULL,NULL,NULL,NULL,1993,NULL,NULL,'No'),('2000',1,'Jaansiwana',NULL,'2015-08-04',NULL,NULL,'2015-08-27','','Sidhujeet','Lavesh Khari',NULL,NULL,'',2000,'',NULL,'Abha',NULL,NULL,NULL,NULL,NULL,NULL,NULL,NULL,NULL,NULL,2000,'2000',NULL,NULL,4,NULL,4,1,NULL,NULL,NULL,NULL,NULL,NULL,NULL,NULL,NULL,'No'),('2001',1,'Dhoom Manik Pur',NULL,'2015-08-04',NULL,NULL,'2015-08-27','','Balveer Singh','Arnav Tomar',NULL,NULL,'',2001,'',NULL,'Rajni',NULL,NULL,NULL,NULL,NULL,NULL,NULL,NULL,NULL,NULL,2001,'2001',NULL,NULL,4,NULL,4,1,NULL,NULL,NULL,NULL,NULL,NULL,NULL,NULL,NULL,'No'),('2002',1,'Achheja',NULL,'2015-08-04',NULL,NULL,'2015-08-27','','Ramanjeet Nagar','Aditi Nagar',NULL,NULL,'',2002,'',NULL,'Meeta',NULL,NULL,NULL,NULL,NULL,NULL,NULL,NULL,NULL,NULL,2002,'2002',NULL,NULL,4,NULL,4,1,NULL,NULL,NULL,NULL,NULL,NULL,NULL,NULL,NULL,'No'),('2003',1,'Badalpur',NULL,'2015-08-04',NULL,NULL,'2015-08-27','','Bhoop Singh','Daksh Singh',NULL,NULL,'',2003,'',NULL,'',NULL,NULL,NULL,NULL,NULL,NULL,NULL,NULL,NULL,NULL,2003,'2003',NULL,NULL,4,NULL,4,1,NULL,NULL,NULL,NULL,NULL,NULL,NULL,NULL,NULL,'No'),('2004',1,'DAiry Maccha',NULL,'2015-08-04',NULL,NULL,'2015-08-04',NULL,'Mukesh','Kunal Sharma',NULL,NULL,'',2004,'','','Seema',NULL,NULL,NULL,NULL,NULL,NULL,NULL,NULL,NULL,NULL,2004,'2004',NULL,NULL,9,NULL,17,1,NULL,NULL,NULL,NULL,NULL,NULL,2004,NULL,NULL,'No'),('2013',1,'Khairpur',NULL,'2015-08-04',NULL,NULL,'2015-08-04',NULL,'Suresh','Shivam',NULL,NULL,'',2013,'','','Poonam',NULL,NULL,NULL,NULL,NULL,NULL,NULL,NULL,NULL,NULL,2013,'2013',NULL,NULL,9,NULL,38,1,NULL,NULL,NULL,NULL,NULL,NULL,2013,NULL,NULL,'No'),('2023',1,'Diary Skinner',NULL,'2015-08-04',NULL,NULL,'2015-08-04',NULL,'Manoj','Yukta',NULL,NULL,'',2023,'','','Anita',NULL,NULL,NULL,NULL,NULL,NULL,NULL,NULL,NULL,NULL,2023,'2023',NULL,NULL,8,NULL,15,1,NULL,NULL,NULL,NULL,NULL,NULL,2023,NULL,NULL,'No'),('2024',1,'Kchhera',NULL,'2015-08-04',NULL,NULL,'2015-08-04',NULL,'Roshan Lal Nagar','Dinesh Nagar',NULL,NULL,'',2024,'','','Santosh Nagar',NULL,NULL,NULL,NULL,NULL,NULL,NULL,NULL,NULL,NULL,2024,'2024',NULL,NULL,13,NULL,40,1,NULL,NULL,NULL,NULL,NULL,NULL,2024,NULL,NULL,'No'),('203',1,'Bambawar',NULL,'2015-08-04',NULL,NULL,'2015-08-04',NULL,'Hemraj Nagar','Saurabh Nagar',NULL,NULL,'',203,'','','Kamal Nagar',NULL,NULL,NULL,NULL,NULL,NULL,NULL,NULL,NULL,NULL,203,'203',NULL,NULL,16,NULL,30,1,NULL,NULL,NULL,NULL,NULL,NULL,203,NULL,NULL,'No'),('2054',1,'Girdharpur',NULL,'2015-08-04',NULL,NULL,'2015-08-04',NULL,'Manoj Kumar','Anaya',NULL,NULL,'',2054,'','','Mamta',NULL,NULL,NULL,NULL,NULL,NULL,NULL,NULL,NULL,NULL,2054,'2054',NULL,NULL,17,NULL,31,1,NULL,NULL,NULL,NULL,NULL,NULL,2054,NULL,NULL,'No'),('2057',1,'Dairy Maccha',NULL,'2015-08-04',NULL,NULL,'2015-08-04',NULL,'Bheem','Sajal',NULL,NULL,'',2057,'','','Suman Sharma',NULL,NULL,NULL,NULL,NULL,NULL,NULL,NULL,NULL,NULL,2057,'2057',NULL,NULL,8,NULL,16,1,NULL,NULL,NULL,NULL,NULL,NULL,2057,NULL,NULL,'No'),('2058',1,'Dairy Maccha',NULL,'2015-08-04',NULL,NULL,'2015-08-04',NULL,'Bheem','Dhruva',NULL,NULL,'',2058,'','','Nitesh',NULL,NULL,NULL,NULL,NULL,NULL,NULL,NULL,NULL,NULL,2058,'2058',NULL,NULL,9,NULL,17,1,NULL,NULL,NULL,NULL,NULL,NULL,2058,NULL,NULL,'No'),('2061',1,'Badalpur',NULL,'2015-08-04',NULL,NULL,'2015-08-04',NULL,'Slake Chand','Anshu Nagar',NULL,NULL,'',2061,'','','Kamla Devi',NULL,NULL,NULL,NULL,NULL,NULL,NULL,NULL,NULL,NULL,2061,'2061',NULL,NULL,20,NULL,36,1,NULL,NULL,NULL,NULL,NULL,NULL,2061,NULL,NULL,'No'),('2077',1,'Dujana',NULL,'2015-08-04',NULL,NULL,'2015-08-04',NULL,'Nagendra','Chhavi',NULL,NULL,'',2077,'','','Punam',NULL,NULL,NULL,NULL,NULL,NULL,NULL,NULL,NULL,NULL,2077,'2077',NULL,NULL,8,NULL,15,1,NULL,NULL,NULL,NULL,NULL,NULL,2077,NULL,NULL,'No'),('2079',1,'Jaaniswana',NULL,'2015-08-04',NULL,NULL,'2015-08-04',NULL,'Brijesh','Harsh',NULL,NULL,'',2079,'','','Usha',NULL,NULL,NULL,NULL,NULL,NULL,NULL,NULL,NULL,NULL,2079,'2079',NULL,NULL,9,NULL,38,1,NULL,NULL,NULL,NULL,NULL,NULL,2079,NULL,NULL,'No'),('2081',1,'Sadullapur',NULL,'2015-08-04',NULL,NULL,'2015-08-04',NULL,'Inder','Abhishek Nagar',NULL,NULL,'',2081,'','','Anju Nagar',NULL,NULL,NULL,NULL,NULL,NULL,NULL,NULL,NULL,NULL,2081,'2081',NULL,NULL,12,NULL,25,1,NULL,NULL,NULL,NULL,NULL,NULL,2081,NULL,NULL,'No'),('2084',1,'Bambawar',NULL,'2015-08-04',NULL,NULL,'2015-08-04',NULL,'Omindra','Harsh',NULL,NULL,'',2084,'','','Somvati',NULL,NULL,NULL,NULL,NULL,NULL,NULL,NULL,NULL,NULL,2084,'2084',NULL,NULL,9,NULL,18,1,NULL,NULL,NULL,NULL,NULL,NULL,2084,NULL,NULL,'No'),('2086',1,'Dairy Maccha',NULL,'2015-08-04',NULL,NULL,'2015-08-04',NULL,'Jitendra','Kartik',NULL,NULL,'',2086,'','','Hema Negi',NULL,NULL,NULL,NULL,NULL,NULL,NULL,NULL,NULL,NULL,2086,'2086',NULL,NULL,8,NULL,15,1,NULL,NULL,NULL,NULL,NULL,NULL,2086,NULL,NULL,'No'),('2088',1,'Bambawar',NULL,'2015-08-04',NULL,NULL,'2015-08-04',NULL,'Omindra','Preet',NULL,NULL,'',2088,'','','Geeta',NULL,NULL,NULL,NULL,NULL,NULL,NULL,NULL,NULL,NULL,2088,'2088',NULL,NULL,8,NULL,16,1,NULL,NULL,NULL,NULL,NULL,NULL,2088,NULL,NULL,'No'),('2090',1,'Sadullapur',NULL,'2015-08-04',NULL,NULL,'2015-08-04',NULL,'Naresh','Lakshya',NULL,NULL,'',2090,'','','Renu Devi',NULL,NULL,NULL,NULL,NULL,NULL,NULL,NULL,NULL,NULL,2090,'2090',NULL,NULL,8,NULL,16,1,NULL,NULL,NULL,NULL,NULL,NULL,2090,NULL,NULL,'No'),('2092',1,'Dairy Maccha',NULL,'2015-08-04',NULL,NULL,'2015-08-04',NULL,'Vijay','Puneet',NULL,NULL,'',2092,'','','Jyoti Nagar',NULL,NULL,NULL,NULL,NULL,NULL,NULL,NULL,NULL,NULL,2092,'2092',NULL,NULL,8,NULL,15,1,NULL,NULL,NULL,NULL,NULL,NULL,2092,NULL,NULL,'No'),('2099',1,'Badalpur',NULL,'2015-08-04',NULL,NULL,'2015-08-04',NULL,'Narendra Nagar','Vishal Nagar',NULL,NULL,'',2099,'','','Kusum Devi',NULL,NULL,NULL,NULL,NULL,NULL,NULL,NULL,NULL,NULL,2099,'2099',NULL,NULL,18,NULL,33,1,NULL,NULL,NULL,NULL,NULL,NULL,2099,NULL,NULL,'No'),('2100',1,'Khairpur',NULL,'2015-08-04',NULL,NULL,'2015-08-04',NULL,'Satish Khari','Abhishek Khari',NULL,NULL,'',2100,'','','Sunita Kumar',NULL,NULL,NULL,NULL,NULL,NULL,NULL,NULL,NULL,NULL,2100,'2100',NULL,NULL,15,NULL,32,1,NULL,NULL,NULL,NULL,NULL,NULL,2100,NULL,NULL,'No'),('2102',1,'Dujana',NULL,'2015-08-04',NULL,NULL,'2015-08-04',NULL,'Munipal','Prince Singh',NULL,NULL,'',2102,'','','Mithlesh',NULL,NULL,NULL,NULL,NULL,NULL,NULL,NULL,NULL,NULL,2102,'2102',NULL,NULL,11,NULL,22,1,NULL,NULL,NULL,NULL,NULL,NULL,2102,NULL,NULL,'No'),('2103',1,'Dujana',NULL,'2015-08-04',NULL,NULL,'2015-08-04',NULL,'Munipal','Akash',NULL,NULL,'',2103,'','','Mithlesh',NULL,NULL,NULL,NULL,NULL,NULL,NULL,NULL,NULL,NULL,2103,'2103',NULL,NULL,11,NULL,21,1,NULL,NULL,NULL,NULL,NULL,NULL,2103,NULL,NULL,'No'),('2105',1,'Dadri',NULL,'2015-08-04',NULL,NULL,'2015-08-04',NULL,'Shrinath Yadav','Satyam Yadav',NULL,NULL,'',2105,'','','Vidya Devi',NULL,NULL,NULL,NULL,NULL,NULL,NULL,NULL,NULL,NULL,2105,'2105',NULL,NULL,18,NULL,33,1,NULL,NULL,NULL,NULL,NULL,NULL,2105,NULL,NULL,'No'),('2106',1,'Baidpura',NULL,'2015-08-04',NULL,NULL,'2015-08-04',NULL,'Gaurav','Aanya Garg',NULL,NULL,'',2106,'','','Babita',NULL,NULL,NULL,NULL,NULL,NULL,NULL,NULL,NULL,NULL,2106,'2106',NULL,NULL,7,NULL,12,1,NULL,NULL,NULL,NULL,NULL,NULL,2106,NULL,NULL,'No'),('2107',1,'Khera Dharampura',NULL,'2015-08-04',NULL,NULL,'2015-08-04',NULL,'Niranjan','Tushar',NULL,NULL,'',2107,'','','Reena',NULL,NULL,NULL,NULL,NULL,NULL,NULL,NULL,NULL,NULL,2107,'2107',NULL,NULL,11,NULL,22,1,NULL,NULL,NULL,NULL,NULL,NULL,2107,NULL,NULL,'No'),('2108',1,'Dairy Maccha',NULL,'2015-08-04',NULL,NULL,'2015-08-04',NULL,'Ishwar','Aman Nagar',NULL,NULL,'',2108,'','','Mithlesh',NULL,NULL,NULL,NULL,NULL,NULL,NULL,NULL,NULL,NULL,2108,'2108',NULL,NULL,7,NULL,13,1,NULL,NULL,NULL,NULL,NULL,NULL,2108,NULL,NULL,'No'),('2109',1,'Dairy Maccha',NULL,'2015-08-04',NULL,NULL,'2015-08-04',NULL,'Manoj','Anushaka',NULL,NULL,'',2109,'','','Kiran',NULL,NULL,NULL,NULL,NULL,NULL,NULL,NULL,NULL,NULL,2109,'2109',NULL,NULL,7,NULL,12,1,NULL,NULL,NULL,NULL,NULL,NULL,2109,NULL,NULL,'No'),('2110',1,'Dadri',NULL,'2015-08-04',NULL,NULL,'2015-08-04',NULL,'Raj Singh','Yashvindra Arya',NULL,NULL,'',2110,'','','Santosh Devi',NULL,NULL,NULL,NULL,NULL,NULL,NULL,NULL,NULL,NULL,2110,'2110',NULL,NULL,20,NULL,36,1,NULL,NULL,NULL,NULL,NULL,NULL,2110,NULL,NULL,'No'),('2111',1,'Kurikhera',NULL,'2015-08-04',NULL,NULL,'2015-08-04',NULL,'Amod Nagar','Arvind Nagar',NULL,NULL,'',2111,'','','Savita',NULL,NULL,NULL,NULL,NULL,NULL,NULL,NULL,NULL,NULL,2111,'2111',NULL,NULL,7,NULL,12,1,NULL,NULL,NULL,NULL,NULL,NULL,2111,NULL,NULL,'No'),('2113',1,'Sadullapur',NULL,'2015-08-04',NULL,NULL,'2015-08-04',NULL,'Sudhir Nagar','Aashish Nagar',NULL,NULL,'',2113,'','','Vimla Nagar',NULL,NULL,NULL,NULL,NULL,NULL,NULL,NULL,NULL,NULL,2113,'2113',NULL,NULL,15,NULL,28,1,NULL,NULL,NULL,NULL,NULL,NULL,2113,NULL,NULL,'No'),('2114',1,'D.m',NULL,'2015-08-04',NULL,NULL,'2015-08-04',NULL,'Mukesh','Aakash Sharma',NULL,NULL,'',2114,'','','Neeraj',NULL,NULL,NULL,NULL,NULL,NULL,NULL,NULL,NULL,NULL,2114,'2114',NULL,NULL,7,NULL,12,1,NULL,NULL,NULL,NULL,NULL,NULL,2114,NULL,NULL,'No'),('2115',1,'Dadri',NULL,'2015-08-04',NULL,NULL,'2015-08-04',NULL,'Shiv Kumar Sharma','Ashish Sharma',NULL,NULL,'',2115,'','','Rajbala Sharma',NULL,NULL,NULL,NULL,NULL,NULL,NULL,NULL,NULL,NULL,2115,'2115',NULL,NULL,18,NULL,34,1,NULL,NULL,NULL,NULL,NULL,NULL,2115,NULL,NULL,'No'),('2116',1,'Dairy Maccha',NULL,'2015-08-04',NULL,NULL,'2015-08-04',NULL,'Ramgopal','Anshu',NULL,NULL,'',2116,'','','Poonam',NULL,NULL,NULL,NULL,NULL,NULL,NULL,NULL,NULL,NULL,2116,'2116',NULL,NULL,7,NULL,12,1,NULL,NULL,NULL,NULL,NULL,NULL,2116,NULL,NULL,'No'),('2117',1,'K.D.P.',NULL,'2015-08-04',NULL,NULL,'2015-08-04',NULL,'Niranjan','Vishal',NULL,NULL,'',2117,'','','Rashmi',NULL,NULL,NULL,NULL,NULL,NULL,NULL,NULL,NULL,NULL,2117,'2117',NULL,NULL,9,NULL,17,1,NULL,NULL,NULL,NULL,NULL,NULL,2117,NULL,NULL,'No'),('2119',1,'Jaansiwana',NULL,'2015-08-04',NULL,NULL,'2015-08-04',NULL,'Vikas','Anurag Khari',NULL,NULL,'',2119,'','','Kusum',NULL,NULL,NULL,NULL,NULL,NULL,NULL,NULL,NULL,NULL,2119,'2119',NULL,NULL,7,NULL,13,1,NULL,NULL,NULL,NULL,NULL,NULL,2119,NULL,NULL,'No'),('2120',1,'Sadullpaur',NULL,'2015-08-04',NULL,NULL,'2015-08-04',NULL,'Sanjay','Aman Kumar',NULL,NULL,'',2120,'','','Anita',NULL,NULL,NULL,NULL,NULL,NULL,NULL,NULL,NULL,NULL,2120,'2120',NULL,NULL,7,NULL,13,1,NULL,NULL,NULL,NULL,NULL,NULL,2120,NULL,NULL,'No'),('2121',1,'Dhoom',NULL,'2015-08-04',NULL,NULL,'2015-08-04',NULL,'Dhanpal','Aditya',NULL,NULL,'',2121,'','','Rajbala',NULL,NULL,NULL,NULL,NULL,NULL,NULL,NULL,NULL,NULL,2121,'2121',NULL,NULL,7,NULL,12,1,NULL,NULL,NULL,NULL,NULL,NULL,2121,NULL,NULL,'No'),('2122',1,'Dairy MAccha',NULL,'2015-08-04',NULL,NULL,'2015-08-04',NULL,'Vinod','Khushi',NULL,NULL,'',2122,'','','Sangeeta',NULL,NULL,NULL,NULL,NULL,NULL,NULL,NULL,NULL,NULL,2122,'2122',NULL,NULL,7,NULL,12,1,NULL,NULL,NULL,NULL,NULL,NULL,2122,NULL,NULL,'No'),('2123',1,'Dadri',NULL,'2015-08-04',NULL,NULL,'2015-08-04',NULL,'Dilip Singh','Nikita Singh',NULL,NULL,'',2123,'','','Archana Singh',NULL,NULL,NULL,NULL,NULL,NULL,NULL,NULL,NULL,NULL,2123,'2123',NULL,NULL,18,NULL,33,1,NULL,NULL,NULL,NULL,NULL,NULL,2123,NULL,NULL,'No'),('2125',1,'Dadri',NULL,'2015-08-04',NULL,NULL,'2015-08-04',NULL,'Shiv Garg','Kanishka Garg',NULL,NULL,'',2125,'','','Radha Garg',NULL,NULL,NULL,NULL,NULL,NULL,NULL,NULL,NULL,NULL,2125,'2125',NULL,NULL,12,NULL,39,1,NULL,NULL,NULL,NULL,NULL,NULL,2125,NULL,NULL,'No'),('2126',1,'Dadri',NULL,'2015-08-04',NULL,NULL,'2015-08-04',NULL,'Dilip Kumar','Harsh',NULL,NULL,'',2126,'','','Archana Singh',NULL,NULL,NULL,NULL,NULL,NULL,NULL,NULL,NULL,NULL,2126,'2126',NULL,NULL,14,NULL,27,1,NULL,NULL,NULL,NULL,NULL,NULL,2126,NULL,NULL,'No'),('2127',1,'Sadopur',NULL,'2015-08-04',NULL,NULL,'2015-08-04',NULL,'Rajeev','Ishu Baisoya',NULL,NULL,'',2127,'','','Poonam',NULL,NULL,NULL,NULL,NULL,NULL,NULL,NULL,NULL,NULL,2127,'2127',NULL,NULL,7,NULL,12,1,NULL,NULL,NULL,NULL,NULL,NULL,2127,NULL,NULL,'No'),('2130',1,'Badalpur',NULL,'2015-08-04',NULL,NULL,'2015-08-04',NULL,'Rakesh','Kunal Kumar',NULL,NULL,'',2130,'','','Manju',NULL,NULL,NULL,NULL,NULL,NULL,NULL,NULL,NULL,NULL,2130,'2130',NULL,NULL,7,NULL,13,1,NULL,NULL,NULL,NULL,NULL,NULL,2130,NULL,NULL,'No'),('2132',1,'Dairy MAccha',NULL,'2015-08-04',NULL,NULL,'2015-08-04',NULL,'Ashok','Kamya',NULL,NULL,'',2132,'','','Sudesh',NULL,NULL,NULL,NULL,NULL,NULL,NULL,NULL,NULL,NULL,2132,'2132',NULL,NULL,7,NULL,12,1,NULL,NULL,NULL,NULL,NULL,NULL,2132,NULL,NULL,'No'),('2135',1,'Dhoom',NULL,'2015-08-04',NULL,NULL,'2015-08-04',NULL,'Padam','Karan Kumar',NULL,NULL,'',2135,'','','Seema',NULL,NULL,NULL,NULL,NULL,NULL,NULL,NULL,NULL,NULL,2135,'2135',NULL,NULL,7,NULL,12,1,NULL,NULL,NULL,NULL,NULL,NULL,2135,NULL,NULL,'No'),('2136',1,'Sadopur',NULL,'2015-08-04',NULL,NULL,'2015-08-04',NULL,'Dinesh','Harsh Baisoya',NULL,NULL,'',2136,'','','Sudesh Nagar',NULL,NULL,NULL,NULL,NULL,NULL,NULL,NULL,NULL,NULL,2136,'2136',NULL,NULL,7,NULL,12,1,NULL,NULL,NULL,NULL,NULL,NULL,2136,NULL,NULL,'No'),('2137',1,'Dadri',NULL,'2015-08-04',NULL,NULL,'2015-08-04',NULL,'Shripal Singh','Bharat Kumar',NULL,NULL,'',2137,'','','Bharamwati',NULL,NULL,NULL,NULL,NULL,NULL,NULL,NULL,NULL,NULL,2137,'2137',NULL,NULL,18,NULL,33,1,NULL,NULL,NULL,NULL,NULL,NULL,2137,NULL,NULL,'No'),('2139',1,'Dadri',NULL,'2015-08-04',NULL,NULL,'2015-08-04',NULL,'Sushil Prakash','Sohit Pal',NULL,NULL,'',2139,'','','Geeta Pal',NULL,NULL,NULL,NULL,NULL,NULL,NULL,NULL,NULL,NULL,2139,'2139',NULL,NULL,18,NULL,34,1,NULL,NULL,NULL,NULL,NULL,NULL,2139,NULL,NULL,'No'),('2141',1,'Achheja',NULL,'2015-08-04',NULL,NULL,'2015-08-04',NULL,'Gabbar Nagar','Mayank Nagar',NULL,NULL,'',2141,'','','Babita',NULL,NULL,NULL,NULL,NULL,NULL,NULL,NULL,NULL,NULL,2141,'2141',NULL,NULL,7,NULL,12,1,NULL,NULL,NULL,NULL,NULL,NULL,2141,NULL,NULL,'No'),('2143',1,'Dairy MAccha',NULL,'2015-08-04',NULL,NULL,'2015-08-04',NULL,'Hemkaran','Mansi',NULL,NULL,'',2143,'','','Geeta',NULL,NULL,NULL,NULL,NULL,NULL,NULL,NULL,NULL,NULL,2143,'2143',NULL,NULL,7,NULL,12,1,NULL,NULL,NULL,NULL,NULL,NULL,2143,NULL,NULL,'No'),('2144',1,'Hari Kaa Baag',NULL,'2015-08-04',NULL,NULL,'2015-08-04',NULL,'Sanjay Nagar','Monti Nagar',NULL,NULL,'',2144,'','','Saroj Nagar',NULL,NULL,NULL,NULL,NULL,NULL,NULL,NULL,NULL,NULL,2144,'2144',NULL,NULL,12,NULL,24,1,NULL,NULL,NULL,NULL,NULL,NULL,2144,NULL,NULL,'No'),('2146',1,'Hari chand Ka Baag',NULL,'2015-08-04',NULL,NULL,'2015-08-04',NULL,'Sanjay','Rishab',NULL,NULL,'',2146,'','','Saroj',NULL,NULL,NULL,NULL,NULL,NULL,NULL,NULL,NULL,NULL,2146,'2146',NULL,NULL,11,NULL,22,1,NULL,NULL,NULL,NULL,NULL,NULL,2146,NULL,NULL,'No'),('2147',1,'Achheja',NULL,'2015-08-04',NULL,NULL,'2015-08-04',NULL,'Satendra','Nishant Nagar',NULL,NULL,'',2147,'','','Anjum',NULL,NULL,NULL,NULL,NULL,NULL,NULL,NULL,NULL,NULL,2147,'2147',NULL,NULL,7,NULL,12,1,NULL,NULL,NULL,NULL,NULL,NULL,2147,NULL,NULL,'No'),('2148',1,'Dadri',NULL,'2015-08-04',NULL,NULL,'2015-08-04',NULL,'Gajender','Janvi',NULL,NULL,'',2148,'','','Sudha',NULL,NULL,NULL,NULL,NULL,NULL,NULL,NULL,NULL,NULL,2148,'2148',NULL,NULL,10,NULL,20,1,NULL,NULL,NULL,NULL,NULL,NULL,2148,NULL,NULL,'No'),('2149',1,'Dujana',NULL,'2015-08-04',NULL,NULL,'2015-08-04',NULL,'Parvinder','Naman',NULL,NULL,'',2149,'','','Reeta Nagar',NULL,NULL,NULL,NULL,NULL,NULL,NULL,NULL,NULL,NULL,2149,'2149',NULL,NULL,7,NULL,12,1,NULL,NULL,NULL,NULL,NULL,NULL,2149,NULL,NULL,'No'),('2151',1,'Bishnouli',NULL,'2015-08-04',NULL,NULL,'2015-08-04',NULL,'Jaivendra','Prince',NULL,NULL,'',2151,'','','Sunita',NULL,NULL,NULL,NULL,NULL,NULL,NULL,NULL,NULL,NULL,2151,'2151',NULL,NULL,7,NULL,12,1,NULL,NULL,NULL,NULL,NULL,NULL,2151,NULL,NULL,'No'),('2152',1,'dadri',NULL,'2015-08-04',NULL,NULL,'2015-08-04',NULL,'Pushpendra Chaudhary','Saurav Chaudhary',NULL,NULL,'',2152,'','','Rekha Chaudhary',NULL,NULL,NULL,NULL,NULL,NULL,NULL,NULL,NULL,NULL,2152,'2152',NULL,NULL,11,NULL,22,1,NULL,NULL,NULL,NULL,NULL,NULL,2152,NULL,NULL,'No'),('2153',1,'Badalpur',NULL,'2015-08-04',NULL,NULL,'2015-08-04',NULL,'Dheerandra','Prince Bhati',NULL,NULL,'',2153,'','','Rajesh',NULL,NULL,NULL,NULL,NULL,NULL,NULL,NULL,NULL,NULL,2153,'2153',NULL,NULL,7,NULL,13,1,NULL,NULL,NULL,NULL,NULL,NULL,2153,NULL,NULL,'No'),('2155',1,'Sadopur',NULL,'2015-08-04',NULL,NULL,'2015-08-04',NULL,'Pawan','Priyanshu',NULL,NULL,'',2155,'','','Anshu',NULL,NULL,NULL,NULL,NULL,NULL,NULL,NULL,NULL,NULL,2155,'2155',NULL,NULL,7,NULL,12,1,NULL,NULL,NULL,NULL,NULL,NULL,2155,NULL,NULL,'No'),('2157',1,'Badalpur',NULL,'2015-08-04',NULL,NULL,'2015-08-04',NULL,'Shyamveer','Abhishek',NULL,NULL,'',2157,'','','Shyamwati',NULL,NULL,NULL,NULL,NULL,NULL,NULL,NULL,NULL,NULL,2157,'2157',NULL,NULL,11,NULL,22,1,NULL,NULL,NULL,NULL,NULL,NULL,2157,NULL,NULL,'No'),('2159',1,'Badalpur',NULL,'2015-08-04',NULL,NULL,'2015-08-04',NULL,'Prahlad Kumar','Diksha Rani',NULL,NULL,'',2159,'','','Kavita Rani',NULL,NULL,NULL,NULL,NULL,NULL,NULL,NULL,NULL,NULL,2159,'2159',NULL,NULL,13,NULL,40,1,NULL,NULL,NULL,NULL,NULL,NULL,2159,NULL,NULL,'No'),('2160',1,'Sadullapur',NULL,'2015-08-04',NULL,NULL,'2015-08-04',NULL,'Riyajuddin','Saniya Saifi',NULL,NULL,'',2160,'','','Kavita',NULL,NULL,NULL,NULL,NULL,NULL,NULL,NULL,NULL,NULL,2160,'2160',NULL,NULL,7,NULL,12,1,NULL,NULL,NULL,NULL,NULL,NULL,2160,NULL,NULL,'No'),('2162',1,'BAdalpur',NULL,'2015-08-04',NULL,NULL,'2015-08-04',NULL,'Prahlad Kumar','Shikha Rani',NULL,NULL,'',2162,'','','Kavita Rani',NULL,NULL,NULL,NULL,NULL,NULL,NULL,NULL,NULL,NULL,2162,'2162',NULL,NULL,12,NULL,24,1,NULL,NULL,NULL,NULL,NULL,NULL,2162,NULL,NULL,'No'),('2163',1,'Dairy MAccha',NULL,'2015-08-04',NULL,NULL,'2015-08-04',NULL,'Rakseh','Tanya Sharma',NULL,NULL,'',2163,'','','Indu',NULL,NULL,NULL,NULL,NULL,NULL,NULL,NULL,NULL,NULL,2163,'2163',NULL,NULL,7,NULL,13,1,NULL,NULL,NULL,NULL,NULL,NULL,2163,NULL,NULL,'No'),('2164',1,'Dadri',NULL,'2015-08-04',NULL,NULL,'2015-08-04',NULL,'Pushpendra Chaudhary','Sonam Chaudhary',NULL,NULL,'',2164,'','','Rekha Chaudhary',NULL,NULL,NULL,NULL,NULL,NULL,NULL,NULL,NULL,NULL,2164,'2164',NULL,NULL,20,NULL,35,1,NULL,NULL,NULL,NULL,NULL,NULL,2164,NULL,NULL,'No'),('2165',1,'Badalpur',NULL,'2015-08-04',NULL,NULL,'2015-08-04',NULL,'Mukesh Nagar','Trapti Nagar',NULL,NULL,'',2165,'','','Neetu',NULL,NULL,NULL,NULL,NULL,NULL,NULL,NULL,NULL,NULL,2165,'2165',NULL,NULL,7,NULL,12,1,NULL,NULL,NULL,NULL,NULL,NULL,2165,NULL,NULL,'No'),('2167',1,'A.F station',NULL,'2015-08-04',NULL,NULL,'2015-08-04',NULL,'Tara Chand','Vanshika',NULL,NULL,'',2167,'','','Babita',NULL,NULL,NULL,NULL,NULL,NULL,NULL,NULL,NULL,NULL,2167,'2167',NULL,NULL,7,NULL,12,1,NULL,NULL,NULL,NULL,NULL,NULL,2167,NULL,NULL,'No'),('2168',1,'Kurikhera',NULL,'2015-08-04',NULL,NULL,'2015-08-04',NULL,'Lalit','Yash',NULL,NULL,'',2168,'','','Neeraj',NULL,NULL,NULL,NULL,NULL,NULL,NULL,NULL,NULL,NULL,2168,'2168',NULL,NULL,7,NULL,14,1,NULL,NULL,NULL,NULL,NULL,NULL,2168,NULL,NULL,'No'),('2170',1,'Achheja',NULL,'2015-08-04',NULL,NULL,'2015-08-04',NULL,'Kapil','Vansh Nagar',NULL,NULL,'',2170,'','','Indresh',NULL,NULL,NULL,NULL,NULL,NULL,NULL,NULL,NULL,NULL,2170,'2170',NULL,NULL,7,NULL,12,1,NULL,NULL,NULL,NULL,NULL,NULL,2170,NULL,NULL,'No'),('2171',1,'Dadri',NULL,'2015-08-04',NULL,NULL,'2015-08-04',NULL,'Ranbeer Negi','Swati Negi',NULL,NULL,'',2171,'','','Roshani Negi',NULL,NULL,NULL,NULL,NULL,NULL,NULL,NULL,NULL,NULL,2171,'2171',NULL,NULL,18,NULL,34,1,NULL,NULL,NULL,NULL,NULL,NULL,2171,NULL,NULL,'No'),('2172',1,'Dairy MAccha',NULL,'2015-08-04',NULL,NULL,'2015-08-04',NULL,'Santosh','Veer Gautam',NULL,NULL,'',2172,'','','Anita',NULL,NULL,NULL,NULL,NULL,NULL,NULL,NULL,NULL,NULL,2172,'2172',NULL,NULL,7,NULL,13,1,NULL,NULL,NULL,NULL,NULL,NULL,2172,NULL,NULL,'No'),('2174',1,'Dairy MAccha',NULL,'2015-08-04',NULL,NULL,'2015-08-04',NULL,'Krishan Pal','Vidhika',NULL,NULL,'',2174,'','','Geeta',NULL,NULL,NULL,NULL,NULL,NULL,NULL,NULL,NULL,NULL,2174,'2174',NULL,NULL,7,NULL,12,1,NULL,NULL,NULL,NULL,NULL,NULL,2174,NULL,NULL,'No'),('2175',1,'Dadri',NULL,'2015-08-04',NULL,NULL,'2015-08-04',NULL,'Pramod','Sandhya Sharma',NULL,NULL,'',2175,'','','Meera',NULL,NULL,NULL,NULL,NULL,NULL,NULL,NULL,NULL,NULL,2175,'2175',NULL,NULL,18,NULL,34,1,NULL,NULL,NULL,NULL,NULL,NULL,2175,NULL,NULL,'No'),('2176',1,'Jaansiwana',NULL,'2015-08-04',NULL,NULL,'2015-08-04',NULL,'Satish','Yash Khari',NULL,NULL,'',2176,'','','Khushnuma Khan',NULL,NULL,NULL,NULL,NULL,NULL,NULL,NULL,NULL,NULL,2176,'2176',NULL,NULL,7,NULL,13,1,NULL,NULL,NULL,NULL,NULL,NULL,2176,NULL,NULL,'No'),('2178',1,'Khera Dharampura',NULL,'2015-08-04',NULL,NULL,'2015-08-04',NULL,'Mahesh','Deepanshi',NULL,NULL,'',2178,'','','Rekha',NULL,NULL,NULL,NULL,NULL,NULL,NULL,NULL,NULL,NULL,2178,'2178',NULL,NULL,7,NULL,12,1,NULL,NULL,NULL,NULL,NULL,NULL,2178,NULL,NULL,'No'),('2182',1,'Kachera',NULL,'2015-08-04',NULL,NULL,'2015-08-04',NULL,'Anil Nagar','Meenu Nagar',NULL,NULL,'',2182,'','','Manju Nagar',NULL,NULL,NULL,NULL,NULL,NULL,NULL,NULL,NULL,NULL,2182,'2182',NULL,NULL,12,NULL,24,1,NULL,NULL,NULL,NULL,NULL,NULL,2182,NULL,NULL,'No'),('2183',1,'Kurikhera',NULL,'2015-08-04',NULL,NULL,'2015-08-04',NULL,'Harinder','Bhawna Sharma',NULL,NULL,'',2183,'','','Babita',NULL,NULL,NULL,NULL,NULL,NULL,NULL,NULL,NULL,NULL,2183,'2183',NULL,NULL,7,NULL,13,1,NULL,NULL,NULL,NULL,NULL,NULL,2183,NULL,NULL,'No'),('2184',1,'Dadri',NULL,'2015-08-04',NULL,NULL,'2015-08-04',NULL,'Joginder','Anshika Chauhan',NULL,NULL,'',2184,'','','Rekha',NULL,NULL,NULL,NULL,NULL,NULL,NULL,NULL,NULL,NULL,2184,'2184',NULL,NULL,14,NULL,27,1,NULL,NULL,NULL,NULL,NULL,NULL,2184,NULL,NULL,'No'),('2185',1,'Saini',NULL,'2015-08-04',NULL,NULL,'2015-08-04',NULL,'Bhavinder','Ekta Nagar',NULL,NULL,'',2185,'','','Geeta',NULL,NULL,NULL,NULL,NULL,NULL,NULL,NULL,NULL,NULL,2185,'2185',NULL,NULL,7,NULL,13,1,NULL,NULL,NULL,NULL,NULL,NULL,2185,NULL,NULL,'No'),('2186',1,'Kachera',NULL,'2015-08-04',NULL,NULL,'2015-08-04',NULL,'Anil Nagar','Rinku Nagar',NULL,NULL,'',2186,'','','Manju Nagar',NULL,NULL,NULL,NULL,NULL,NULL,NULL,NULL,NULL,NULL,2186,'2186',NULL,NULL,12,NULL,24,1,NULL,NULL,NULL,NULL,NULL,NULL,2186,NULL,NULL,'No'),('2188',1,'Sadopur',NULL,'2015-08-04',NULL,NULL,'2015-08-04',NULL,'Sandeep','Ishika Sharma',NULL,NULL,'',2188,'','','Asha',NULL,NULL,NULL,NULL,NULL,NULL,NULL,NULL,NULL,NULL,2188,'2188',NULL,NULL,7,NULL,13,1,NULL,NULL,NULL,NULL,NULL,NULL,2188,NULL,NULL,'No'),('2189',1,'Kachera',NULL,'2015-08-04',NULL,NULL,'2015-08-04',NULL,'Anil Nagar','Tinku Nagar',NULL,NULL,'',2189,'','','Manju Nagar',NULL,NULL,NULL,NULL,NULL,NULL,NULL,NULL,NULL,NULL,2189,'2189',NULL,NULL,12,NULL,24,1,NULL,NULL,NULL,NULL,NULL,NULL,2189,NULL,NULL,'No'),('2193',1,'Jaansiwana',NULL,'2015-08-04',NULL,NULL,'2015-08-04',NULL,'Satish','Kashish Khari',NULL,NULL,'',2193,'','','Pooja',NULL,NULL,NULL,NULL,NULL,NULL,NULL,NULL,NULL,NULL,2193,'2193',NULL,NULL,7,NULL,13,1,NULL,NULL,NULL,NULL,NULL,NULL,2193,NULL,NULL,'No'),('2194',1,'Dhoom Kheda',NULL,'2015-08-04',NULL,NULL,'2015-08-04',NULL,'Jitendra','Swati Nagar',NULL,NULL,'',2194,'','','Om Bati',NULL,NULL,NULL,NULL,NULL,NULL,NULL,NULL,NULL,NULL,2194,'2194',NULL,NULL,18,NULL,34,1,NULL,NULL,NULL,NULL,NULL,NULL,2194,NULL,NULL,'No'),('2195',1,'Dadri',NULL,'2015-08-04',NULL,NULL,'2015-08-04',NULL,'Moh. Ahamad Khan','Muniza Khan',NULL,NULL,'',2195,'','','Meenu',NULL,NULL,NULL,NULL,NULL,NULL,NULL,NULL,NULL,NULL,2195,'2195',NULL,NULL,7,NULL,13,1,NULL,NULL,NULL,NULL,NULL,NULL,2195,NULL,NULL,'No'),('2196',1,'Khera dharampura',NULL,'2015-08-04',NULL,NULL,'2015-08-04',NULL,'Bijendra Sharma','Mansi Sharma',NULL,NULL,'',2196,'','','Usha Sharma',NULL,NULL,NULL,NULL,NULL,NULL,NULL,NULL,NULL,NULL,2196,'2196',NULL,NULL,20,NULL,35,1,NULL,NULL,NULL,NULL,NULL,NULL,2196,NULL,NULL,'No'),('2197',1,'Dairy Maccha',NULL,'2015-08-04',NULL,NULL,'2015-08-04',NULL,'Ramgopal','Mannu',NULL,NULL,'',2197,'','','Seema',NULL,NULL,NULL,NULL,NULL,NULL,NULL,NULL,NULL,NULL,2197,'2197',NULL,NULL,7,NULL,13,1,NULL,NULL,NULL,NULL,NULL,NULL,2197,NULL,NULL,'No'),('2201',1,'Sadopur',NULL,'2015-08-04',NULL,NULL,'2015-08-04',NULL,'Sh. Dhyan Singh','Nikhil Baisoya',NULL,NULL,'',2201,'','','Poonam',NULL,NULL,NULL,NULL,NULL,NULL,NULL,NULL,NULL,NULL,2201,'2201',NULL,NULL,7,NULL,13,1,NULL,NULL,NULL,NULL,NULL,NULL,2201,NULL,NULL,'No'),('2202',1,'Dadri',NULL,'2015-08-04',NULL,NULL,'2015-08-04',NULL,'Kanhaiya Lal Goyal','Mohit Goyal',NULL,NULL,'',2202,'','','Sarita Goyal',NULL,NULL,NULL,NULL,NULL,NULL,NULL,NULL,NULL,NULL,2202,'2202',NULL,NULL,18,NULL,34,1,NULL,NULL,NULL,NULL,NULL,NULL,2202,NULL,NULL,'No'),('2207',1,'Bishnouli',NULL,'2015-08-04',NULL,NULL,'2015-08-04',NULL,'Bijender','Pooja Bharti',NULL,NULL,'',2207,'','','Ombati',NULL,NULL,NULL,NULL,NULL,NULL,NULL,NULL,NULL,NULL,2207,'2207',NULL,NULL,7,NULL,13,1,NULL,NULL,NULL,NULL,NULL,NULL,2207,NULL,NULL,'No'),('2209',1,'Bishnouli',NULL,'2015-08-04',NULL,NULL,'2015-08-04',NULL,'Yogender','Rishabh Bhati',NULL,NULL,'',2209,'','','Suman',NULL,NULL,NULL,NULL,NULL,NULL,NULL,NULL,NULL,NULL,2209,'2209',NULL,NULL,7,NULL,13,1,NULL,NULL,NULL,NULL,NULL,NULL,2209,NULL,NULL,'No'),('2210',1,'Dairy Maccha',NULL,'2015-08-04',NULL,NULL,'2015-08-04',NULL,'Somveer','Rahul Kumar',NULL,NULL,'',2210,'','','Poonam',NULL,NULL,NULL,NULL,NULL,NULL,NULL,NULL,NULL,NULL,2210,'2210',NULL,NULL,7,NULL,13,1,NULL,NULL,NULL,NULL,NULL,NULL,2210,NULL,NULL,'No'),('2211',1,'Dadri',NULL,'2015-08-04',NULL,NULL,'2015-08-04',NULL,'Sarvesh Kr. Dubey','Saurabh Dubey',NULL,NULL,'',2211,'','','Rajni Dubey',NULL,NULL,NULL,NULL,NULL,NULL,NULL,NULL,NULL,NULL,2211,'2211',NULL,NULL,18,NULL,33,1,NULL,NULL,NULL,NULL,NULL,NULL,2211,NULL,NULL,'No'),('2214',1,'Dadri',NULL,'2015-08-04',NULL,NULL,'2015-08-04',NULL,'Trilok Chand Sharma','Kamal Kant Kaushik',NULL,NULL,'',2214,'','','Bala Sharma',NULL,NULL,NULL,NULL,NULL,NULL,NULL,NULL,NULL,NULL,2214,'2214',NULL,NULL,18,NULL,34,1,NULL,NULL,NULL,NULL,NULL,NULL,2214,NULL,NULL,'No'),('2215',1,'Achheja',NULL,'2015-08-04',NULL,NULL,'2015-08-04',NULL,'Anil Kumar','Shivam Nagar',NULL,NULL,'',2215,'','','Neeraj',NULL,NULL,NULL,NULL,NULL,NULL,NULL,NULL,NULL,NULL,2215,'2215',NULL,NULL,7,NULL,13,1,NULL,NULL,NULL,NULL,NULL,NULL,2215,NULL,NULL,'No'),('2216',1,'Bishnouli',NULL,'2015-08-04',NULL,NULL,'2015-08-04',NULL,'Vijay','Tashu Rousa',NULL,NULL,'',2216,'','','Shandiya',NULL,NULL,NULL,NULL,NULL,NULL,NULL,NULL,NULL,NULL,2216,'2216',NULL,NULL,7,NULL,13,1,NULL,NULL,NULL,NULL,NULL,NULL,2216,NULL,NULL,'No'),('2218',1,'Dadri',NULL,'2015-08-04',NULL,NULL,'2015-08-04',NULL,'Trilok Chand Sharma','Prachi Sharma',NULL,NULL,'',2218,'','','Bala Sharma',NULL,NULL,NULL,NULL,NULL,NULL,NULL,NULL,NULL,NULL,2218,'2218',NULL,NULL,13,NULL,26,1,NULL,NULL,NULL,NULL,NULL,NULL,2218,NULL,NULL,'No'),('2219',1,'Badalpur',NULL,'2015-08-04',NULL,NULL,'2015-08-04',NULL,'Bhoop Singh','Vanshika Kadam',NULL,NULL,'',2219,'','','Suman',NULL,NULL,NULL,NULL,NULL,NULL,NULL,NULL,NULL,NULL,2219,'2219',NULL,NULL,7,NULL,13,1,NULL,NULL,NULL,NULL,NULL,NULL,2219,NULL,NULL,'No'),('2220',1,'Sunpura',NULL,'2015-08-04',NULL,NULL,'2015-08-04',NULL,'Naveen','Vansh Kumar',NULL,NULL,'',2220,'','','Nisha',NULL,NULL,NULL,NULL,NULL,NULL,NULL,NULL,NULL,NULL,2220,'2220',NULL,NULL,7,NULL,13,1,NULL,NULL,NULL,NULL,NULL,NULL,2220,NULL,NULL,'No'),('2221',1,'Dairy MAccha',NULL,'2015-08-04',NULL,NULL,'2015-08-04',NULL,'Shyam Veer Nagar','Rahul Nagar',NULL,NULL,'',2221,'','','Geeta Nagar',NULL,NULL,NULL,NULL,NULL,NULL,NULL,NULL,NULL,NULL,2221,'2221',NULL,NULL,12,NULL,24,1,NULL,NULL,NULL,NULL,NULL,NULL,2221,NULL,NULL,'No'),('2222',1,'Baidpura',NULL,'2015-08-04',NULL,NULL,'2015-08-04',NULL,'Sachin','Vidhi Garg',NULL,NULL,'',2222,'','','Manju',NULL,NULL,NULL,NULL,NULL,NULL,NULL,NULL,NULL,NULL,2222,'2222',NULL,NULL,7,NULL,13,1,NULL,NULL,NULL,NULL,NULL,NULL,2222,NULL,NULL,'No'),('2223',1,'Sadullapur',NULL,'2015-08-04',NULL,NULL,'2015-08-04',NULL,'Satish','Yashika Pawar',NULL,NULL,'',2223,'','','Jyoti Nagar',NULL,NULL,NULL,NULL,NULL,NULL,NULL,NULL,NULL,NULL,2223,'2223',NULL,NULL,7,NULL,13,1,NULL,NULL,NULL,NULL,NULL,NULL,2223,NULL,NULL,'No'),('2224',1,'Dujana',NULL,'2015-08-04',NULL,NULL,'2015-08-04',NULL,'Rakesh Nagar','Abhishek Nagar',NULL,NULL,'',2224,'','','Seema Nagar',NULL,NULL,NULL,NULL,NULL,NULL,NULL,NULL,NULL,NULL,2224,'2224',NULL,NULL,12,NULL,24,1,NULL,NULL,NULL,NULL,NULL,NULL,2224,NULL,NULL,'No'),('2225',1,'Bishnouli',NULL,'2015-08-04',NULL,NULL,'2015-08-04',NULL,'Arun','Ayushi Bhati',NULL,NULL,'',2225,'','','Bala',NULL,NULL,NULL,NULL,NULL,NULL,NULL,NULL,NULL,NULL,2225,'2225',NULL,NULL,7,NULL,14,1,NULL,NULL,NULL,NULL,NULL,NULL,2225,NULL,NULL,'No'),('2229',1,'Saini',NULL,'2015-08-04',NULL,NULL,'2015-08-04',NULL,'Nijender','Avantika Nagar',NULL,NULL,'',2229,'','','Sunita',NULL,NULL,NULL,NULL,NULL,NULL,NULL,NULL,NULL,NULL,2229,'2229',NULL,NULL,7,NULL,14,1,NULL,NULL,NULL,NULL,NULL,NULL,2229,NULL,NULL,'No'),('2231',1,'Achheja',NULL,'2015-08-04',NULL,NULL,'2015-08-04',NULL,'Ramanjeet','Aryan Nagar',NULL,NULL,'',2231,'','','Sarita',NULL,NULL,NULL,NULL,NULL,NULL,NULL,NULL,NULL,NULL,2231,'2231',NULL,NULL,7,NULL,14,1,NULL,NULL,NULL,NULL,NULL,NULL,2231,NULL,NULL,'No'),('2233',1,'Dujana',NULL,'2015-08-04',NULL,NULL,'2015-08-04',NULL,'Jitendra','Sonu',NULL,NULL,'',2233,'','','Rakhi',NULL,NULL,NULL,NULL,NULL,NULL,NULL,NULL,NULL,NULL,2233,'2233',NULL,NULL,18,NULL,34,1,NULL,NULL,NULL,NULL,NULL,NULL,2233,NULL,NULL,'No'),('2234',1,'Dujana',NULL,'2015-08-04',NULL,NULL,'2015-08-04',NULL,'Naresh','Disha',NULL,NULL,'',2234,'','','Suman',NULL,NULL,NULL,NULL,NULL,NULL,NULL,NULL,NULL,NULL,2234,'2234',NULL,NULL,7,NULL,14,1,NULL,NULL,NULL,NULL,NULL,NULL,2234,NULL,NULL,'No'),('2236',1,'Bambawar',NULL,'2015-08-04',NULL,NULL,'2015-08-04',NULL,'Satpal Nagar','Manish Nagar',NULL,NULL,'',2236,'','','Meela Nagar',NULL,NULL,NULL,NULL,NULL,NULL,NULL,NULL,NULL,NULL,2236,'2236',NULL,NULL,12,NULL,24,1,NULL,NULL,NULL,NULL,NULL,NULL,2236,NULL,NULL,'No'),('2237',1,'Jaansiwana',NULL,'2015-08-04',NULL,NULL,'2015-08-04',NULL,'Yogender','Himanshu',NULL,NULL,'',2237,'','','Dinesh',NULL,NULL,NULL,NULL,NULL,NULL,NULL,NULL,NULL,NULL,2237,'2237',NULL,NULL,7,NULL,14,1,NULL,NULL,NULL,NULL,NULL,NULL,2237,NULL,NULL,'No'),('2238',1,'Dairy Maccha',NULL,'2015-08-04',NULL,NULL,'2015-08-04',NULL,'Yashpal','Kartik Singh',NULL,NULL,'',2238,'','','Manju',NULL,NULL,NULL,NULL,NULL,NULL,NULL,NULL,NULL,NULL,2238,'2238',NULL,NULL,7,NULL,14,1,NULL,NULL,NULL,NULL,NULL,NULL,2238,NULL,NULL,'No'),('2239',1,'Khera dharam Pura',NULL,'2015-08-04',NULL,NULL,'2015-08-04',NULL,'Mahesh Sharma','Richa Sharma',NULL,NULL,'',2239,'','','Neetu Sharma',NULL,NULL,NULL,NULL,NULL,NULL,NULL,NULL,NULL,NULL,2239,'2239',NULL,NULL,20,NULL,35,1,NULL,NULL,NULL,NULL,NULL,NULL,2239,NULL,NULL,'No'),('2240',1,'Baidpura',NULL,'2015-08-04',NULL,NULL,'2015-08-04',NULL,'Dalchand','Kavita',NULL,NULL,'',2240,'','','Babita',NULL,NULL,NULL,NULL,NULL,NULL,NULL,NULL,NULL,NULL,2240,'2240',NULL,NULL,7,NULL,14,1,NULL,NULL,NULL,NULL,NULL,NULL,2240,NULL,NULL,'No'),('2243',1,'Dairy Maccha',NULL,'2015-08-04',NULL,NULL,'2015-08-04',NULL,'Ajeet','Lucky',NULL,NULL,'',2243,'','','Savita',NULL,NULL,NULL,NULL,NULL,NULL,NULL,NULL,NULL,NULL,2243,'2243',NULL,NULL,7,NULL,14,1,NULL,NULL,NULL,NULL,NULL,NULL,2243,NULL,NULL,'No'),('2244',1,'Dairy Skinner',NULL,'2015-08-04',NULL,NULL,'2015-08-04',NULL,'Dinesh','Mayank',NULL,NULL,'',2244,'','','Seema',NULL,NULL,NULL,NULL,NULL,NULL,NULL,NULL,NULL,NULL,2244,'2244',NULL,NULL,7,NULL,14,1,NULL,NULL,NULL,NULL,NULL,NULL,2244,NULL,NULL,'No'),('2245',1,'Achheja',NULL,'2015-08-04',NULL,NULL,'2015-08-04',NULL,'Balraj Nagar','Manu Nagar',NULL,NULL,'',2245,'','','Gulson',NULL,NULL,NULL,NULL,NULL,NULL,NULL,NULL,NULL,NULL,2245,'2245',NULL,NULL,7,NULL,14,1,NULL,NULL,NULL,NULL,NULL,NULL,2245,NULL,NULL,'No'),('2246',1,'Dujana',NULL,'2015-08-04',NULL,NULL,'2015-08-04',NULL,'Kartar Singh','Mukul Nagar',NULL,NULL,'',2246,'','','Poonam Devi',NULL,NULL,NULL,NULL,NULL,NULL,NULL,NULL,NULL,NULL,2246,'2246',NULL,NULL,13,NULL,40,1,NULL,NULL,NULL,NULL,NULL,NULL,2246,NULL,NULL,'No'),('2248',1,'Dadri',NULL,'2015-08-04',NULL,NULL,'2015-08-04',NULL,'Arvind Kumar','Mayank Kumar',NULL,NULL,'',2248,'','','Poonam',NULL,NULL,NULL,NULL,NULL,NULL,NULL,NULL,NULL,NULL,2248,'2248',NULL,NULL,18,NULL,33,1,NULL,NULL,NULL,NULL,NULL,NULL,2248,NULL,NULL,'No'),('2250',1,'Mahawar',NULL,'2015-08-04',NULL,NULL,'2015-08-04',NULL,'Vinod','Nikhilesh',NULL,NULL,'',2250,'','','Monish',NULL,NULL,NULL,NULL,NULL,NULL,NULL,NULL,NULL,NULL,2250,'2250',NULL,NULL,7,NULL,14,1,NULL,NULL,NULL,NULL,NULL,NULL,2250,NULL,NULL,'No'),('2253',1,'Sadopur',NULL,'2015-08-04',NULL,NULL,'2015-08-04',NULL,'Manish','Prince',NULL,NULL,'',2253,'','','Sunita',NULL,NULL,NULL,NULL,NULL,NULL,NULL,NULL,NULL,NULL,2253,'2253',NULL,NULL,7,NULL,14,1,NULL,NULL,NULL,NULL,NULL,NULL,2253,NULL,NULL,'No'),('2254',1,'Badalpur',NULL,'2015-08-04',NULL,NULL,'2015-08-04',NULL,'Lala Ram','Tanish Nagar',NULL,NULL,'',2254,'','','Kavita Nagar',NULL,NULL,NULL,NULL,NULL,NULL,NULL,NULL,NULL,NULL,2254,'2254',NULL,NULL,7,NULL,13,1,NULL,NULL,NULL,NULL,NULL,NULL,2254,NULL,NULL,'No'),('2255',1,'Badalpur',NULL,'2015-08-04',NULL,NULL,'2015-08-04',NULL,'Jashpal','Priyanshu Gautam',NULL,NULL,'',2255,'','','Nasreen',NULL,NULL,NULL,NULL,NULL,NULL,NULL,NULL,NULL,NULL,2255,'2255',NULL,NULL,7,NULL,14,1,NULL,NULL,NULL,NULL,NULL,NULL,2255,NULL,NULL,'No'),('2256',1,'Jaansiwana',NULL,'2015-08-04',NULL,NULL,'2015-08-04',NULL,'Yogender','Priyanshu',NULL,NULL,'',2256,'','','Asha',NULL,NULL,NULL,NULL,NULL,NULL,NULL,NULL,NULL,NULL,2256,'2256',NULL,NULL,7,NULL,14,1,NULL,NULL,NULL,NULL,NULL,NULL,2256,NULL,NULL,'No'),('2261',1,'Bishnouli',NULL,'2015-08-04',NULL,NULL,'2015-08-04',NULL,'Neeraj','Ronak',NULL,NULL,'',2261,'','','Asha',NULL,NULL,NULL,NULL,NULL,NULL,NULL,NULL,NULL,NULL,2261,'2261',NULL,NULL,7,NULL,14,1,NULL,NULL,NULL,NULL,NULL,NULL,2261,NULL,NULL,'No'),('2263',1,'Kachera',NULL,'2015-08-04',NULL,NULL,'2015-08-04',NULL,'Khushi Ram','Nitin',NULL,NULL,'',2263,'','','Rajni',NULL,NULL,NULL,NULL,NULL,NULL,NULL,NULL,NULL,NULL,2263,'2263',NULL,NULL,11,NULL,22,1,NULL,NULL,NULL,NULL,NULL,NULL,2263,NULL,NULL,'No'),('2265',1,'Dairy Skinner',NULL,'2015-08-04',NULL,NULL,'2015-08-04',NULL,'Manoj','Tripti',NULL,NULL,'',2265,'','','Santosh',NULL,NULL,NULL,NULL,NULL,NULL,NULL,NULL,NULL,NULL,2265,'2265',NULL,NULL,7,NULL,14,1,NULL,NULL,NULL,NULL,NULL,NULL,2265,NULL,NULL,'No'),('2266',1,'Badalpur',NULL,'2015-08-04',NULL,NULL,'2015-08-04',NULL,'Mahipal','Avainash',NULL,NULL,'',2266,'','','Rajni',NULL,NULL,NULL,NULL,NULL,NULL,NULL,NULL,NULL,NULL,2266,'2266',NULL,NULL,10,NULL,20,1,NULL,NULL,NULL,NULL,NULL,NULL,2266,NULL,NULL,'No'),('2270',1,'Jaansiwana',NULL,'2015-08-04',NULL,NULL,'2015-08-04',NULL,'Praveen','Vishakha',NULL,NULL,'',2270,'','','Kapoori',NULL,NULL,NULL,NULL,NULL,NULL,NULL,NULL,NULL,NULL,2270,'2270',NULL,NULL,7,NULL,14,1,NULL,NULL,NULL,NULL,NULL,NULL,2270,NULL,NULL,'No'),('2271',1,'Badalpur',NULL,'2015-08-04',NULL,NULL,'2015-08-04',NULL,'Mahipal','Abhishek Nagar',NULL,NULL,'',2271,'','','Rajni',NULL,NULL,NULL,NULL,NULL,NULL,NULL,NULL,NULL,NULL,2271,'2271',NULL,NULL,11,NULL,22,1,NULL,NULL,NULL,NULL,NULL,NULL,2271,NULL,NULL,'No'),('2273',1,'Barpura',NULL,'2015-08-04',NULL,NULL,'2015-08-04',NULL,'Rajeev','Avneet',NULL,NULL,'',2273,'','','Saroj',NULL,NULL,NULL,NULL,NULL,NULL,NULL,NULL,NULL,NULL,2273,'2273',NULL,NULL,8,NULL,16,1,NULL,NULL,NULL,NULL,NULL,NULL,2273,NULL,NULL,'No'),('2274',1,'Dadri',NULL,'2015-08-04',NULL,NULL,'2015-08-04',NULL,'K.k. Sharma','Ishika Sharma',NULL,NULL,'',2274,'','','Kamlesh Sharma',NULL,NULL,NULL,NULL,NULL,NULL,NULL,NULL,NULL,NULL,2274,'2274',NULL,NULL,11,NULL,22,1,NULL,NULL,NULL,NULL,NULL,NULL,2274,NULL,NULL,'No'),('2275',1,'Badalpur',NULL,'2015-08-04',NULL,NULL,'2015-08-04',NULL,'Omkar','Rohit',NULL,NULL,'',2275,'','','Pushpa Devi',NULL,NULL,NULL,NULL,NULL,NULL,NULL,NULL,NULL,NULL,2275,'2275',NULL,NULL,15,NULL,32,1,NULL,NULL,NULL,NULL,NULL,NULL,2275,NULL,NULL,'No'),('2277',1,'Dadri',NULL,'2015-08-04',NULL,NULL,'2015-08-04',NULL,'K. K .sharma','Nikunj Shamra',NULL,NULL,'',2277,'','','Kamlesh Sharma',NULL,NULL,NULL,NULL,NULL,NULL,NULL,NULL,NULL,NULL,2277,'2277',NULL,NULL,18,NULL,34,1,NULL,NULL,NULL,NULL,NULL,NULL,2277,NULL,NULL,'No'),('2279',1,'Girdharpur',NULL,'2015-08-04',NULL,NULL,'2015-08-04',NULL,'Surender Singh','Aakash Chandela',NULL,NULL,'',2279,'','','Laxmi Chandela',NULL,NULL,NULL,NULL,NULL,NULL,NULL,NULL,NULL,NULL,2279,'2279',NULL,NULL,12,NULL,25,1,NULL,NULL,NULL,NULL,NULL,NULL,2279,NULL,NULL,'No'),('2281',1,'Dadri',NULL,'2015-08-04',NULL,NULL,'2015-08-04',NULL,'Ram Gopal Sharma','Nitin Sharma',NULL,NULL,'',2281,'','','Meenu Sharma',NULL,NULL,NULL,NULL,NULL,NULL,NULL,NULL,NULL,NULL,2281,'2281',NULL,NULL,18,NULL,33,1,NULL,NULL,NULL,NULL,NULL,NULL,2281,NULL,NULL,'No'),('2282',1,'Dadri',NULL,'2015-08-04',NULL,NULL,'2015-08-04',NULL,'Jai Prakash   Sharma','Vikash Shamra',NULL,NULL,'',2282,'','','Rajwati',NULL,NULL,NULL,NULL,NULL,NULL,NULL,NULL,NULL,NULL,2282,'2282',NULL,NULL,18,NULL,34,1,NULL,NULL,NULL,NULL,NULL,NULL,2282,NULL,NULL,'No'),('2286',1,'D.m',NULL,'2015-08-04',NULL,NULL,'2015-08-04',NULL,'Gajraj','Pradeep Nagar',NULL,NULL,'',2286,'','','Sunita',NULL,NULL,NULL,NULL,NULL,NULL,NULL,NULL,NULL,NULL,2286,'2286',NULL,NULL,7,NULL,13,1,NULL,NULL,NULL,NULL,NULL,NULL,2286,NULL,NULL,'No'),('2287',1,'Dairy Maccha',NULL,'2015-08-04',NULL,NULL,'2015-08-04',NULL,'Gajraj','Sonika',NULL,NULL,'',2287,'','','Suman',NULL,NULL,NULL,NULL,NULL,NULL,NULL,NULL,NULL,NULL,2287,'2287',NULL,NULL,9,NULL,18,1,NULL,NULL,NULL,NULL,NULL,NULL,2287,NULL,NULL,'No'),('2288',1,'Dairy Maccha',NULL,'2015-08-04',NULL,NULL,'2015-08-04',NULL,'Gajraj','Kuldeep Nagar',NULL,NULL,'',2288,'','','Suman',NULL,NULL,NULL,NULL,NULL,NULL,NULL,NULL,NULL,NULL,2288,'2288',NULL,NULL,10,NULL,19,1,NULL,NULL,NULL,NULL,NULL,NULL,2288,NULL,NULL,'No'),('2290',1,'Dadri',NULL,'2015-08-04',NULL,NULL,'2015-08-04',NULL,'Vikram Singh','Nikita Singh',NULL,NULL,'',2290,'','','Ajnu',NULL,NULL,NULL,NULL,NULL,NULL,NULL,NULL,NULL,NULL,2290,'2290',NULL,NULL,10,NULL,20,1,NULL,NULL,NULL,NULL,NULL,NULL,2290,NULL,NULL,'No'),('2291',1,'Dadri',NULL,'2015-08-04',NULL,NULL,'2015-08-04',NULL,'Vikram Singh','Shubham Singh',NULL,NULL,'',2291,'','','Anju Singh',NULL,NULL,NULL,NULL,NULL,NULL,NULL,NULL,NULL,NULL,2291,'2291',NULL,NULL,18,NULL,33,1,NULL,NULL,NULL,NULL,NULL,NULL,2291,NULL,NULL,'No'),('2292',1,'Dadri',NULL,'2015-08-04',NULL,NULL,'2015-08-04',NULL,'Vikram Singh','Anjali Singh',NULL,NULL,'',2292,'','','Anju Singh',NULL,NULL,NULL,NULL,NULL,NULL,NULL,NULL,NULL,NULL,2292,'2292',NULL,NULL,17,NULL,31,1,NULL,NULL,NULL,NULL,NULL,NULL,2292,NULL,NULL,'No'),('2293',1,'Dujana',NULL,'2015-08-04',NULL,NULL,'2015-08-04',NULL,'Sunil','Garima',NULL,NULL,'',2293,'','','Bobby Rawal',NULL,NULL,NULL,NULL,NULL,NULL,NULL,NULL,NULL,NULL,2293,'2293',NULL,NULL,7,NULL,14,1,NULL,NULL,NULL,NULL,NULL,NULL,2293,NULL,NULL,'No'),('2294',1,'Dujana',NULL,'2015-08-04',NULL,NULL,'2015-08-04',NULL,'Sunil','Nishi',NULL,NULL,'',2294,'','','Anita',NULL,NULL,NULL,NULL,NULL,NULL,NULL,NULL,NULL,NULL,2294,'2294',NULL,NULL,9,NULL,18,1,NULL,NULL,NULL,NULL,NULL,NULL,2294,NULL,NULL,'No'),('2297',1,'Dadri',NULL,'2015-08-04',NULL,NULL,'2015-08-04',NULL,'Vedpal Bhati','Nitin Bhati',NULL,NULL,'',2297,'','','Sunita Devi',NULL,NULL,NULL,NULL,NULL,NULL,NULL,NULL,NULL,NULL,2297,'2297',NULL,NULL,20,NULL,36,1,NULL,NULL,NULL,NULL,NULL,NULL,2297,NULL,NULL,'No'),('2299',1,'Bishnuli',NULL,'2015-08-04',NULL,NULL,'2015-08-04',NULL,'Mukesh Kumar','Deepak Kumar',NULL,NULL,'',2299,'','','Manju Rani',NULL,NULL,NULL,NULL,NULL,NULL,NULL,NULL,NULL,NULL,2299,'2299',NULL,NULL,18,NULL,34,1,NULL,NULL,NULL,NULL,NULL,NULL,2299,NULL,NULL,'No'),('23',1,'Dairy MAccha',NULL,'2015-08-04',NULL,NULL,'2015-08-04',NULL,'Bhagat Nagara','Mohit Nagar',NULL,NULL,'',23,'','','Sarla',NULL,NULL,NULL,NULL,NULL,NULL,NULL,NULL,NULL,NULL,23,'23',NULL,NULL,15,NULL,32,1,NULL,NULL,NULL,NULL,NULL,NULL,23,NULL,NULL,'No'),('2300',1,'Dadri',NULL,'2015-08-04',NULL,NULL,'2015-08-04',NULL,'Harimohan','Shalu',NULL,NULL,'',2300,'','','Sharda',NULL,NULL,NULL,NULL,NULL,NULL,NULL,NULL,NULL,NULL,2300,'2300',NULL,NULL,18,NULL,34,1,NULL,NULL,NULL,NULL,NULL,NULL,2300,NULL,NULL,'No'),('2301',1,'Dadri',NULL,'2015-08-04',NULL,NULL,'2015-08-04',NULL,'Gyanendra','Rohan Singh',NULL,NULL,'',2301,'','','Munesh',NULL,NULL,NULL,NULL,NULL,NULL,NULL,NULL,NULL,NULL,2301,'2301',NULL,NULL,18,NULL,34,1,NULL,NULL,NULL,NULL,NULL,NULL,2301,NULL,NULL,'No'),('2302',1,'Hari Ka Baag',NULL,'2015-08-04',NULL,NULL,'2015-08-04',NULL,'Danveer','Tushar',NULL,NULL,'',2302,'','','Shanti Nagar',NULL,NULL,NULL,NULL,NULL,NULL,NULL,NULL,NULL,NULL,2302,'2302',NULL,NULL,7,NULL,12,1,NULL,NULL,NULL,NULL,NULL,NULL,2302,NULL,NULL,'No'),('2303',1,'Sadopur',NULL,'2015-08-04',NULL,NULL,'2015-08-04',NULL,'Pramod Sharma','Vishal Sharma',NULL,NULL,'',2303,'','','Babli Sharma',NULL,NULL,NULL,NULL,NULL,NULL,NULL,NULL,NULL,NULL,2303,'2303',NULL,NULL,12,NULL,24,1,NULL,NULL,NULL,NULL,NULL,NULL,2303,NULL,NULL,'No'),('2304',1,'Sadopur',NULL,'2015-08-04',NULL,NULL,'2015-08-04',NULL,'Ashok Sharma','Vivek Sharma',NULL,NULL,'',2304,'','','Seema Sharma',NULL,NULL,NULL,NULL,NULL,NULL,NULL,NULL,NULL,NULL,2304,'2304',NULL,NULL,12,NULL,24,1,NULL,NULL,NULL,NULL,NULL,NULL,2304,NULL,NULL,'No'),('2305',1,'Hari Ka Baag',NULL,'2015-08-04',NULL,NULL,'2015-08-04',NULL,'Rakesh','Sumit',NULL,NULL,'',2305,'','','Bhawna Singh',NULL,NULL,NULL,NULL,NULL,NULL,NULL,NULL,NULL,NULL,2305,'2305',NULL,NULL,8,NULL,15,1,NULL,NULL,NULL,NULL,NULL,NULL,2305,NULL,NULL,'No'),('2306',1,'Khera Dharam Pura',NULL,'2015-08-04',NULL,NULL,'2015-08-04',NULL,'Swaraj Singh','Rohit Kumar',NULL,NULL,'',2306,'','','Manju Singh',NULL,NULL,NULL,NULL,NULL,NULL,NULL,NULL,NULL,NULL,2306,'2306',NULL,NULL,20,NULL,36,1,NULL,NULL,NULL,NULL,NULL,NULL,2306,NULL,NULL,'No'),('2307',1,'Dadri',NULL,'2015-08-04',NULL,NULL,'2015-08-04',NULL,'Ramratan','Shushant Sharma',NULL,NULL,'',2307,'','','Poonam',NULL,NULL,NULL,NULL,NULL,NULL,NULL,NULL,NULL,NULL,2307,'2307',NULL,NULL,18,NULL,34,1,NULL,NULL,NULL,NULL,NULL,NULL,2307,NULL,NULL,'No'),('2308',1,'Kheda Dharam Pura',NULL,'2015-08-04',NULL,NULL,'2015-08-04',NULL,'Jairaj Mavi','Vishal Mavi',NULL,NULL,'',2308,'','','Munesh Mavi',NULL,NULL,NULL,NULL,NULL,NULL,NULL,NULL,NULL,NULL,2308,'2308',NULL,NULL,13,NULL,40,1,NULL,NULL,NULL,NULL,NULL,NULL,2308,NULL,NULL,'No'),('2311',1,'Hari Ka Bagh',NULL,'2015-08-04',NULL,NULL,'2015-08-04',NULL,'Rakesh Kumar','Shivam Kumar',NULL,NULL,'',2311,'','','Seeta Devi',NULL,NULL,NULL,NULL,NULL,NULL,NULL,NULL,NULL,NULL,2311,'2311',NULL,NULL,12,NULL,39,1,NULL,NULL,NULL,NULL,NULL,NULL,2311,NULL,NULL,'No'),('2313',1,'Dadri',NULL,'2015-08-04',NULL,NULL,'2015-08-04',NULL,'Rajeev Goyal','Raghav Goyal',NULL,NULL,'',2313,'','','Renu Goyal',NULL,NULL,NULL,NULL,NULL,NULL,NULL,NULL,NULL,NULL,2313,'2313',NULL,NULL,14,NULL,27,1,NULL,NULL,NULL,NULL,NULL,NULL,2313,NULL,NULL,'No'),('2314',1,'Dadri',NULL,'2015-08-04',NULL,NULL,'2015-08-04',NULL,'Rajeev Goyal','Paras Goyal',NULL,NULL,'',2314,'','','Renu Goyal',NULL,NULL,NULL,NULL,NULL,NULL,NULL,NULL,NULL,NULL,2314,'2314',NULL,NULL,13,NULL,40,1,NULL,NULL,NULL,NULL,NULL,NULL,2314,NULL,NULL,'No'),('2316',1,'Sadopur',NULL,'2015-08-04',NULL,NULL,'2015-08-04',NULL,'Jaiveer Singh','Robin Baisoya',NULL,NULL,'',2316,'','','Rajesh Devi',NULL,NULL,NULL,NULL,NULL,NULL,NULL,NULL,NULL,NULL,2316,'2316',NULL,NULL,12,NULL,24,1,NULL,NULL,NULL,NULL,NULL,NULL,2316,NULL,NULL,'No'),('2317',1,'Dujana',NULL,'2015-08-04',NULL,NULL,'2015-08-04',NULL,'Jagat Nagar','Ankit Nagar',NULL,NULL,'',2317,'','','Mukesh Devi',NULL,NULL,NULL,NULL,NULL,NULL,NULL,NULL,NULL,NULL,2317,'2317',NULL,NULL,15,NULL,32,1,NULL,NULL,NULL,NULL,NULL,NULL,2317,NULL,NULL,'No'),('2322',1,'Sadopur',NULL,'2015-08-04',NULL,NULL,'2015-08-04',NULL,'Ram Kumar','Mohit Chaudhary',NULL,NULL,'',2322,'','','Rita',NULL,NULL,NULL,NULL,NULL,NULL,NULL,NULL,NULL,NULL,2322,'2322',NULL,NULL,18,NULL,34,1,NULL,NULL,NULL,NULL,NULL,NULL,2322,NULL,NULL,'No'),('2327',1,'Hathipur Khera',NULL,'2015-08-04',NULL,NULL,'2015-08-04',NULL,'Dinesh','Sagar',NULL,NULL,'',2327,'','','Rinku',NULL,NULL,NULL,NULL,NULL,NULL,NULL,NULL,NULL,NULL,2327,'2327',NULL,NULL,8,NULL,16,1,NULL,NULL,NULL,NULL,NULL,NULL,2327,NULL,NULL,'No'),('2329',1,'Dadri',NULL,'2015-08-04',NULL,NULL,'2015-08-04',NULL,'Yamin Khan','Shahrukhkhan',NULL,NULL,'',2329,'','','Mahrunisha',NULL,NULL,NULL,NULL,NULL,NULL,NULL,NULL,NULL,NULL,2329,'2329',NULL,NULL,18,NULL,33,1,NULL,NULL,NULL,NULL,NULL,NULL,2329,NULL,NULL,'No'),('233',1,'Kurikhera',NULL,'2015-08-04',NULL,NULL,'2015-08-04',NULL,'Surender Sharma','Mansi Sharma',NULL,NULL,'',233,'','','Babita Sharma',NULL,NULL,NULL,NULL,NULL,NULL,NULL,NULL,NULL,NULL,233,'233',NULL,NULL,17,NULL,31,1,NULL,NULL,NULL,NULL,NULL,NULL,233,NULL,NULL,'No'),('2340',1,'Accheja',NULL,'2015-08-04',NULL,NULL,'2015-08-04',NULL,'Pintu','Abhiraj',NULL,NULL,'',2340,'','','Saroj Devi',NULL,NULL,NULL,NULL,NULL,NULL,NULL,NULL,NULL,NULL,2340,'2340',NULL,NULL,7,NULL,12,1,NULL,NULL,NULL,NULL,NULL,NULL,2340,NULL,NULL,'No'),('2343',1,'Sadopur',NULL,'2015-08-04',NULL,NULL,'2015-08-04',NULL,'Kamaljeet Singh','Pooja Baisoya',NULL,NULL,'',2343,'','','Kamlesh',NULL,NULL,NULL,NULL,NULL,NULL,NULL,NULL,NULL,NULL,2343,'2343',NULL,NULL,13,NULL,26,1,NULL,NULL,NULL,NULL,NULL,NULL,2343,NULL,NULL,'No'),('2344',1,'Sadopur',NULL,'2015-08-04',NULL,NULL,'2015-08-04',NULL,'Kamaljeet Baisoya','Poonam Baisoya',NULL,NULL,'',2344,'','','Kamlesh Baisoya',NULL,NULL,NULL,NULL,NULL,NULL,NULL,NULL,NULL,NULL,2344,'2344',NULL,NULL,20,NULL,35,1,NULL,NULL,NULL,NULL,NULL,NULL,2344,NULL,NULL,'No'),('2345',1,'DAdri',NULL,'2015-08-04',NULL,NULL,'2015-08-04',NULL,'Mahanand Sharma','Vishesh Sharma',NULL,NULL,'',2345,'','','Kiran Devi',NULL,NULL,NULL,NULL,NULL,NULL,NULL,NULL,NULL,NULL,2345,'2345',NULL,NULL,18,NULL,34,1,NULL,NULL,NULL,NULL,NULL,NULL,2345,NULL,NULL,'No'),('2346',1,'Dadri',NULL,'2015-08-04',NULL,NULL,'2015-08-04',NULL,'Rajkumar','Priya',NULL,NULL,'',2346,'','','Anita',NULL,NULL,NULL,NULL,NULL,NULL,NULL,NULL,NULL,NULL,2346,'2346',NULL,NULL,9,NULL,18,1,NULL,NULL,NULL,NULL,NULL,NULL,2346,NULL,NULL,'No'),('2347',1,'Dadri',NULL,'2015-08-04',NULL,NULL,'2015-08-04',NULL,'Raj Kumar','Krishan',NULL,NULL,'',2347,'','','Anita',NULL,NULL,NULL,NULL,NULL,NULL,NULL,NULL,NULL,NULL,2347,'2347',NULL,NULL,13,NULL,26,1,NULL,NULL,NULL,NULL,NULL,NULL,2347,NULL,NULL,'No'),('2348',1,'Dadri',NULL,'2015-08-04',NULL,NULL,'2015-08-04',NULL,'Rajkumar','Neeraj',NULL,NULL,'',2348,'','','Anita',NULL,NULL,NULL,NULL,NULL,NULL,NULL,NULL,NULL,NULL,2348,'2348',NULL,NULL,13,NULL,26,1,NULL,NULL,NULL,NULL,NULL,NULL,2348,NULL,NULL,'No'),('235',1,'Accheja',NULL,'2015-08-04',NULL,NULL,'2015-08-04',NULL,'Omkar  Nagar','Nutan Nagar',NULL,NULL,'',235,'','','Kranti Nagar',NULL,NULL,NULL,NULL,NULL,NULL,NULL,NULL,NULL,NULL,235,'235',NULL,NULL,20,NULL,35,1,NULL,NULL,NULL,NULL,NULL,NULL,235,NULL,NULL,'No'),('2351',1,'Dujana',NULL,'2015-08-04',NULL,NULL,'2015-08-04',NULL,'Divesh','Prashant',NULL,NULL,'',2351,'','','Seema',NULL,NULL,NULL,NULL,NULL,NULL,NULL,NULL,NULL,NULL,2351,'2351',NULL,NULL,8,NULL,15,1,NULL,NULL,NULL,NULL,NULL,NULL,2351,NULL,NULL,'No'),('2352',1,'Dujana',NULL,'2015-08-04',NULL,NULL,'2015-08-04',NULL,'Dinesh Nagar','Yogita Nagar',NULL,NULL,'',2352,'','','Kaushal Nagar',NULL,NULL,NULL,NULL,NULL,NULL,NULL,NULL,NULL,NULL,2352,'2352',NULL,NULL,12,NULL,39,1,NULL,NULL,NULL,NULL,NULL,NULL,2352,NULL,NULL,'No'),('2353',1,'Chhithera',NULL,'2015-08-04',NULL,NULL,'2015-08-04',NULL,'Ranvir Singh Bhati','Abhishek Bhati',NULL,NULL,'',2353,'','','Sunita Bhati',NULL,NULL,NULL,NULL,NULL,NULL,NULL,NULL,NULL,NULL,2353,'2353',NULL,NULL,20,NULL,35,1,NULL,NULL,NULL,NULL,NULL,NULL,2353,NULL,NULL,'No'),('2355',1,'Baidpura',NULL,'2015-08-04',NULL,NULL,'2015-08-04',NULL,'Sanjay','Shivam',NULL,NULL,'',2355,'','','Anita Devi',NULL,NULL,NULL,NULL,NULL,NULL,NULL,NULL,NULL,NULL,2355,'2355',NULL,NULL,8,NULL,15,1,NULL,NULL,NULL,NULL,NULL,NULL,2355,NULL,NULL,'No'),('2356',1,'kheda dharampura',NULL,'2015-08-04',NULL,NULL,'2015-08-04',NULL,'Brham Singh','Romi Mavi',NULL,NULL,'',2356,'','','Usha',NULL,NULL,NULL,NULL,NULL,NULL,NULL,NULL,NULL,NULL,2356,'2356',NULL,NULL,20,NULL,35,1,NULL,NULL,NULL,NULL,NULL,NULL,2356,NULL,NULL,'No'),('2358',1,'Dadri',NULL,'2015-08-04',NULL,NULL,'2015-08-04',NULL,'Devnarayan Thakur','Pawan Kumar',NULL,NULL,'',2358,'','','Rekha Devi',NULL,NULL,NULL,NULL,NULL,NULL,NULL,NULL,NULL,NULL,2358,'2358',NULL,NULL,20,NULL,36,1,NULL,NULL,NULL,NULL,NULL,NULL,2358,NULL,NULL,'No'),('2364',1,'Dadri',NULL,'2015-08-04',NULL,NULL,'2015-08-04',NULL,'Naresh Babu','Arendra',NULL,NULL,'',2364,'','','Sunita',NULL,NULL,NULL,NULL,NULL,NULL,NULL,NULL,NULL,NULL,2364,'2364',NULL,NULL,9,NULL,18,1,NULL,NULL,NULL,NULL,NULL,NULL,2364,NULL,NULL,'No'),('2365',1,'Dadri',NULL,'2015-08-04',NULL,NULL,'2015-08-04',NULL,'Naresh Babu','Yatender',NULL,NULL,'',2365,'','','Sunita Devi',NULL,NULL,NULL,NULL,NULL,NULL,NULL,NULL,NULL,NULL,2365,'2365',NULL,NULL,18,NULL,33,1,NULL,NULL,NULL,NULL,NULL,NULL,2365,NULL,NULL,'No'),('2370',1,'Innayatpur',NULL,'2015-08-04',NULL,NULL,'2015-08-04',NULL,'Sant Ram Singh','Neeraj Nagar',NULL,NULL,'',2370,'','','Lokesh Devi',NULL,NULL,NULL,NULL,NULL,NULL,NULL,NULL,NULL,NULL,2370,'2370',NULL,NULL,12,NULL,24,1,NULL,NULL,NULL,NULL,NULL,NULL,2370,NULL,NULL,'No'),('2376',1,'Lalkuan',NULL,'2015-08-04',NULL,NULL,'2015-08-04',NULL,'Vijay Singh','Vikrant Kumar',NULL,NULL,'',2376,'','','Sheela',NULL,NULL,NULL,NULL,NULL,NULL,NULL,NULL,NULL,NULL,2376,'2376',NULL,NULL,18,NULL,33,1,NULL,NULL,NULL,NULL,NULL,NULL,2376,NULL,NULL,'No'),('2378',1,'Dadri',NULL,'2015-08-04',NULL,NULL,'2015-08-04',NULL,'Aurangzeb Raza Khan','Shahid Iqbal Raza Khan',NULL,NULL,'',2378,'','','Safiya Khan',NULL,NULL,NULL,NULL,NULL,NULL,NULL,NULL,NULL,NULL,2378,'2378',NULL,NULL,20,NULL,35,1,NULL,NULL,NULL,NULL,NULL,NULL,2378,NULL,NULL,'No'),('2381',1,'Sadopur',NULL,'2015-08-04',NULL,NULL,'2015-08-04',NULL,'Sanjeev','Gauri Yadav',NULL,NULL,'',2381,'','','Sudhesh',NULL,NULL,NULL,NULL,NULL,NULL,NULL,NULL,NULL,NULL,2381,'2381',NULL,NULL,7,NULL,13,1,NULL,NULL,NULL,NULL,NULL,NULL,2381,NULL,NULL,'No'),('2383',1,'Jaansiwana',NULL,'2015-08-04',NULL,NULL,'2015-08-04',NULL,'Deepak','Vishesh',NULL,NULL,'',2383,'','','Sangeeta',NULL,NULL,NULL,NULL,NULL,NULL,NULL,NULL,NULL,NULL,2383,'2383',NULL,NULL,9,NULL,38,1,NULL,NULL,NULL,NULL,NULL,NULL,2383,NULL,NULL,'No'),('2385',1,'Jaansiwana',NULL,'2015-08-04',NULL,NULL,'2015-08-04',NULL,'Deepak Kumar','Garima Kumari',NULL,NULL,'',2385,'','','Sunita Kumari',NULL,NULL,NULL,NULL,NULL,NULL,NULL,NULL,NULL,NULL,2385,'2385',NULL,NULL,12,NULL,39,1,NULL,NULL,NULL,NULL,NULL,NULL,2385,NULL,NULL,'No'),('2386',1,'Dadri',NULL,'2015-08-04',NULL,NULL,'2015-08-04',NULL,'Daya Chand','Aakash',NULL,NULL,'',2386,'','','Satesh Devi',NULL,NULL,NULL,NULL,NULL,NULL,NULL,NULL,NULL,NULL,2386,'2386',NULL,NULL,15,NULL,32,1,NULL,NULL,NULL,NULL,NULL,NULL,2386,NULL,NULL,'No'),('2389',1,'Badalpur',NULL,'2015-08-04',NULL,NULL,'2015-08-04',NULL,'Bharat','Hansh',NULL,NULL,'',2389,'','','',NULL,NULL,NULL,NULL,NULL,NULL,NULL,NULL,NULL,NULL,2389,'2389',NULL,NULL,8,NULL,16,1,NULL,NULL,NULL,NULL,NULL,NULL,2389,NULL,NULL,'No'),('2391',1,'Kheda Dharam',NULL,'2015-08-04',NULL,NULL,'2015-08-04',NULL,'Jairaj Mavi','Jyoti Mavi',NULL,NULL,'',2391,'','','Munesh Mavi',NULL,NULL,NULL,NULL,NULL,NULL,NULL,NULL,NULL,NULL,2391,'2391',NULL,NULL,13,NULL,40,1,NULL,NULL,NULL,NULL,NULL,NULL,2391,NULL,NULL,'No'),('2395',1,'Accheja',NULL,'2015-08-04',NULL,NULL,'2015-08-04',NULL,'Jasveer Singh Nagar','Sumit Nagar',NULL,NULL,'',2395,'','','Kisan Vati',NULL,NULL,NULL,NULL,NULL,NULL,NULL,NULL,NULL,NULL,2395,'2395',NULL,NULL,18,NULL,33,1,NULL,NULL,NULL,NULL,NULL,NULL,2395,NULL,NULL,'No'),('2445',1,'Badalpur',NULL,'2015-08-04',NULL,NULL,'2015-08-04',NULL,'Ashifmon','Shreen',NULL,NULL,'',2445,'','','Urmila Nagar',NULL,NULL,NULL,NULL,NULL,NULL,NULL,NULL,NULL,NULL,2445,'2445',NULL,NULL,7,NULL,14,1,NULL,NULL,NULL,NULL,NULL,NULL,2445,NULL,NULL,'No'),('2446',1,'Dhoommanikpur',NULL,'2015-08-04',NULL,NULL,'2015-08-04',NULL,'Dhruva','Radha',NULL,NULL,'',2446,'','','Bindu',NULL,NULL,NULL,NULL,NULL,NULL,NULL,NULL,NULL,NULL,2446,'2446',NULL,NULL,9,NULL,18,1,NULL,NULL,NULL,NULL,NULL,NULL,2446,NULL,NULL,'No'),('2447',1,'A.F station',NULL,'2015-08-04',NULL,NULL,'2015-08-04',NULL,'Mukesh','Jitendra',NULL,NULL,'',2447,'','','Rajwati',NULL,NULL,NULL,NULL,NULL,NULL,NULL,NULL,NULL,NULL,2447,'2447',NULL,NULL,10,NULL,19,1,NULL,NULL,NULL,NULL,NULL,NULL,2447,NULL,NULL,'No'),('2448',1,'Dadri',NULL,'2015-08-04',NULL,NULL,'2015-08-04',NULL,'Manoj','Jyoti',NULL,NULL,'',2448,'','','Saroj',NULL,NULL,NULL,NULL,NULL,NULL,NULL,NULL,NULL,NULL,2448,'2448',NULL,NULL,11,NULL,22,1,NULL,NULL,NULL,NULL,NULL,NULL,2448,NULL,NULL,'No'),('245',1,'Sadopur',NULL,'2015-08-04',NULL,NULL,'2015-08-04',NULL,'Ram Kumar Baisoya','Prince',NULL,NULL,'',245,'','','Kavita',NULL,NULL,NULL,NULL,NULL,NULL,NULL,NULL,NULL,NULL,245,'245',NULL,NULL,15,NULL,32,1,NULL,NULL,NULL,NULL,NULL,NULL,245,NULL,NULL,'No'),('2453',1,'Dujana',NULL,'2015-08-04',NULL,NULL,'2015-08-04',NULL,'Bhopal','Ishant',NULL,NULL,'',2453,'','','Mitlesh',NULL,NULL,NULL,NULL,NULL,NULL,NULL,NULL,NULL,NULL,2453,'2453',NULL,NULL,11,NULL,22,1,NULL,NULL,NULL,NULL,NULL,NULL,2453,NULL,NULL,'No'),('2466',1,'Hathipur Khera',NULL,'2015-08-04',NULL,NULL,'2015-08-04',NULL,'Virendra Nagar','Vikrant Nagar',NULL,NULL,'',2466,'','','Mukesh Nagar',NULL,NULL,NULL,NULL,NULL,NULL,NULL,NULL,NULL,NULL,2466,'2466',NULL,NULL,20,NULL,35,1,NULL,NULL,NULL,NULL,NULL,NULL,2466,NULL,NULL,'No'),('2471',1,'Sadullapur',NULL,'2015-08-04',NULL,NULL,'2015-08-04',NULL,'Bhupender','Nikita Nagar',NULL,NULL,'',2471,'','','Sunita',NULL,NULL,NULL,NULL,NULL,NULL,NULL,NULL,NULL,NULL,2471,'2471',NULL,NULL,15,NULL,32,1,NULL,NULL,NULL,NULL,NULL,NULL,2471,NULL,NULL,'No'),('2479',1,'Dadri',NULL,'2015-08-04',NULL,NULL,'2015-08-04',NULL,'Kapoor Singh','Sadhana',NULL,NULL,'',2479,'','','Suraj Mukhi Devi',NULL,NULL,NULL,NULL,NULL,NULL,NULL,NULL,NULL,NULL,2479,'2479',NULL,NULL,18,NULL,34,1,NULL,NULL,NULL,NULL,NULL,NULL,2479,NULL,NULL,'No'),('2481',1,'Dairy MAccha',NULL,'2015-08-04',NULL,NULL,'2015-08-04',NULL,'Sunil','Harsh',NULL,NULL,'',2481,'','','Vimal',NULL,NULL,NULL,NULL,NULL,NULL,NULL,NULL,NULL,NULL,2481,'2481',NULL,NULL,9,NULL,18,1,NULL,NULL,NULL,NULL,NULL,NULL,2481,NULL,NULL,'No'),('2483',1,'Bambwar',NULL,'2015-08-04',NULL,NULL,'2015-08-04',NULL,'Mahkar','Pankaj',NULL,NULL,'',2483,'','','Geeta',NULL,NULL,NULL,NULL,NULL,NULL,NULL,NULL,NULL,NULL,2483,'2483',NULL,NULL,10,NULL,19,1,NULL,NULL,NULL,NULL,NULL,NULL,2483,NULL,NULL,'No'),('2484',1,'Bambawar',NULL,'2015-08-04',NULL,NULL,'2015-08-04',NULL,'Mahkar','Aanchal',NULL,NULL,'',2484,'','','Geeta',NULL,NULL,NULL,NULL,NULL,NULL,NULL,NULL,NULL,NULL,2484,'2484',NULL,NULL,10,NULL,20,1,NULL,NULL,NULL,NULL,NULL,NULL,2484,NULL,NULL,'No'),('2486',1,'Dairy Maccha',NULL,'2015-08-04',NULL,NULL,'2015-08-04',NULL,'Devendra','Preeti',NULL,NULL,'',2486,'','','Dhanesh Devi',NULL,NULL,NULL,NULL,NULL,NULL,NULL,NULL,NULL,NULL,2486,'2486',NULL,NULL,20,NULL,36,1,NULL,NULL,NULL,NULL,NULL,NULL,2486,NULL,NULL,'No'),('2495',1,'Badalpur',NULL,'2015-08-04',NULL,NULL,'2015-08-04',NULL,'Subash','Abhishek Nagar',NULL,NULL,'',2495,'','','Sunita',NULL,NULL,NULL,NULL,NULL,NULL,NULL,NULL,NULL,NULL,2495,'2495',NULL,NULL,10,NULL,19,1,NULL,NULL,NULL,NULL,NULL,NULL,2495,NULL,NULL,'No'),('250',1,'Dairy Skinner',NULL,'2015-08-04',NULL,NULL,'2015-08-04',NULL,'Bhoop Singh Bhati','Tarun Bhati',NULL,NULL,'',250,'','','Santosh Bhati',NULL,NULL,NULL,NULL,NULL,NULL,NULL,NULL,NULL,NULL,250,'250',NULL,NULL,18,NULL,34,1,NULL,NULL,NULL,NULL,NULL,NULL,250,NULL,NULL,'No'),('2502',1,'Dadri',NULL,'2015-08-04',NULL,NULL,'2015-08-04',NULL,'Satish Gautam','Love Gautam',NULL,NULL,'',2502,'','','Susmita Gautam',NULL,NULL,NULL,NULL,NULL,NULL,NULL,NULL,NULL,NULL,2502,'2502',NULL,NULL,12,NULL,39,1,NULL,NULL,NULL,NULL,NULL,NULL,2502,NULL,NULL,'No'),('2516',1,'Dhoom Khera',NULL,'2015-08-04',NULL,NULL,'2015-08-04',NULL,'Surendra Nagar','Ankur',NULL,NULL,'',2516,'','','Kaushal',NULL,NULL,NULL,NULL,NULL,NULL,NULL,NULL,NULL,NULL,2516,'2516',NULL,NULL,20,NULL,36,1,NULL,NULL,NULL,NULL,NULL,NULL,2516,NULL,NULL,'No'),('2517',1,'dhoom khera',NULL,'2015-08-04',NULL,NULL,'2015-08-04',NULL,'Manoj','Abhishek',NULL,NULL,'',2517,'','','Kavita',NULL,NULL,NULL,NULL,NULL,NULL,NULL,NULL,NULL,NULL,2517,'2517',NULL,NULL,9,NULL,17,1,NULL,NULL,NULL,NULL,NULL,NULL,2517,NULL,NULL,'No'),('2532',1,'dadri',NULL,'2015-08-04',NULL,NULL,'2015-08-04',NULL,'Subhash Choudhry','Hemant Kr. Choudhry',NULL,NULL,'',2532,'','','Dharmwati Choudhry',NULL,NULL,NULL,NULL,NULL,NULL,NULL,NULL,NULL,NULL,2532,'2532',NULL,NULL,14,NULL,27,1,NULL,NULL,NULL,NULL,NULL,NULL,2532,NULL,NULL,'No'),('2533',1,'Dadri',NULL,'2015-08-04',NULL,NULL,'2015-08-04',NULL,'Omveer Sg, Choudhary','Rinkesh Choudhary',NULL,NULL,'',2533,'','','Ramwati Devi',NULL,NULL,NULL,NULL,NULL,NULL,NULL,NULL,NULL,NULL,2533,'2533',NULL,NULL,14,NULL,27,1,NULL,NULL,NULL,NULL,NULL,NULL,2533,NULL,NULL,'No'),('2534',1,'Girdharpur',NULL,'2015-08-04',NULL,NULL,'2015-08-04',NULL,'Ravinder','Shweta',NULL,NULL,'',2534,'','','Geeta',NULL,NULL,NULL,NULL,NULL,NULL,NULL,NULL,NULL,NULL,2534,'2534',NULL,NULL,11,NULL,22,1,NULL,NULL,NULL,NULL,NULL,NULL,2534,NULL,NULL,'No'),('2535',1,'girdharpur',NULL,'2015-08-04',NULL,NULL,'2015-08-04',NULL,'Ravinder','Ayush Chandela',NULL,NULL,'',2535,'','','Ramvati',NULL,NULL,NULL,NULL,NULL,NULL,NULL,NULL,NULL,NULL,2535,'2535',NULL,NULL,6,NULL,11,1,NULL,NULL,NULL,NULL,NULL,NULL,2535,NULL,NULL,'No'),('2536',1,'badalpur',NULL,'2015-08-04',NULL,NULL,'2015-08-04',NULL,'Sunil','Ishita Nagar',NULL,NULL,'',2536,'','','Geeta',NULL,NULL,NULL,NULL,NULL,NULL,NULL,NULL,NULL,NULL,2536,'2536',NULL,NULL,6,NULL,10,1,NULL,NULL,NULL,NULL,NULL,NULL,2536,NULL,NULL,'No'),('2537',1,'dadri',NULL,'2015-08-04',NULL,NULL,'2015-08-04',NULL,'Pradeep Sharma','Priyanshi Sharma',NULL,NULL,'',2537,'','','Pavitra Sharma',NULL,NULL,NULL,NULL,NULL,NULL,NULL,NULL,NULL,NULL,2537,'2537',NULL,NULL,12,NULL,39,1,NULL,NULL,NULL,NULL,NULL,NULL,2537,NULL,NULL,'No'),('2538',1,'chaprola',NULL,'2015-08-04',NULL,NULL,'2015-08-04',NULL,'Lokesh','Shivansh',NULL,NULL,'',2538,'','','Babita',NULL,NULL,NULL,NULL,NULL,NULL,NULL,NULL,NULL,NULL,2538,'2538',NULL,NULL,11,NULL,22,1,NULL,NULL,NULL,NULL,NULL,NULL,2538,NULL,NULL,'No'),('2539',1,'Chaprola',NULL,'2015-08-04',NULL,NULL,'2015-08-04',NULL,'Lokesh Sharma','Vishal Sharma',NULL,NULL,'',2539,'','','Babita Sharma',NULL,NULL,NULL,NULL,NULL,NULL,NULL,NULL,NULL,NULL,2539,'2539',NULL,NULL,12,NULL,24,1,NULL,NULL,NULL,NULL,NULL,NULL,2539,NULL,NULL,'No'),('2543',1,'BAIDPURA',NULL,'2015-08-04',NULL,NULL,'2015-08-04',NULL,'Ritesh','Anay Garg',NULL,NULL,'',2543,'','','Mamta',NULL,NULL,NULL,NULL,NULL,NULL,NULL,NULL,NULL,NULL,2543,'2543',NULL,NULL,6,NULL,9,1,NULL,NULL,NULL,NULL,NULL,NULL,2543,NULL,NULL,'No'),('2544',1,'Bisnauli',NULL,'2015-08-04',NULL,NULL,'2015-08-04',NULL,'Neeraj','Vanshika',NULL,NULL,'',2544,'','','Babita',NULL,NULL,NULL,NULL,NULL,NULL,NULL,NULL,NULL,NULL,2544,'2544',NULL,NULL,6,NULL,9,1,NULL,NULL,NULL,NULL,NULL,NULL,2544,NULL,NULL,'No'),('2546',1,'DAIRY MACHHHA',NULL,'2015-08-04',NULL,NULL,'2015-08-04',NULL,'Krishan','Devanshi Nagar',NULL,NULL,'',2546,'','','Seema',NULL,NULL,NULL,NULL,NULL,NULL,NULL,NULL,NULL,NULL,2546,'2546',NULL,NULL,6,NULL,9,1,NULL,NULL,NULL,NULL,NULL,NULL,2546,NULL,NULL,'No'),('2548',1,'DAIRY MACHHA',NULL,'2015-08-04',NULL,NULL,'2015-08-04',NULL,'Ishwar','Abhi Nagar',NULL,NULL,'',2548,'','','Meenakshi',NULL,NULL,NULL,NULL,NULL,NULL,NULL,NULL,NULL,NULL,2548,'2548',NULL,NULL,6,NULL,9,1,NULL,NULL,NULL,NULL,NULL,NULL,2548,NULL,NULL,'No'),('2549',1,'sadopur',NULL,'2015-08-04',NULL,NULL,'2015-08-04',NULL,'Yudhister','Riddhi Sharma',NULL,NULL,'',2549,'','','Suman',NULL,NULL,NULL,NULL,NULL,NULL,NULL,NULL,NULL,NULL,2549,'2549',NULL,NULL,6,NULL,9,1,NULL,NULL,NULL,NULL,NULL,NULL,2549,NULL,NULL,'No'),('2550',1,'bambawar',NULL,'2015-08-04',NULL,NULL,'2015-08-04',NULL,'Surender','Palak',NULL,NULL,'',2550,'','','Anjali',NULL,NULL,NULL,NULL,NULL,NULL,NULL,NULL,NULL,NULL,2550,'2550',NULL,NULL,6,NULL,11,1,NULL,NULL,NULL,NULL,NULL,NULL,2550,NULL,NULL,'No'),('2553',1,'bishnauli',NULL,'2015-08-04',NULL,NULL,'2015-08-04',NULL,'Satish Kumar','Krishan Kumar',NULL,NULL,'',2553,'','','Savita Devi',NULL,NULL,NULL,NULL,NULL,NULL,NULL,NULL,NULL,NULL,2553,'2553',NULL,NULL,20,NULL,35,1,NULL,NULL,NULL,NULL,NULL,NULL,2553,NULL,NULL,'No'),('2556',1,'dadri',NULL,'2015-08-04',NULL,NULL,'2015-08-04',NULL,'Gyanendra Sharma','Prabhakar Sharma',NULL,NULL,'',2556,'','','',NULL,NULL,NULL,NULL,NULL,NULL,NULL,NULL,NULL,NULL,2556,'2556',NULL,NULL,8,NULL,16,1,NULL,NULL,NULL,NULL,NULL,NULL,2556,NULL,NULL,'No'),('2557',1,'DUJANA',NULL,'2015-08-04',NULL,NULL,'2015-08-04',NULL,'Pawan','Nishu Nagar',NULL,NULL,'',2557,'','','Gudden',NULL,NULL,NULL,NULL,NULL,NULL,NULL,NULL,NULL,NULL,2557,'2557',NULL,NULL,6,NULL,9,1,NULL,NULL,NULL,NULL,NULL,NULL,2557,NULL,NULL,'No'),('2558',1,'dadri',NULL,'2015-08-04',NULL,NULL,'2015-08-04',NULL,'Pradeep Rawal','Ankur Rawal',NULL,NULL,'',2558,'','','Sunita Rawal',NULL,NULL,NULL,NULL,NULL,NULL,NULL,NULL,NULL,NULL,2558,'2558',NULL,NULL,14,NULL,27,1,NULL,NULL,NULL,NULL,NULL,NULL,2558,NULL,NULL,'No'),('2559',1,'Achheja',NULL,'2015-08-04',NULL,NULL,'2015-08-04',NULL,'Satendra','Tanisha Nagar',NULL,NULL,'',2559,'','','Sangeeta',NULL,NULL,NULL,NULL,NULL,NULL,NULL,NULL,NULL,NULL,2559,'2559',NULL,NULL,6,NULL,9,1,NULL,NULL,NULL,NULL,NULL,NULL,2559,NULL,NULL,'No'),('2560',1,'bambawar',NULL,'2015-08-04',NULL,NULL,'2015-08-04',NULL,'Naresh Kumar','Ankit Kumar',NULL,NULL,'',2560,'','','Sarla Devi',NULL,NULL,NULL,NULL,NULL,NULL,NULL,NULL,NULL,NULL,2560,'2560',NULL,NULL,15,NULL,32,1,NULL,NULL,NULL,NULL,NULL,NULL,2560,NULL,NULL,'No'),('2561',1,'dujana',NULL,'2015-08-04',NULL,NULL,'2015-08-04',NULL,'Anuj','Aryan Nagar',NULL,NULL,'',2561,'','','Tarrnum',NULL,NULL,NULL,NULL,NULL,NULL,NULL,NULL,NULL,NULL,2561,'2561',NULL,NULL,6,NULL,9,1,NULL,NULL,NULL,NULL,NULL,NULL,2561,NULL,NULL,'No'),('2562',1,'dadri',NULL,'2015-08-04',NULL,NULL,'2015-08-04',NULL,'Gyanender  Kr Sharma','Bhaskar Sharma',NULL,NULL,'',2562,'','','Suman Sharma',NULL,NULL,NULL,NULL,NULL,NULL,NULL,NULL,NULL,NULL,2562,'2562',NULL,NULL,15,NULL,28,1,NULL,NULL,NULL,NULL,NULL,NULL,2562,NULL,NULL,'No'),('2563',1,'Accheja',NULL,'2015-08-04',NULL,NULL,'2015-08-04',NULL,'Balraj Nagar','Himanshu Nagar',NULL,NULL,'',2563,'','','Sarita',NULL,NULL,NULL,NULL,NULL,NULL,NULL,NULL,NULL,NULL,2563,'2563',NULL,NULL,6,NULL,9,1,NULL,NULL,NULL,NULL,NULL,NULL,2563,NULL,NULL,'No'),('2564',1,'sadopur',NULL,'2015-08-04',NULL,NULL,'2015-08-04',NULL,'Ashok','Vishal',NULL,NULL,'',2564,'','','Neelam',NULL,NULL,NULL,NULL,NULL,NULL,NULL,NULL,NULL,NULL,2564,'2564',NULL,NULL,7,NULL,14,1,NULL,NULL,NULL,NULL,NULL,NULL,2564,NULL,NULL,'No'),('2565',1,'dadri',NULL,'2015-08-04',NULL,NULL,'2015-08-04',NULL,'Srinath Yadav','Shivam Yadav',NULL,NULL,'',2565,'','','Vidya Yadav',NULL,NULL,NULL,NULL,NULL,NULL,NULL,NULL,NULL,NULL,2565,'2565',NULL,NULL,14,NULL,27,1,NULL,NULL,NULL,NULL,NULL,NULL,2565,NULL,NULL,'No'),('2566',1,'dujana',NULL,'2015-08-04',NULL,NULL,'2015-08-04',NULL,'Gyanender','Sushant Nagar',NULL,NULL,'',2566,'','','Manju',NULL,NULL,NULL,NULL,NULL,NULL,NULL,NULL,NULL,NULL,2566,'2566',NULL,NULL,6,NULL,9,1,NULL,NULL,NULL,NULL,NULL,NULL,2566,NULL,NULL,'No'),('2567',1,'sadopur',NULL,'2015-08-04',NULL,NULL,'2015-08-04',NULL,'Ashok','Vaishali',NULL,NULL,'',2567,'','','Roshan Daifi',NULL,NULL,NULL,NULL,NULL,NULL,NULL,NULL,NULL,NULL,2567,'2567',NULL,NULL,7,NULL,14,1,NULL,NULL,NULL,NULL,NULL,NULL,2567,NULL,NULL,'No'),('2568',1,'dujana',NULL,'2015-08-04',NULL,NULL,'2015-08-04',NULL,'Yetendra','Anushka Nagar',NULL,NULL,'',2568,'','','Seema',NULL,NULL,NULL,NULL,NULL,NULL,NULL,NULL,NULL,NULL,2568,'2568',NULL,NULL,6,NULL,9,1,NULL,NULL,NULL,NULL,NULL,NULL,2568,NULL,NULL,'No'),('2569',1,'Achheja',NULL,'2015-08-04',NULL,NULL,'2015-08-04',NULL,'Pradeep','Manish',NULL,NULL,'',2569,'','','Sarita  Tiwary',NULL,NULL,NULL,NULL,NULL,NULL,NULL,NULL,NULL,NULL,2569,'2569',NULL,NULL,8,NULL,15,1,NULL,NULL,NULL,NULL,NULL,NULL,2569,NULL,NULL,'No'),('2572',1,'DADRI',NULL,'2015-08-04',NULL,NULL,'2015-08-04',NULL,'Raj Kumar Singh','Mayank Kr. Singh',NULL,NULL,'',2572,'','','Bharti Singh',NULL,NULL,NULL,NULL,NULL,NULL,NULL,NULL,NULL,NULL,2572,'2572',NULL,NULL,15,NULL,28,1,NULL,NULL,NULL,NULL,NULL,NULL,2572,NULL,NULL,'No'),('2574',1,'Dadri',NULL,'2015-08-04',NULL,NULL,'2015-08-04',NULL,'Md.furkan Rana','Bisma Rana',NULL,NULL,'',2574,'','','Kavita',NULL,NULL,NULL,NULL,NULL,NULL,NULL,NULL,NULL,NULL,2574,'2574',NULL,NULL,6,NULL,9,1,NULL,NULL,NULL,NULL,NULL,NULL,2574,NULL,NULL,'No'),('2575',1,'Dhoom Manikpur',NULL,'2015-08-04',NULL,NULL,'2015-08-04',NULL,'Rakesh Khuswaha','Akshay Khushwaha',NULL,NULL,'',2575,'','','Guddi Khushwaha',NULL,NULL,NULL,NULL,NULL,NULL,NULL,NULL,NULL,NULL,2575,'2575',NULL,NULL,17,NULL,31,1,NULL,NULL,NULL,NULL,NULL,NULL,2575,NULL,NULL,'No'),('2576',1,'JANSIWANA',NULL,'2015-08-04',NULL,NULL,'2015-08-04',NULL,'Bijendra','Harsh Khari',NULL,NULL,'',2576,'','','Kamla',NULL,NULL,NULL,NULL,NULL,NULL,NULL,NULL,NULL,NULL,2576,'2576',NULL,NULL,6,NULL,9,1,NULL,NULL,NULL,NULL,NULL,NULL,2576,NULL,NULL,'No'),('2577',1,'BADALPUR',NULL,'2015-08-04',NULL,NULL,'2015-08-04',NULL,'Om Nagar','Nisha Nagar',NULL,NULL,'',2577,'','','Renu Shrama',NULL,NULL,NULL,NULL,NULL,NULL,NULL,NULL,NULL,NULL,2577,'2577',NULL,NULL,6,NULL,9,1,NULL,NULL,NULL,NULL,NULL,NULL,2577,NULL,NULL,'No'),('2578',1,'Dadri',NULL,'2015-08-04',NULL,NULL,'2015-08-04',NULL,'Gauri Shankar Sharma','Lovy Sharma',NULL,NULL,'',2578,'','','Geeta Sharma',NULL,NULL,NULL,NULL,NULL,NULL,NULL,NULL,NULL,NULL,2578,'2578',NULL,NULL,14,NULL,27,1,NULL,NULL,NULL,NULL,NULL,NULL,2578,NULL,NULL,'No'),('2579',1,'DUJANA',NULL,'2015-08-04',NULL,NULL,'2015-08-04',NULL,'Narendra','Mayank Kumar',NULL,NULL,'',2579,'','','Babli',NULL,NULL,NULL,NULL,NULL,NULL,NULL,NULL,NULL,NULL,2579,'2579',NULL,NULL,6,NULL,9,1,NULL,NULL,NULL,NULL,NULL,NULL,2579,NULL,NULL,'No'),('2581',1,'sadullapura',NULL,'2015-08-04',NULL,NULL,'2015-08-04',NULL,'Ravindra','Vansh',NULL,NULL,'',2581,'','','Nisha',NULL,NULL,NULL,NULL,NULL,NULL,NULL,NULL,NULL,NULL,2581,'2581',NULL,NULL,6,NULL,9,1,NULL,NULL,NULL,NULL,NULL,NULL,2581,NULL,NULL,'No'),('2582',1,'Accheja',NULL,'2015-08-04',NULL,NULL,'2015-08-04',NULL,'Gyanender Nagar','Saurabh Nagar',NULL,NULL,'',2582,'','','Sunita Nagar',NULL,NULL,NULL,NULL,NULL,NULL,NULL,NULL,NULL,NULL,2582,'2582',NULL,NULL,12,NULL,24,1,NULL,NULL,NULL,NULL,NULL,NULL,2582,NULL,NULL,'No'),('2583',1,'D.m',NULL,'2015-08-04',NULL,NULL,'2015-08-04',NULL,'Jai Prakash','Kartik Singh',NULL,NULL,'',2583,'','','Rekha',NULL,NULL,NULL,NULL,NULL,NULL,NULL,NULL,NULL,NULL,2583,'2583',NULL,NULL,6,NULL,9,1,NULL,NULL,NULL,NULL,NULL,NULL,2583,NULL,NULL,'No'),('2584',1,'bisnauli',NULL,'2015-08-04',NULL,NULL,'2015-08-04',NULL,'Birender Rousa','Vivek Rousa',NULL,NULL,'',2584,'','','Seema Rousa',NULL,NULL,NULL,NULL,NULL,NULL,NULL,NULL,NULL,NULL,2584,'2584',NULL,NULL,11,NULL,22,1,NULL,NULL,NULL,NULL,NULL,NULL,2584,NULL,NULL,'No'),('2586',1,'dujana',NULL,'2015-08-04',NULL,NULL,'2015-08-04',NULL,'Satendra','Aniket',NULL,NULL,'',2586,'','','',NULL,NULL,NULL,NULL,NULL,NULL,NULL,NULL,NULL,NULL,2586,'2586',NULL,NULL,8,NULL,16,1,NULL,NULL,NULL,NULL,NULL,NULL,2586,NULL,NULL,'No'),('2587',1,'Khera Dharmpura',NULL,'2015-08-04',NULL,NULL,'2015-08-04',NULL,'Purushottam Sharma','Sadhavi Sharma',NULL,NULL,'',2587,'','','Neelam',NULL,NULL,NULL,NULL,NULL,NULL,NULL,NULL,NULL,NULL,2587,'2587',NULL,NULL,6,NULL,9,1,NULL,NULL,NULL,NULL,NULL,NULL,2587,NULL,NULL,'No'),('2588',1,'dujana',NULL,'2015-08-04',NULL,NULL,'2015-08-04',NULL,'Nagendra','Tavesh Nagar',NULL,NULL,'',2588,'','','Rajwati',NULL,NULL,NULL,NULL,NULL,NULL,NULL,NULL,NULL,NULL,2588,'2588',NULL,NULL,6,NULL,9,1,NULL,NULL,NULL,NULL,NULL,NULL,2588,NULL,NULL,'No'),('2591',1,'Bisnoli',NULL,'2015-08-04',NULL,NULL,'2015-08-04',NULL,'Anil Kumar Sharma','Nidhi Sharma',NULL,NULL,'',2591,'','','Vandana Sharma',NULL,NULL,NULL,NULL,NULL,NULL,NULL,NULL,NULL,NULL,2591,'2591',NULL,NULL,12,NULL,39,1,NULL,NULL,NULL,NULL,NULL,NULL,2591,NULL,NULL,'No'),('2592',1,'Bisnoli',NULL,'2015-08-04',NULL,NULL,'2015-08-04',NULL,'Anil Kr, Sharma','Vidhi Sharma',NULL,NULL,'',2592,'','','Vandana Sharma',NULL,NULL,NULL,NULL,NULL,NULL,NULL,NULL,NULL,NULL,2592,'2592',NULL,NULL,12,NULL,39,1,NULL,NULL,NULL,NULL,NULL,NULL,2592,NULL,NULL,'No'),('2593',1,'DAIRY MACHHA',NULL,'2015-08-04',NULL,NULL,'2015-08-04',NULL,'Sandesh','Nitesh Nagar',NULL,NULL,'',2593,'','','Monika',NULL,NULL,NULL,NULL,NULL,NULL,NULL,NULL,NULL,NULL,2593,'2593',NULL,NULL,6,NULL,9,1,NULL,NULL,NULL,NULL,NULL,NULL,2593,NULL,NULL,'No'),('2594',1,'girdhrpur',NULL,'2015-08-04',NULL,NULL,'2015-08-04',NULL,'Vinod Yadav','Nidhi Yadav',NULL,NULL,'',2594,'','','Surenderi Yadav',NULL,NULL,NULL,NULL,NULL,NULL,NULL,NULL,NULL,NULL,2594,'2594',NULL,NULL,15,NULL,28,1,NULL,NULL,NULL,NULL,NULL,NULL,2594,NULL,NULL,'No'),('2595',1,'Badalpur',NULL,'2015-08-04',NULL,NULL,'2015-08-04',NULL,'Mintu','Piyush Nagar',NULL,NULL,'',2595,'','','Babita Nagar',NULL,NULL,NULL,NULL,NULL,NULL,NULL,NULL,NULL,NULL,2595,'2595',NULL,NULL,6,NULL,9,1,NULL,NULL,NULL,NULL,NULL,NULL,2595,NULL,NULL,'No'),('2596',1,'dadri',NULL,'2015-08-04',NULL,NULL,'2015-08-04',NULL,'Ravidutt Sharma','Shirish Sharma',NULL,NULL,'',2596,'','','Anita Sharma',NULL,NULL,NULL,NULL,NULL,NULL,NULL,NULL,NULL,NULL,2596,'2596',NULL,NULL,17,NULL,31,1,NULL,NULL,NULL,NULL,NULL,NULL,2596,NULL,NULL,'No'),('2597',1,'kalda',NULL,'2015-08-04',NULL,NULL,'2015-08-04',NULL,'Ravindra','Shivam Nagar',NULL,NULL,'',2597,'','','Preeti',NULL,NULL,NULL,NULL,NULL,NULL,NULL,NULL,NULL,NULL,2597,'2597',NULL,NULL,6,NULL,9,1,NULL,NULL,NULL,NULL,NULL,NULL,2597,NULL,NULL,'No'),('2598',1,'girdharpur',NULL,'2015-08-04',NULL,NULL,'2015-08-04',NULL,'Inderjeet Choudhary','Payal Choudhary',NULL,NULL,'',2598,'','','Beena Choudhary',NULL,NULL,NULL,NULL,NULL,NULL,NULL,NULL,NULL,NULL,2598,'2598',NULL,NULL,15,NULL,32,1,NULL,NULL,NULL,NULL,NULL,NULL,2598,NULL,NULL,'No'),('2599',1,'A.F station',NULL,'2015-08-04',NULL,NULL,'2015-08-04',NULL,'Mukesh','Vivek',NULL,NULL,'',2599,'','','Vimlesh Payla',NULL,NULL,NULL,NULL,NULL,NULL,NULL,NULL,NULL,NULL,2599,'2599',NULL,NULL,6,NULL,9,1,NULL,NULL,NULL,NULL,NULL,NULL,2599,NULL,NULL,'No'),('26',1,'Sadopur',NULL,'2015-08-04',NULL,NULL,'2015-08-04',NULL,'Shyamveer','Vikas',NULL,NULL,'',26,'','','Kavita',NULL,NULL,NULL,NULL,NULL,NULL,NULL,NULL,NULL,NULL,26,'26',NULL,NULL,15,NULL,32,1,NULL,NULL,NULL,NULL,NULL,NULL,26,NULL,NULL,'No'),('2602',1,'Sadullapur',NULL,'2015-08-04',NULL,NULL,'2015-08-04',NULL,'Radhey Shyam','Anuj Sharma',NULL,NULL,'',2602,'','','Shimla Sharma',NULL,NULL,NULL,NULL,NULL,NULL,NULL,NULL,NULL,NULL,2602,'2602',NULL,NULL,11,NULL,21,1,NULL,NULL,NULL,NULL,NULL,NULL,2602,NULL,NULL,'No'),('2603',1,'D.m',NULL,'2015-08-04',NULL,NULL,'2015-08-04',NULL,'Rajesh Singh','Neelam Singh',NULL,NULL,'',2603,'','','Kavita',NULL,NULL,NULL,NULL,NULL,NULL,NULL,NULL,NULL,NULL,2603,'2603',NULL,NULL,6,NULL,10,1,NULL,NULL,NULL,NULL,NULL,NULL,2603,NULL,NULL,'No'),('2606',1,'dadri',NULL,'2015-08-04',NULL,NULL,'2015-08-04',NULL,'Mahesh Chand Verma','Harsh Verma',NULL,NULL,'',2606,'','','Seema Verma',NULL,NULL,NULL,NULL,NULL,NULL,NULL,NULL,NULL,NULL,2606,'2606',NULL,NULL,17,NULL,31,1,NULL,NULL,NULL,NULL,NULL,NULL,2606,NULL,NULL,'No'),('2607',1,'dujana',NULL,'2015-08-04',NULL,NULL,'2015-08-04',NULL,'Ravi','Ridima Khatana',NULL,NULL,'',2607,'','','Poonam',NULL,NULL,NULL,NULL,NULL,NULL,NULL,NULL,NULL,NULL,2607,'2607',NULL,NULL,6,NULL,10,1,NULL,NULL,NULL,NULL,NULL,NULL,2607,NULL,NULL,'No'),('2610',1,'Badalpur',NULL,'2015-08-04',NULL,NULL,'2015-08-04',NULL,'Dharmender','Ritik',NULL,NULL,'',2610,'','','Neeraj',NULL,NULL,NULL,NULL,NULL,NULL,NULL,NULL,NULL,NULL,2610,'2610',NULL,NULL,6,NULL,11,1,NULL,NULL,NULL,NULL,NULL,NULL,2610,NULL,NULL,'No'),('2611',1,'dujana',NULL,'2015-08-04',NULL,NULL,'2015-08-04',NULL,'Naval','Saurabh',NULL,NULL,'',2611,'','','Sudesh',NULL,NULL,NULL,NULL,NULL,NULL,NULL,NULL,NULL,NULL,2611,'2611',NULL,NULL,6,NULL,11,1,NULL,NULL,NULL,NULL,NULL,NULL,2611,NULL,NULL,'No'),('2612',1,'Dadri',NULL,'2015-08-04',NULL,NULL,'2015-08-04',NULL,'Sanjeev Kumar','Raja',NULL,NULL,'',2612,'','','',NULL,NULL,NULL,NULL,NULL,NULL,NULL,NULL,NULL,NULL,2612,'2612',NULL,NULL,8,NULL,16,1,NULL,NULL,NULL,NULL,NULL,NULL,2612,NULL,NULL,'No'),('2613',1,'badalpur',NULL,'2015-08-04',NULL,NULL,'2015-08-04',NULL,'Govind Nagar','Sakshi Nagar',NULL,NULL,'',2613,'','','Neeraj',NULL,NULL,NULL,NULL,NULL,NULL,NULL,NULL,NULL,NULL,2613,'2613',NULL,NULL,6,NULL,10,1,NULL,NULL,NULL,NULL,NULL,NULL,2613,NULL,NULL,'No'),('2614',1,'dadri',NULL,'2015-08-04',NULL,NULL,'2015-08-04',NULL,'Sanjeev Kumar','Deepanshu',NULL,NULL,'',2614,'','','Renu',NULL,NULL,NULL,NULL,NULL,NULL,NULL,NULL,NULL,NULL,2614,'2614',NULL,NULL,11,NULL,21,1,NULL,NULL,NULL,NULL,NULL,NULL,2614,NULL,NULL,'No'),('2616',1,'Dadri',NULL,'2015-08-04',NULL,NULL,'2015-08-04',NULL,'Anil Kumar Sighal','Riya Singhal',NULL,NULL,'',2616,'','','Shilpi Singhal',NULL,NULL,NULL,NULL,NULL,NULL,NULL,NULL,NULL,NULL,2616,'2616',NULL,NULL,12,NULL,39,1,NULL,NULL,NULL,NULL,NULL,NULL,2616,NULL,NULL,'No'),('2617',1,'sadopur',NULL,'2015-08-04',NULL,NULL,'2015-08-04',NULL,'Pawan','Tammna Baisoya',NULL,NULL,'',2617,'','','Anita',NULL,NULL,NULL,NULL,NULL,NULL,NULL,NULL,NULL,NULL,2617,'2617',NULL,NULL,6,NULL,10,1,NULL,NULL,NULL,NULL,NULL,NULL,2617,NULL,NULL,'No'),('2618',1,'dadri',NULL,'2015-08-04',NULL,NULL,'2015-08-04',NULL,'Anil Singhal','Gaurav Singhal',NULL,NULL,'',2618,'','','Shilpi Singhal',NULL,NULL,NULL,NULL,NULL,NULL,NULL,NULL,NULL,NULL,2618,'2618',NULL,NULL,17,NULL,31,1,NULL,NULL,NULL,NULL,NULL,NULL,2618,NULL,NULL,'No'),('2619',1,'D.M',NULL,'2015-08-04',NULL,NULL,'2015-08-04',NULL,'Sushil','Tanishqa',NULL,NULL,'',2619,'','','Neelam',NULL,NULL,NULL,NULL,NULL,NULL,NULL,NULL,NULL,NULL,2619,'2619',NULL,NULL,6,NULL,11,1,NULL,NULL,NULL,NULL,NULL,NULL,2619,NULL,NULL,'No'),('262',1,'D.m',NULL,'2015-08-04',NULL,NULL,'2015-08-04',NULL,'Satish Bhati','Harish Bhati',NULL,NULL,'',262,'','','Babli Bhati',NULL,NULL,NULL,NULL,NULL,NULL,NULL,NULL,NULL,NULL,262,'262',NULL,NULL,13,NULL,26,1,NULL,NULL,NULL,NULL,NULL,NULL,262,NULL,NULL,'No'),('2620',1,'Dadri',NULL,'2015-08-04',NULL,NULL,'2015-08-04',NULL,'Mukesh Panchal','Aakash Panchal',NULL,NULL,'',2620,'','','Sunita',NULL,NULL,NULL,NULL,NULL,NULL,NULL,NULL,NULL,NULL,2620,'2620',NULL,NULL,17,NULL,31,1,NULL,NULL,NULL,NULL,NULL,NULL,2620,NULL,NULL,'No'),('2621',1,'Dadri',NULL,'2015-08-04',NULL,NULL,'2015-08-04',NULL,'Om Dutt Upadhaya','Manish Upadhaya',NULL,NULL,'',2621,'','','Kamlesh Upadhyaya',NULL,NULL,NULL,NULL,NULL,NULL,NULL,NULL,NULL,NULL,2621,'2621',NULL,NULL,17,NULL,31,1,NULL,NULL,NULL,NULL,NULL,NULL,2621,NULL,NULL,'No'),('2622',1,'D.M',NULL,'2015-08-04',NULL,NULL,'2015-08-04',NULL,'Krishanpal','Himanshi Nagar',NULL,NULL,'',2622,'','','Rajni',NULL,NULL,NULL,NULL,NULL,NULL,NULL,NULL,NULL,NULL,2622,'2622',NULL,NULL,6,NULL,10,1,NULL,NULL,NULL,NULL,NULL,NULL,2622,NULL,NULL,'No'),('2623',1,'Dadri',NULL,'2015-08-04',NULL,NULL,'2015-08-04',NULL,'Dharmender Singh','Priyanta Singh',NULL,NULL,'',2623,'','','Anita Singh',NULL,NULL,NULL,NULL,NULL,NULL,NULL,NULL,NULL,NULL,2623,'2623',NULL,NULL,15,NULL,32,1,NULL,NULL,NULL,NULL,NULL,NULL,2623,NULL,NULL,'No'),('2624',1,'dadri',NULL,'2015-08-04',NULL,NULL,'2015-08-04',NULL,'Ashok Sg. Teotia','Varun Teotia',NULL,NULL,'',2624,'','','Komal',NULL,NULL,NULL,NULL,NULL,NULL,NULL,NULL,NULL,NULL,2624,'2624',NULL,NULL,9,NULL,17,1,NULL,NULL,NULL,NULL,NULL,NULL,2624,NULL,NULL,'No'),('2625',1,'Accheja',NULL,'2015-08-04',NULL,NULL,'2015-08-04',NULL,'Pradeep','Tanish I',NULL,NULL,'',2625,'','','Brijesh',NULL,NULL,NULL,NULL,NULL,NULL,NULL,NULL,NULL,NULL,2625,'2625',NULL,NULL,6,NULL,10,1,NULL,NULL,NULL,NULL,NULL,NULL,2625,NULL,NULL,'No'),('2627',1,'D.M',NULL,'2015-08-04',NULL,NULL,'2015-08-04',NULL,'Yashpal','Yashashvi Singh',NULL,NULL,'',2627,'','','Mukesh',NULL,NULL,NULL,NULL,NULL,NULL,NULL,NULL,NULL,NULL,2627,'2627',NULL,NULL,6,NULL,10,1,NULL,NULL,NULL,NULL,NULL,NULL,2627,NULL,NULL,'No'),('2629',1,'Barpura',NULL,'2015-08-04',NULL,NULL,'2015-08-04',NULL,'Manoj','Prachi Bhati',NULL,NULL,'',2629,'','','Rajni',NULL,NULL,NULL,NULL,NULL,NULL,NULL,NULL,NULL,NULL,2629,'2629',NULL,NULL,6,NULL,10,1,NULL,NULL,NULL,NULL,NULL,NULL,2629,NULL,NULL,'No'),('2631',1,'Dadri',NULL,'2015-08-04',NULL,NULL,'2015-08-04',NULL,'Ashok Sg. Teotia','Kuldeep Teotia',NULL,NULL,'',2631,'','','Komalwati Devi',NULL,NULL,NULL,NULL,NULL,NULL,NULL,NULL,NULL,NULL,2631,'2631',NULL,NULL,17,NULL,31,1,NULL,NULL,NULL,NULL,NULL,NULL,2631,NULL,NULL,'No'),('2632',1,'sadopur',NULL,'2015-08-04',NULL,NULL,'2015-08-04',NULL,'Gyanender','Naincy Baisoya',NULL,NULL,'',2632,'','','Bindu',NULL,NULL,NULL,NULL,NULL,NULL,NULL,NULL,NULL,NULL,2632,'2632',NULL,NULL,6,NULL,10,1,NULL,NULL,NULL,NULL,NULL,NULL,2632,NULL,NULL,'No'),('2633',1,'Rajatpur',NULL,'2015-08-04',NULL,NULL,'2015-08-04',NULL,'Amar Pal','Arjun Pal',NULL,NULL,'',2633,'','','Urmila Pal',NULL,NULL,NULL,NULL,NULL,NULL,NULL,NULL,NULL,NULL,2633,'2633',NULL,NULL,17,NULL,31,1,NULL,NULL,NULL,NULL,NULL,NULL,2633,NULL,NULL,'No'),('2634',1,'khera dharampura',NULL,'2015-08-04',NULL,NULL,'2015-08-04',NULL,'Rajendra','Naveen',NULL,NULL,'',2634,'','','Rukmani Devi',NULL,NULL,NULL,NULL,NULL,NULL,NULL,NULL,NULL,NULL,2634,'2634',NULL,NULL,18,NULL,33,1,NULL,NULL,NULL,NULL,NULL,NULL,2634,NULL,NULL,'No'),('2639',1,'Dhoom Manikpur',NULL,'2015-08-04',NULL,NULL,'2015-08-04',NULL,'Manoj Singh','Deepak',NULL,NULL,'',2639,'','','',NULL,NULL,NULL,NULL,NULL,NULL,NULL,NULL,NULL,NULL,2639,'2639',NULL,NULL,8,NULL,16,1,NULL,NULL,NULL,NULL,NULL,NULL,2639,NULL,NULL,'No'),('264',1,'Bambawar',NULL,'2015-08-04',NULL,NULL,'2015-08-04',NULL,'Satpal Nagar','Sonika Nagar',NULL,NULL,'',264,'','','Meela Nagar',NULL,NULL,NULL,NULL,NULL,NULL,NULL,NULL,NULL,NULL,264,'264',NULL,NULL,18,NULL,34,1,NULL,NULL,NULL,NULL,NULL,NULL,264,NULL,NULL,'No'),('2640',1,'badalpur',NULL,'2015-08-04',NULL,NULL,'2015-08-04',NULL,'Sushil','Sujal Nagar',NULL,NULL,'',2640,'','','Poonam',NULL,NULL,NULL,NULL,NULL,NULL,NULL,NULL,NULL,NULL,2640,'2640',NULL,NULL,6,NULL,10,1,NULL,NULL,NULL,NULL,NULL,NULL,2640,NULL,NULL,'No'),('2641',1,'Bisnuli',NULL,'2015-08-04',NULL,NULL,'2015-08-04',NULL,'Jagdish Pal','Vinay Kr. Pal',NULL,NULL,'',2641,'','','Asha Devi',NULL,NULL,NULL,NULL,NULL,NULL,NULL,NULL,NULL,NULL,2641,'2641',NULL,NULL,15,NULL,28,1,NULL,NULL,NULL,NULL,NULL,NULL,2641,NULL,NULL,'No'),('2642',1,'Dadri',NULL,'2015-08-04',NULL,NULL,'2015-08-04',NULL,'Sukh Pal Singh','Gaurav Kumar',NULL,NULL,'',2642,'','','Rajesh Devi',NULL,NULL,NULL,NULL,NULL,NULL,NULL,NULL,NULL,NULL,2642,'2642',NULL,NULL,18,NULL,33,1,NULL,NULL,NULL,NULL,NULL,NULL,2642,NULL,NULL,'No'),('2643',1,'Dadri',NULL,'2015-08-04',NULL,NULL,'2015-08-04',NULL,'Anil Kumar Singh','Harsh Chauhan',NULL,NULL,'',2643,'','','Meera Singh',NULL,NULL,NULL,NULL,NULL,NULL,NULL,NULL,NULL,NULL,2643,'2643',NULL,NULL,17,NULL,31,1,NULL,NULL,NULL,NULL,NULL,NULL,2643,NULL,NULL,'No'),('2644',1,'Dadri',NULL,'2015-08-04',NULL,NULL,'2015-08-04',NULL,'Vinod Raghav','Ankur Raghav',NULL,NULL,'',2644,'','','Suman Raghav',NULL,NULL,NULL,NULL,NULL,NULL,NULL,NULL,NULL,NULL,2644,'2644',NULL,NULL,14,NULL,27,1,NULL,NULL,NULL,NULL,NULL,NULL,2644,NULL,NULL,'No'),('2646',1,'Girdharpur',NULL,'2015-08-04',NULL,NULL,'2015-08-04',NULL,'Yogender Kr Chandela','Abhishek Chndela',NULL,NULL,'',2646,'','','Rajan Chandela',NULL,NULL,NULL,NULL,NULL,NULL,NULL,NULL,NULL,NULL,2646,'2646',NULL,NULL,15,NULL,32,1,NULL,NULL,NULL,NULL,NULL,NULL,2646,NULL,NULL,'No'),('2647',1,'Dadri',NULL,'2015-08-04',NULL,NULL,'2015-08-04',NULL,'Sunil Verma','Aakash Verma',NULL,NULL,'',2647,'','','Madhu Verma',NULL,NULL,NULL,NULL,NULL,NULL,NULL,NULL,NULL,NULL,2647,'2647',NULL,NULL,17,NULL,31,1,NULL,NULL,NULL,NULL,NULL,NULL,2647,NULL,NULL,'No'),('2648',1,'SADOPUR',NULL,'2015-08-04',NULL,NULL,'2015-08-04',NULL,'Kuldeep','Vishesh Sharma',NULL,NULL,'',2648,'','','Ruby Kumari',NULL,NULL,NULL,NULL,NULL,NULL,NULL,NULL,NULL,NULL,2648,'2648',NULL,NULL,6,NULL,9,1,NULL,NULL,NULL,NULL,NULL,NULL,2648,NULL,NULL,'No'),('2649',1,'Accheja',NULL,'2015-08-04',NULL,NULL,'2015-08-04',NULL,'Kapil','Lovish',NULL,NULL,'',2649,'','','Meenu',NULL,NULL,NULL,NULL,NULL,NULL,NULL,NULL,NULL,NULL,2649,'2649',NULL,NULL,6,NULL,11,1,NULL,NULL,NULL,NULL,NULL,NULL,2649,NULL,NULL,'No'),('2651',1,'jaansiwana',NULL,'2015-08-04',NULL,NULL,'2015-08-04',NULL,'Ishwar','Ishant Khari',NULL,NULL,'',2651,'','','Amrita',NULL,NULL,NULL,NULL,NULL,NULL,NULL,NULL,NULL,NULL,2651,'2651',NULL,NULL,5,NULL,7,1,NULL,NULL,NULL,NULL,NULL,NULL,2651,NULL,NULL,'No'),('2652',1,'Dadri',NULL,'2015-08-04',NULL,NULL,'2015-08-04',NULL,'Shiv Om Sharma','Gagan Sharma',NULL,NULL,'',2652,'','','Chanderwati',NULL,NULL,NULL,NULL,NULL,NULL,NULL,NULL,NULL,NULL,2652,'2652',NULL,NULL,17,NULL,31,1,NULL,NULL,NULL,NULL,NULL,NULL,2652,NULL,NULL,'No'),('2653',1,'D.m',NULL,'2015-08-04',NULL,NULL,'2015-08-04',NULL,'Vineet','Riyank',NULL,NULL,'',2653,'','','Asha',NULL,NULL,NULL,NULL,NULL,NULL,NULL,NULL,NULL,NULL,2653,'2653',NULL,NULL,6,NULL,10,1,NULL,NULL,NULL,NULL,NULL,NULL,2653,NULL,NULL,'No'),('2656',1,'Kuri Khera',NULL,'2015-08-04',NULL,NULL,'2015-08-04',NULL,'Subhash Chand Sharma','Vikas Sharma',NULL,NULL,'',2656,'','','Manju Devi',NULL,NULL,NULL,NULL,NULL,NULL,NULL,NULL,NULL,NULL,2656,'2656',NULL,NULL,17,NULL,31,1,NULL,NULL,NULL,NULL,NULL,NULL,2656,NULL,NULL,'No'),('2657',1,'Kaut Goan',NULL,'2015-08-04',NULL,NULL,'2015-08-04',NULL,'Raj Singh','Vishant Barela',NULL,NULL,'',2657,'','','Munesh Devi',NULL,NULL,NULL,NULL,NULL,NULL,NULL,NULL,NULL,NULL,2657,'2657',NULL,NULL,15,NULL,32,1,NULL,NULL,NULL,NULL,NULL,NULL,2657,NULL,NULL,'No'),('2660',1,'dujana',NULL,'2015-08-04',NULL,NULL,'2015-08-04',NULL,'Ashwani Nagar','Nitanshu Nagar',NULL,NULL,'',2660,'','','Mundresh',NULL,NULL,NULL,NULL,NULL,NULL,NULL,NULL,NULL,NULL,2660,'2660',NULL,NULL,11,NULL,22,1,NULL,NULL,NULL,NULL,NULL,NULL,2660,NULL,NULL,'No'),('2661',1,'Chitthera',NULL,'2015-08-04',NULL,NULL,'2015-08-04',NULL,'Narender','Preet Nagar',NULL,NULL,'',2661,'','','Kavita',NULL,NULL,NULL,NULL,NULL,NULL,NULL,NULL,NULL,NULL,2661,'2661',NULL,NULL,6,NULL,10,1,NULL,NULL,NULL,NULL,NULL,NULL,2661,NULL,NULL,'No'),('2663',1,'Dhoom',NULL,'2015-08-04',NULL,NULL,'2015-08-04',NULL,'Dhruv','Vishal Singh',NULL,NULL,'',2663,'','','Santosh',NULL,NULL,NULL,NULL,NULL,NULL,NULL,NULL,NULL,NULL,2663,'2663',NULL,NULL,6,NULL,10,1,NULL,NULL,NULL,NULL,NULL,NULL,2663,NULL,NULL,'No'),('2664',1,'Bambwar',NULL,'2015-08-04',NULL,NULL,'2015-08-04',NULL,'Sarjeet Nagar','Sachin Nagar',NULL,NULL,'',2664,'','','Anita Devi',NULL,NULL,NULL,NULL,NULL,NULL,NULL,NULL,NULL,NULL,2664,'2664',NULL,NULL,16,NULL,30,1,NULL,NULL,NULL,NULL,NULL,NULL,2664,NULL,NULL,'No'),('2666',1,'Sadopur',NULL,'2015-08-04',NULL,NULL,'2015-08-04',NULL,'Ashok Sharma','Nidhi Sharma',NULL,NULL,'',2666,'','','Seema Sharma',NULL,NULL,NULL,NULL,NULL,NULL,NULL,NULL,NULL,NULL,2666,'2666',NULL,NULL,16,NULL,30,1,NULL,NULL,NULL,NULL,NULL,NULL,2666,NULL,NULL,'No'),('2668',1,'Dadri',NULL,'2015-08-04',NULL,NULL,'2015-08-04',NULL,'Pradeep Sharma','Nitin Parashar',NULL,NULL,'',2668,'','','Neeta Devi',NULL,NULL,NULL,NULL,NULL,NULL,NULL,NULL,NULL,NULL,2668,'2668',NULL,NULL,15,NULL,28,1,NULL,NULL,NULL,NULL,NULL,NULL,2668,NULL,NULL,'No'),('2669',1,'Accheja',NULL,'2015-08-04',NULL,NULL,'2015-08-04',NULL,'Gabbar Nagar','Lucky Nagar',NULL,NULL,'',2669,'','','Savita',NULL,NULL,NULL,NULL,NULL,NULL,NULL,NULL,NULL,NULL,2669,'2669',NULL,NULL,6,NULL,10,1,NULL,NULL,NULL,NULL,NULL,NULL,2669,NULL,NULL,'No'),('2671',1,'D.m',NULL,'2015-08-04',NULL,NULL,'2015-08-04',NULL,'Adesh','Tanish Nagar',NULL,NULL,'',2671,'','','Reena',NULL,NULL,NULL,NULL,NULL,NULL,NULL,NULL,NULL,NULL,2671,'2671',NULL,NULL,6,NULL,10,1,NULL,NULL,NULL,NULL,NULL,NULL,2671,NULL,NULL,'No'),('2673',1,'kheda dharm',NULL,'2015-08-04',NULL,NULL,'2015-08-04',NULL,'Nitin','Yash',NULL,NULL,'',2673,'','','Babita',NULL,NULL,NULL,NULL,NULL,NULL,NULL,NULL,NULL,NULL,2673,'2673',NULL,NULL,6,NULL,11,1,NULL,NULL,NULL,NULL,NULL,NULL,2673,NULL,NULL,'No'),('2674',1,'Lal Kaun',NULL,'2015-08-04',NULL,NULL,'2015-08-04',NULL,'Ashok Kr. Shishodia','Shashank Shishodia',NULL,NULL,'',2674,'','','Seema Devi Shishodia',NULL,NULL,NULL,NULL,NULL,NULL,NULL,NULL,NULL,NULL,2674,'2674',NULL,NULL,17,NULL,31,1,NULL,NULL,NULL,NULL,NULL,NULL,2674,NULL,NULL,'No'),('2675',1,'lalkuan',NULL,'2015-08-04',NULL,NULL,'2015-08-04',NULL,'Ashok','Ishika',NULL,NULL,'',2675,'','','Sangita',NULL,NULL,NULL,NULL,NULL,NULL,NULL,NULL,NULL,NULL,2675,'2675',NULL,NULL,11,NULL,22,1,NULL,NULL,NULL,NULL,NULL,NULL,2675,NULL,NULL,'No'),('2677',1,'dujana',NULL,'2015-08-04',NULL,NULL,'2015-08-04',NULL,'Pravinder','Rajshree',NULL,NULL,'',2677,'','','Seema',NULL,NULL,NULL,NULL,NULL,NULL,NULL,NULL,NULL,NULL,2677,'2677',NULL,NULL,6,NULL,11,1,NULL,NULL,NULL,NULL,NULL,NULL,2677,NULL,NULL,'No'),('2678',1,'Sadopur',NULL,'2015-08-04',NULL,NULL,'2015-08-04',NULL,'Devender Sharma','Harsh Sharma',NULL,NULL,'',2678,'','','Manju Sharma',NULL,NULL,NULL,NULL,NULL,NULL,NULL,NULL,NULL,NULL,2678,'2678',NULL,NULL,15,NULL,28,1,NULL,NULL,NULL,NULL,NULL,NULL,2678,NULL,NULL,'No'),('2680',1,'Accheja',NULL,'2015-08-04',NULL,NULL,'2015-08-04',NULL,'Dhramveer','Harshita Dwivedi',NULL,NULL,'',2680,'','','Kavita',NULL,NULL,NULL,NULL,NULL,NULL,NULL,NULL,NULL,NULL,2680,'2680',NULL,NULL,6,NULL,11,1,NULL,NULL,NULL,NULL,NULL,NULL,2680,NULL,NULL,'No'),('2685',1,'D.M',NULL,'2015-08-04',NULL,NULL,'2015-08-04',NULL,'Sombeer','Chanchal',NULL,NULL,'',2685,'','','Monika',NULL,NULL,NULL,NULL,NULL,NULL,NULL,NULL,NULL,NULL,2685,'2685',NULL,NULL,6,NULL,11,1,NULL,NULL,NULL,NULL,NULL,NULL,2685,NULL,NULL,'No'),('2687',1,'harikabag',NULL,'2015-08-04',NULL,NULL,'2015-08-04',NULL,'Danveer','Kashish',NULL,NULL,'',2687,'','','Sunita',NULL,NULL,NULL,NULL,NULL,NULL,NULL,NULL,NULL,NULL,2687,'2687',NULL,NULL,6,NULL,11,1,NULL,NULL,NULL,NULL,NULL,NULL,2687,NULL,NULL,'No'),('2692',1,'D.M',NULL,'2015-08-04',NULL,NULL,'2015-08-04',NULL,'Vijay','Vansh',NULL,NULL,'',2692,'','','Lalita',NULL,NULL,NULL,NULL,NULL,NULL,NULL,NULL,NULL,NULL,2692,'2692',NULL,NULL,6,NULL,11,1,NULL,NULL,NULL,NULL,NULL,NULL,2692,NULL,NULL,'No'),('2693',1,'Dadri',NULL,'2015-08-04',NULL,NULL,'2015-08-04',NULL,'Babu Ram Verma','Lokesh Verma',NULL,NULL,'',2693,'','','Raj Kumari Verma',NULL,NULL,NULL,NULL,NULL,NULL,NULL,NULL,NULL,NULL,2693,'2693',NULL,NULL,15,NULL,28,1,NULL,NULL,NULL,NULL,NULL,NULL,2693,NULL,NULL,'No'),('2695',1,'sadopur',NULL,'2015-08-04',NULL,NULL,'2015-08-04',NULL,'Kirpal Singh','Suraj',NULL,NULL,'',2695,'','','Munesh',NULL,NULL,NULL,NULL,NULL,NULL,NULL,NULL,NULL,NULL,2695,'2695',NULL,NULL,9,NULL,38,1,NULL,NULL,NULL,NULL,NULL,NULL,2695,NULL,NULL,'No'),('2696',1,'Accheja',NULL,'2015-08-04',NULL,NULL,'2015-08-04',NULL,'Abhay','Himanshi',NULL,NULL,'',2696,'','','Savita',NULL,NULL,NULL,NULL,NULL,NULL,NULL,NULL,NULL,NULL,2696,'2696',NULL,NULL,6,NULL,11,1,NULL,NULL,NULL,NULL,NULL,NULL,2696,NULL,NULL,'No'),('2697',1,'Sadopur',NULL,'2015-08-04',NULL,NULL,'2015-08-04',NULL,'Kailash Sharma','Pinki Sharma',NULL,NULL,'',2697,'','','Anita Sharma',NULL,NULL,NULL,NULL,NULL,NULL,NULL,NULL,NULL,NULL,2697,'2697',NULL,NULL,15,NULL,28,1,NULL,NULL,NULL,NULL,NULL,NULL,2697,NULL,NULL,'No'),('2702',1,'Mahawar',NULL,'2015-08-04',NULL,NULL,'2015-08-04',NULL,'Phrabhul','Sahil Khan',NULL,NULL,'',2702,'','','Savita Singh',NULL,NULL,NULL,NULL,NULL,NULL,NULL,NULL,NULL,NULL,2702,'2702',NULL,NULL,17,NULL,31,1,NULL,NULL,NULL,NULL,NULL,NULL,2702,NULL,NULL,'No'),('2703',1,'badalpur',NULL,'2015-08-04',NULL,NULL,'2015-08-04',NULL,'Mangal','Rachi',NULL,NULL,'',2703,'','','Sunita',NULL,NULL,NULL,NULL,NULL,NULL,NULL,NULL,NULL,NULL,2703,'2703',NULL,NULL,6,NULL,11,1,NULL,NULL,NULL,NULL,NULL,NULL,2703,NULL,NULL,'No'),('2705',1,'d.m',NULL,'2015-08-04',NULL,NULL,'2015-08-04',NULL,'Manoj','Ayush',NULL,NULL,'',2705,'','','Manju',NULL,NULL,NULL,NULL,NULL,NULL,NULL,NULL,NULL,NULL,2705,'2705',NULL,NULL,6,NULL,11,1,NULL,NULL,NULL,NULL,NULL,NULL,2705,NULL,NULL,'No'),('2706',1,'Sadullapur',NULL,'2015-08-04',NULL,NULL,'2015-08-04',NULL,'Narender Sg. Nagar','Harsh Nagar',NULL,NULL,'',2706,'','','Savita Khari',NULL,NULL,NULL,NULL,NULL,NULL,NULL,NULL,NULL,NULL,2706,'2706',NULL,NULL,6,NULL,11,1,NULL,NULL,NULL,NULL,NULL,NULL,2706,NULL,NULL,'No'),('2707',1,'dujana',NULL,'2015-08-04',NULL,NULL,'2015-08-04',NULL,'Parvinder','Prince',NULL,NULL,'',2707,'','','Vandana',NULL,NULL,NULL,NULL,NULL,NULL,NULL,NULL,NULL,NULL,2707,'2707',NULL,NULL,11,NULL,22,1,NULL,NULL,NULL,NULL,NULL,NULL,2707,NULL,NULL,'No'),('2708',1,'baidpura',NULL,'2015-08-04',NULL,NULL,'2015-08-04',NULL,'Karamveer','Tanish',NULL,NULL,'',2708,'','','Reeta',NULL,NULL,NULL,NULL,NULL,NULL,NULL,NULL,NULL,NULL,2708,'2708',NULL,NULL,6,NULL,11,1,NULL,NULL,NULL,NULL,NULL,NULL,2708,NULL,NULL,'No'),('2709',1,'Baidpura',NULL,'2015-08-04',NULL,NULL,'2015-08-04',NULL,'Pradeep Nagar','Rishab Nagar',NULL,NULL,'',2709,'','','Sunita',NULL,NULL,NULL,NULL,NULL,NULL,NULL,NULL,NULL,NULL,2709,'2709',NULL,NULL,6,NULL,9,1,NULL,NULL,NULL,NULL,NULL,NULL,2709,NULL,NULL,'No'),('2710',1,'Chaprola',NULL,'2015-08-04',NULL,NULL,'2015-08-04',NULL,'Bishan Singh','Hari Om Rana',NULL,NULL,'',2710,'','','Sarvesh Devi',NULL,NULL,NULL,NULL,NULL,NULL,NULL,NULL,NULL,NULL,2710,'2710',NULL,NULL,12,NULL,24,1,NULL,NULL,NULL,NULL,NULL,NULL,2710,NULL,NULL,'No'),('2711',1,'jansiwana',NULL,'2015-08-04',NULL,NULL,'2015-08-04',NULL,'Virender','Madhav',NULL,NULL,'',2711,'','','Savita Sharma',NULL,NULL,NULL,NULL,NULL,NULL,NULL,NULL,NULL,NULL,2711,'2711',NULL,NULL,6,NULL,11,1,NULL,NULL,NULL,NULL,NULL,NULL,2711,NULL,NULL,'No'),('2712',1,'Sadopur',NULL,'2015-08-04',NULL,NULL,'2015-08-04',NULL,'Bani Singh','Rohit Baisoya',NULL,NULL,'',2712,'','','Pushpa',NULL,NULL,NULL,NULL,NULL,NULL,NULL,NULL,NULL,NULL,2712,'2712',NULL,NULL,17,NULL,31,1,NULL,NULL,NULL,NULL,NULL,NULL,2712,NULL,NULL,'No'),('2713',1,'D.M',NULL,'2015-08-04',NULL,NULL,'2015-08-04',NULL,'Yashveer','Tanvi',NULL,NULL,'',2713,'','','Sarita',NULL,NULL,NULL,NULL,NULL,NULL,NULL,NULL,NULL,NULL,2713,'2713',NULL,NULL,6,NULL,11,1,NULL,NULL,NULL,NULL,NULL,NULL,2713,NULL,NULL,'No'),('2715',1,'badalpur',NULL,'2015-08-04',NULL,NULL,'2015-08-04',NULL,'Anil','Royal Nagar',NULL,NULL,'',2715,'','','Babita',NULL,NULL,NULL,NULL,NULL,NULL,NULL,NULL,NULL,NULL,2715,'2715',NULL,NULL,6,NULL,10,1,NULL,NULL,NULL,NULL,NULL,NULL,2715,NULL,NULL,'No'),('2717',1,'sadopur',NULL,'2015-08-04',NULL,NULL,'2015-08-04',NULL,'Yogender','Harshika Baisoya',NULL,NULL,'',2717,'','','Babita',NULL,NULL,NULL,NULL,NULL,NULL,NULL,NULL,NULL,NULL,2717,'2717',NULL,NULL,6,NULL,10,1,NULL,NULL,NULL,NULL,NULL,NULL,2717,NULL,NULL,'No'),('2719',1,'jaansiwara',NULL,'2015-08-04',NULL,NULL,'2015-08-04',NULL,'Sunil Khari','Prashant Khari',NULL,NULL,'',2719,'','','Rekha',NULL,NULL,NULL,NULL,NULL,NULL,NULL,NULL,NULL,NULL,2719,'2719',NULL,NULL,6,NULL,11,1,NULL,NULL,NULL,NULL,NULL,NULL,2719,NULL,NULL,'No'),('2720',1,'Sadopur',NULL,'2015-08-04',NULL,NULL,'2015-08-04',NULL,'Anil Sharma','Vivek Sharma',NULL,NULL,'',2720,'','','Rajesh Devi',NULL,NULL,NULL,NULL,NULL,NULL,NULL,NULL,NULL,NULL,2720,'2720',NULL,NULL,17,NULL,31,1,NULL,NULL,NULL,NULL,NULL,NULL,2720,NULL,NULL,'No'),('2721',1,'sadopur',NULL,'2015-08-04',NULL,NULL,'2015-08-04',NULL,'Yogendra','Kunal',NULL,NULL,'',2721,'','','Suman',NULL,NULL,NULL,NULL,NULL,NULL,NULL,NULL,NULL,NULL,2721,'2721',NULL,NULL,7,NULL,14,1,NULL,NULL,NULL,NULL,NULL,NULL,2721,NULL,NULL,'No'),('2723',1,'saini',NULL,'2015-08-04',NULL,NULL,'2015-08-04',NULL,'Narender','Nishant',NULL,NULL,'',2723,'','','Babita',NULL,NULL,NULL,NULL,NULL,NULL,NULL,NULL,NULL,NULL,2723,'2723',NULL,NULL,6,NULL,11,1,NULL,NULL,NULL,NULL,NULL,NULL,2723,NULL,NULL,'No'),('2726',1,'D.M',NULL,'2015-08-04',NULL,NULL,'2015-08-04',NULL,'Pradeep Sharma','Vaishali Sharma',NULL,NULL,'',2726,'','','Kanchan',NULL,NULL,NULL,NULL,NULL,NULL,NULL,NULL,NULL,NULL,2726,'2726',NULL,NULL,6,NULL,11,1,NULL,NULL,NULL,NULL,NULL,NULL,2726,NULL,NULL,'No'),('2727',1,'Sadopur',NULL,'2015-08-04',NULL,NULL,'2015-08-04',NULL,'Dharmendra','Shailesh',NULL,NULL,'',2727,'','','Seema',NULL,NULL,NULL,NULL,NULL,NULL,NULL,NULL,NULL,NULL,2727,'2727',NULL,NULL,11,NULL,22,1,NULL,NULL,NULL,NULL,NULL,NULL,2727,NULL,NULL,'No'),('2728',1,'Badalpur',NULL,'2015-08-04',NULL,NULL,'2015-08-04',NULL,'Balwant Singh','Sunil Kumar',NULL,NULL,'',2728,'','','Sunita Devi',NULL,NULL,NULL,NULL,NULL,NULL,NULL,NULL,NULL,NULL,2728,'2728',NULL,NULL,12,NULL,24,1,NULL,NULL,NULL,NULL,NULL,NULL,2728,NULL,NULL,'No'),('2729',1,'Dhoom Manikpur',NULL,'2015-08-04',NULL,NULL,'2015-08-04',NULL,'Pradeep','Ashish',NULL,NULL,'',2729,'','','Vimlesh',NULL,NULL,NULL,NULL,NULL,NULL,NULL,NULL,NULL,NULL,2729,'2729',NULL,NULL,10,NULL,19,1,NULL,NULL,NULL,NULL,NULL,NULL,2729,NULL,NULL,'No'),('2731',1,'Sadopur',NULL,'2015-08-04',NULL,NULL,'2015-08-04',NULL,'Jitender','Anushaka',NULL,NULL,'',2731,'','','Sarita Pathak',NULL,NULL,NULL,NULL,NULL,NULL,NULL,NULL,NULL,NULL,2731,'2731',NULL,NULL,6,NULL,11,1,NULL,NULL,NULL,NULL,NULL,NULL,2731,NULL,NULL,'No'),('2739',1,'dadri',NULL,'2015-08-04',NULL,NULL,'2015-08-04',NULL,'Rajbeer','Abhinav',NULL,NULL,'',2739,'','','Sunita',NULL,NULL,NULL,NULL,NULL,NULL,NULL,NULL,NULL,NULL,2739,'2739',NULL,NULL,11,NULL,22,1,NULL,NULL,NULL,NULL,NULL,NULL,2739,NULL,NULL,'No'),('2740',1,'barpura',NULL,'2015-08-04',NULL,NULL,'2015-08-04',NULL,'Jaganveer Bhati','Sunny Bhati',NULL,NULL,'',2740,'','','Chandra Bhati',NULL,NULL,NULL,NULL,NULL,NULL,NULL,NULL,NULL,NULL,2740,'2740',NULL,NULL,20,NULL,36,1,NULL,NULL,NULL,NULL,NULL,NULL,2740,NULL,NULL,'No'),('2742',1,'derimaccha',NULL,'2015-08-04',NULL,NULL,'2015-08-04',NULL,'Varish','Aman',NULL,NULL,'',2742,'','','Kuntesh',NULL,NULL,NULL,NULL,NULL,NULL,NULL,NULL,NULL,NULL,2742,'2742',NULL,NULL,10,NULL,20,1,NULL,NULL,NULL,NULL,NULL,NULL,2742,NULL,NULL,'No'),('2743',1,'Harish Chand Ka Baag',NULL,'2015-08-04',NULL,NULL,'2015-08-04',NULL,'Prem Mavi','Komal Mavi',NULL,NULL,'',2743,'','','Santosh',NULL,NULL,NULL,NULL,NULL,NULL,NULL,NULL,NULL,NULL,2743,'2743',NULL,NULL,17,NULL,31,1,NULL,NULL,NULL,NULL,NULL,NULL,2743,NULL,NULL,'No'),('2744',1,'HARI KA BAG',NULL,'2015-08-04',NULL,NULL,'2015-08-04',NULL,'Pawan Mavi','Sonam Mavi',NULL,NULL,'',2744,'','','Vimlesh Rawat',NULL,NULL,NULL,NULL,NULL,NULL,NULL,NULL,NULL,NULL,2744,'2744',NULL,NULL,17,NULL,31,1,NULL,NULL,NULL,NULL,NULL,NULL,2744,NULL,NULL,'No'),('2745',1,'A.F station',NULL,'2015-08-04',NULL,NULL,'2015-08-04',NULL,'Vijay Chandra','Sampreety Chandra',NULL,NULL,'',2745,'','','Anita',NULL,NULL,NULL,NULL,NULL,NULL,NULL,NULL,NULL,NULL,2745,'2745',NULL,NULL,6,NULL,9,1,NULL,NULL,NULL,NULL,NULL,NULL,2745,NULL,NULL,'No'),('2746',1,'Badalpur',NULL,'2015-08-04',NULL,NULL,'2015-08-04',NULL,'Dilbahadur Thapa','Manish Thapa',NULL,NULL,'',2746,'','','Bhagwati Thapa',NULL,NULL,NULL,NULL,NULL,NULL,NULL,NULL,NULL,NULL,2746,'2746',NULL,NULL,12,NULL,24,1,NULL,NULL,NULL,NULL,NULL,NULL,2746,NULL,NULL,'No'),('2748',1,'D.M',NULL,'2015-08-04',NULL,NULL,'2015-08-04',NULL,'Prince','Sneha',NULL,NULL,'',2748,'','','Geeta',NULL,NULL,NULL,NULL,NULL,NULL,NULL,NULL,NULL,NULL,2748,'2748',NULL,NULL,6,NULL,10,1,NULL,NULL,NULL,NULL,NULL,NULL,2748,NULL,NULL,'No'),('2750',1,'Accheja',NULL,'2015-08-04',NULL,NULL,'2015-08-04',NULL,'Veer Singh','Nitesh',NULL,NULL,'',2750,'','','Sarita Pathak',NULL,NULL,NULL,NULL,NULL,NULL,NULL,NULL,NULL,NULL,2750,'2750',NULL,NULL,6,NULL,11,1,NULL,NULL,NULL,NULL,NULL,NULL,2750,NULL,NULL,'No'),('2752',1,'A.F station',NULL,'2015-08-04',NULL,NULL,'2015-08-04',NULL,'Bageduram','Pradeep',NULL,NULL,'',2752,'','','Asha Devi',NULL,NULL,NULL,NULL,NULL,NULL,NULL,NULL,NULL,NULL,2752,'2752',NULL,NULL,15,NULL,32,1,NULL,NULL,NULL,NULL,NULL,NULL,2752,NULL,NULL,'No'),('2753',1,'Shadipur Chidauli',NULL,'2015-08-04',NULL,NULL,'2015-08-04',NULL,'Ayub Ali','Shabi Alam',NULL,NULL,'',2753,'','','Shahnaz',NULL,NULL,NULL,NULL,NULL,NULL,NULL,NULL,NULL,NULL,2753,'2753',NULL,NULL,15,NULL,28,1,NULL,NULL,NULL,NULL,NULL,NULL,2753,NULL,NULL,'No'),('2771',1,'Badalpur',NULL,'2015-08-04',NULL,NULL,'2015-08-04',NULL,'Jagveer','Akshat',NULL,NULL,'',2771,'','','Kavita Devi',NULL,NULL,NULL,NULL,NULL,NULL,NULL,NULL,NULL,NULL,2771,'2771',NULL,NULL,6,NULL,11,1,NULL,NULL,NULL,NULL,NULL,NULL,2771,NULL,NULL,'No'),('2775',1,'Dhoom Manikpur',NULL,'2015-08-04',NULL,NULL,'2015-08-04',NULL,'Ranveer Singh','Arun Kumar',NULL,NULL,'',2775,'','','Dharamwati',NULL,NULL,NULL,NULL,NULL,NULL,NULL,NULL,NULL,NULL,2775,'2775',NULL,NULL,12,NULL,24,1,NULL,NULL,NULL,NULL,NULL,NULL,2775,NULL,NULL,'No'),('2777',1,'Dadri',NULL,'2015-08-04',NULL,NULL,'2015-08-04',NULL,'Nooruddin','Shumaila Noor',NULL,NULL,'',2777,'','','Mujassim Fatima',NULL,NULL,NULL,NULL,NULL,NULL,NULL,NULL,NULL,NULL,2777,'2777',NULL,NULL,12,NULL,39,1,NULL,NULL,NULL,NULL,NULL,NULL,2777,NULL,NULL,'No'),('2780',1,'D.m',NULL,'2015-08-04',NULL,NULL,'2015-08-04',NULL,'Sunil Payla','Anuj Payla',NULL,NULL,'',2780,'','','Jagroshni',NULL,NULL,NULL,NULL,NULL,NULL,NULL,NULL,NULL,NULL,2780,'2780',NULL,NULL,6,NULL,9,1,NULL,NULL,NULL,NULL,NULL,NULL,2780,NULL,NULL,'No'),('2787',1,'Bishnouli',NULL,'2015-08-04',NULL,NULL,'2015-08-04',NULL,'Vijender','Himanshu',NULL,NULL,'',2787,'','','Babita Singh',NULL,NULL,NULL,NULL,NULL,NULL,NULL,NULL,NULL,NULL,2787,'2787',NULL,NULL,6,NULL,10,1,NULL,NULL,NULL,NULL,NULL,NULL,2787,NULL,NULL,'No'),('2793',1,'Mahawar',NULL,'2015-08-04',NULL,NULL,'2015-08-04',NULL,'Gajendra Singh','Pradeep Vikal',NULL,NULL,'',2793,'','','Rashmi Devi',NULL,NULL,NULL,NULL,NULL,NULL,NULL,NULL,NULL,NULL,2793,'2793',NULL,NULL,14,NULL,27,1,NULL,NULL,NULL,NULL,NULL,NULL,2793,NULL,NULL,'No'),('2794',1,'Dadri',NULL,'2015-08-04',NULL,NULL,'2015-08-04',NULL,'Bajeet Singh','Abhay Pratap',NULL,NULL,'',2794,'','','Akhilesh Devi',NULL,NULL,NULL,NULL,NULL,NULL,NULL,NULL,NULL,NULL,2794,'2794',NULL,NULL,18,NULL,34,1,NULL,NULL,NULL,NULL,NULL,NULL,2794,NULL,NULL,'No'),('2798',1,'Achheja',NULL,'2015-08-04',NULL,NULL,'2015-08-04',NULL,'Jitender Nagar','Deepanshu Nagar',NULL,NULL,'',2798,'','','',NULL,NULL,NULL,NULL,NULL,NULL,NULL,NULL,NULL,NULL,2798,'2798',NULL,NULL,8,NULL,16,1,NULL,NULL,NULL,NULL,NULL,NULL,2798,NULL,NULL,'No'),('28',1,'Kurikhera',NULL,'2015-08-04',NULL,NULL,'2015-08-04',NULL,'Nareander Sharma','Nitesh Sharma',NULL,NULL,'',28,'','','Manju',NULL,NULL,NULL,NULL,NULL,NULL,NULL,NULL,NULL,NULL,28,'28',NULL,NULL,14,NULL,27,1,NULL,NULL,NULL,NULL,NULL,NULL,28,NULL,NULL,'No'),('2810',1,'Dhoom Manikpur',NULL,'2015-08-04',NULL,NULL,'2015-08-04',NULL,'Netra Pal Singh','Manav Rakshak',NULL,NULL,'',2810,'','','Usha Garg',NULL,NULL,NULL,NULL,NULL,NULL,NULL,NULL,NULL,NULL,2810,'2810',NULL,NULL,7,NULL,14,1,NULL,NULL,NULL,NULL,NULL,NULL,2810,NULL,NULL,'No'),('2812',1,'Dadri',NULL,'2015-08-04',NULL,NULL,'2015-08-04',NULL,'Amit Gour','Aatish Gour',NULL,NULL,'',2812,'','','Babita',NULL,NULL,NULL,NULL,NULL,NULL,NULL,NULL,NULL,NULL,2812,'2812',NULL,NULL,15,NULL,32,1,NULL,NULL,NULL,NULL,NULL,NULL,2812,NULL,NULL,'No'),('2821',1,'Mahawar',NULL,'2015-08-04',NULL,NULL,'2015-08-04',NULL,'Vinod','Rajat',NULL,NULL,'',2821,'','','Munesh Singh',NULL,NULL,NULL,NULL,NULL,NULL,NULL,NULL,NULL,NULL,2821,'2821',NULL,NULL,18,NULL,33,1,NULL,NULL,NULL,NULL,NULL,NULL,2821,NULL,NULL,'No'),('2822',1,'Badalpur',NULL,'2015-08-04',NULL,NULL,'2015-08-04',NULL,'Brijpal','Kamal Bansal',NULL,NULL,'',2822,'','','Kanchan',NULL,NULL,NULL,NULL,NULL,NULL,NULL,NULL,NULL,NULL,2822,'2822',NULL,NULL,11,NULL,22,1,NULL,NULL,NULL,NULL,NULL,NULL,2822,NULL,NULL,'No'),('2825',1,'Chaprulla',NULL,'2015-08-04',NULL,NULL,'2015-08-04',NULL,'Lokesh','Vipashu Sharma',NULL,NULL,'',2825,'','','Jyoti Garg',NULL,NULL,NULL,NULL,NULL,NULL,NULL,NULL,NULL,NULL,2825,'2825',NULL,NULL,6,NULL,10,1,NULL,NULL,NULL,NULL,NULL,NULL,2825,NULL,NULL,'No'),('284',1,'Dhoom',NULL,'2015-08-04',NULL,NULL,'2015-08-04',NULL,'Roopchand','Anchal Lotus',NULL,NULL,'',284,'','','Mukesh Devi',NULL,NULL,NULL,NULL,NULL,NULL,NULL,NULL,NULL,NULL,284,'284',NULL,NULL,20,NULL,35,1,NULL,NULL,NULL,NULL,NULL,NULL,284,NULL,NULL,'No'),('2841',1,'Dadri',NULL,'2015-08-04',NULL,NULL,'2015-08-04',NULL,'Deepak Rawat','Aarti Rawat',NULL,NULL,'',2841,'','','Preeti Singhal',NULL,NULL,NULL,NULL,NULL,NULL,NULL,NULL,NULL,NULL,2841,'2841',NULL,NULL,17,NULL,31,1,NULL,NULL,NULL,NULL,NULL,NULL,2841,NULL,NULL,'No'),('2854',1,'Sadopur',NULL,'2015-08-04',NULL,NULL,'2015-08-04',NULL,'Amrendra','Ayush Prakash',NULL,NULL,'',2854,'','','Neeta Nagar',NULL,NULL,NULL,NULL,NULL,NULL,NULL,NULL,NULL,NULL,2854,'2854',NULL,NULL,11,NULL,22,1,NULL,NULL,NULL,NULL,NULL,NULL,2854,NULL,NULL,'No'),('2859',1,'Chaprulla',NULL,'2015-08-04',NULL,NULL,'2015-08-04',NULL,'Rajesh Gaur','Ayush Gaur',NULL,NULL,'',2859,'','','Sangeeta Singh',NULL,NULL,NULL,NULL,NULL,NULL,NULL,NULL,NULL,NULL,2859,'2859',NULL,NULL,6,NULL,10,1,NULL,NULL,NULL,NULL,NULL,NULL,2859,NULL,NULL,'No'),('2861',1,'A.f.s',NULL,'2015-08-04',NULL,NULL,'2015-08-04',NULL,'Amrendra','Akanksha',NULL,NULL,'',2861,'','','Anita Sharma',NULL,NULL,NULL,NULL,NULL,NULL,NULL,NULL,NULL,NULL,2861,'2861',NULL,NULL,6,NULL,11,1,NULL,NULL,NULL,NULL,NULL,NULL,2861,NULL,NULL,'No'),('2862',1,'Khera Dharampura',NULL,'2015-08-04',NULL,NULL,'2015-08-04',NULL,'Suresh','Lov Kush',NULL,NULL,'',2862,'','','Pinki',NULL,NULL,NULL,NULL,NULL,NULL,NULL,NULL,NULL,NULL,2862,'2862',NULL,NULL,13,NULL,40,1,NULL,NULL,NULL,NULL,NULL,NULL,2862,NULL,NULL,'No'),('2863',1,'Heabutpur',NULL,'2015-08-04',NULL,NULL,'2015-08-04',NULL,'Munnalal Sharma','Param Sharma',NULL,NULL,'',2863,'','','Mamta Sharma',NULL,NULL,NULL,NULL,NULL,NULL,NULL,NULL,NULL,NULL,2863,'2863',NULL,NULL,12,NULL,25,1,NULL,NULL,NULL,NULL,NULL,NULL,2863,NULL,NULL,'No'),('2864',1,'Heabtpur',NULL,'2015-08-04',NULL,NULL,'2015-08-04',NULL,'Munnalal','Suraj',NULL,NULL,'',2864,'','','Mamta',NULL,NULL,NULL,NULL,NULL,NULL,NULL,NULL,NULL,NULL,2864,'2864',NULL,NULL,9,NULL,17,1,NULL,NULL,NULL,NULL,NULL,NULL,2864,NULL,NULL,'No'),('2865',1,'Heabtpur',NULL,'2015-08-04',NULL,NULL,'2015-08-04',NULL,'Hemchand Sharma','Dipanshu',NULL,NULL,'',2865,'','','Geeta Sharma',NULL,NULL,NULL,NULL,NULL,NULL,NULL,NULL,NULL,NULL,2865,'2865',NULL,NULL,12,NULL,25,1,NULL,NULL,NULL,NULL,NULL,NULL,2865,NULL,NULL,'No'),('2866',1,'Heabutpur',NULL,'2015-08-04',NULL,NULL,'2015-08-04',NULL,'Hemchand Sharma','Kanak Sharma',NULL,NULL,'',2866,'','','Guddi',NULL,NULL,NULL,NULL,NULL,NULL,NULL,NULL,NULL,NULL,2866,'2866',NULL,NULL,7,NULL,12,1,NULL,NULL,NULL,NULL,NULL,NULL,2866,NULL,NULL,'No'),('2867',1,'Heabtpur',NULL,'2015-08-04',NULL,NULL,'2015-08-04',NULL,'Manoj Sharma','Palak Sharma',NULL,NULL,'',2867,'','','Bhawna',NULL,NULL,NULL,NULL,NULL,NULL,NULL,NULL,NULL,NULL,2867,'2867',NULL,NULL,7,NULL,12,1,NULL,NULL,NULL,NULL,NULL,NULL,2867,NULL,NULL,'No'),('2868',1,'Haibutpur',NULL,'2015-08-04',NULL,NULL,'2015-08-04',NULL,'Manoj Sharma','Namrita Sharma',NULL,NULL,'',2868,'','','Rekha Sharma',NULL,NULL,NULL,NULL,NULL,NULL,NULL,NULL,NULL,NULL,2868,'2868',NULL,NULL,11,NULL,21,1,NULL,NULL,NULL,NULL,NULL,NULL,2868,NULL,NULL,'No'),('2869',1,'Dujana',NULL,'2015-08-04',NULL,NULL,'2015-08-04',NULL,'Bhoop Singh','Sayam',NULL,NULL,'',2869,'','','Hemlata',NULL,NULL,NULL,NULL,NULL,NULL,NULL,NULL,NULL,NULL,2869,'2869',NULL,NULL,10,NULL,19,1,NULL,NULL,NULL,NULL,NULL,NULL,2869,NULL,NULL,'No'),('2870',1,'A.f.s',NULL,'2015-08-04',NULL,NULL,'2015-08-04',NULL,'K.g. Naren','Shrey Naren',NULL,NULL,'',2870,'','','Sunita',NULL,NULL,NULL,NULL,NULL,NULL,NULL,NULL,NULL,NULL,2870,'2870',NULL,NULL,5,NULL,7,1,NULL,NULL,NULL,NULL,NULL,NULL,2870,NULL,NULL,'No'),('2871',1,'Badalpur',NULL,'2015-08-04',NULL,NULL,'2015-08-04',NULL,'Ashok','Vansh Nagar',NULL,NULL,'',2871,'','','Mansi',NULL,NULL,NULL,NULL,NULL,NULL,NULL,NULL,NULL,NULL,2871,'2871',NULL,NULL,5,NULL,7,1,NULL,NULL,NULL,NULL,NULL,NULL,2871,NULL,NULL,'No'),('2872',1,'A.f.s',NULL,'2015-08-04',NULL,NULL,'2015-08-04',NULL,'Rama Chandra','Anwesha  Biswal',NULL,NULL,'',2872,'','','Namrita Garg',NULL,NULL,NULL,NULL,NULL,NULL,NULL,NULL,NULL,NULL,2872,'2872',NULL,NULL,5,NULL,7,1,NULL,NULL,NULL,NULL,NULL,NULL,2872,NULL,NULL,'No'),('2873',1,'Kuri Khera',NULL,'2015-08-04',NULL,NULL,'2015-08-04',NULL,'Rakesh','Deep Nagar',NULL,NULL,'',2873,'','','Seema',NULL,NULL,NULL,NULL,NULL,NULL,NULL,NULL,NULL,NULL,2873,'2873',NULL,NULL,5,NULL,6,1,NULL,NULL,NULL,NULL,NULL,NULL,2873,NULL,NULL,'No'),('2874',1,'Dm',NULL,'2015-08-04',NULL,NULL,'2015-08-04',NULL,'Ajab Sg','Tanya',NULL,NULL,'',2874,'','','Manju',NULL,NULL,NULL,NULL,NULL,NULL,NULL,NULL,NULL,NULL,2874,'2874',NULL,NULL,9,NULL,17,1,NULL,NULL,NULL,NULL,NULL,NULL,2874,NULL,NULL,'No'),('2875',1,'Dadri',NULL,'2015-08-04',NULL,NULL,'2015-08-04',NULL,'Sushil Sharma','Rohit Sharma',NULL,NULL,'',2875,'','','Asha Sharma',NULL,NULL,NULL,NULL,NULL,NULL,NULL,NULL,NULL,NULL,2875,'2875',NULL,NULL,13,NULL,26,1,NULL,NULL,NULL,NULL,NULL,NULL,2875,NULL,NULL,'No'),('2876',1,'A.f.s',NULL,'2015-08-04',NULL,NULL,'2015-08-04',NULL,'S.k Mishra','Kislay Mishra',NULL,NULL,'',2876,'','','Sujat Mishra',NULL,NULL,NULL,NULL,NULL,NULL,NULL,NULL,NULL,NULL,2876,'2876',NULL,NULL,5,NULL,6,1,NULL,NULL,NULL,NULL,NULL,NULL,2876,NULL,NULL,'No'),('2877',1,'Baidpura',NULL,'2015-08-04',NULL,NULL,'2015-08-04',NULL,'Nishant Garg','Avni Garg',NULL,NULL,'',2877,'','','Dinesh Nagar',NULL,NULL,NULL,NULL,NULL,NULL,NULL,NULL,NULL,NULL,2877,'2877',NULL,NULL,5,NULL,7,1,NULL,NULL,NULL,NULL,NULL,NULL,2877,NULL,NULL,'No'),('2878',1,'Badalpur',NULL,'2015-08-04',NULL,NULL,'2015-08-04',NULL,'Govind Nagar','Bhumika Nagar',NULL,NULL,'',2878,'','','Nitu',NULL,NULL,NULL,NULL,NULL,NULL,NULL,NULL,NULL,NULL,2878,'2878',NULL,NULL,5,NULL,7,1,NULL,NULL,NULL,NULL,NULL,NULL,2878,NULL,NULL,'No'),('2879',1,'D.m',NULL,'2015-08-04',NULL,NULL,'2015-08-04',NULL,'Sanjeev','Harsh',NULL,NULL,'',2879,'','','Babita Dhama',NULL,NULL,NULL,NULL,NULL,NULL,NULL,NULL,NULL,NULL,2879,'2879',NULL,NULL,5,NULL,7,1,NULL,NULL,NULL,NULL,NULL,NULL,2879,NULL,NULL,'No'),('2880',1,'A.f.s',NULL,'2015-08-04',NULL,NULL,'2015-08-04',NULL,'Uday Singh Dhama','Prithvi Jeet Singh Dhama',NULL,NULL,'',2880,'','','Rakhi',NULL,NULL,NULL,NULL,NULL,NULL,NULL,NULL,NULL,NULL,2880,'2880',NULL,NULL,5,NULL,7,1,NULL,NULL,NULL,NULL,NULL,NULL,2880,NULL,NULL,'No'),('2881',1,'D.m',NULL,'2015-08-04',NULL,NULL,'2015-08-04',NULL,'Manoj','Dikshant',NULL,NULL,'',2881,'','','Sheetal',NULL,NULL,NULL,NULL,NULL,NULL,NULL,NULL,NULL,NULL,2881,'2881',NULL,NULL,5,NULL,6,1,NULL,NULL,NULL,NULL,NULL,NULL,2881,NULL,NULL,'No'),('2882',1,'A.f.s.',NULL,'2015-08-04',NULL,NULL,'2015-08-04',NULL,'Ram Kumar','Aaysha Chaudhary',NULL,NULL,'',2882,'','','Reeta Choudhry',NULL,NULL,NULL,NULL,NULL,NULL,NULL,NULL,NULL,NULL,2882,'2882',NULL,NULL,5,NULL,6,1,NULL,NULL,NULL,NULL,NULL,NULL,2882,NULL,NULL,'No'),('2883',1,'Chhidoli',NULL,'2015-08-04',NULL,NULL,'2015-08-04',NULL,'Arshad Khan','Aman Chaudhary',NULL,NULL,'',2883,'','','Kishwar Sultan',NULL,NULL,NULL,NULL,NULL,NULL,NULL,NULL,NULL,NULL,2883,'2883',NULL,NULL,13,NULL,26,1,NULL,NULL,NULL,NULL,NULL,NULL,2883,NULL,NULL,'No'),('2885',1,'Kachhera',NULL,'2015-08-04',NULL,NULL,'2015-08-04',NULL,'Raju','Lavish',NULL,NULL,'',2885,'','','Babli',NULL,NULL,NULL,NULL,NULL,NULL,NULL,NULL,NULL,NULL,2885,'2885',NULL,NULL,5,NULL,6,1,NULL,NULL,NULL,NULL,NULL,NULL,2885,NULL,NULL,'No'),('2886',1,'Achheja',NULL,'2015-08-04',NULL,NULL,'2015-08-04',NULL,'Anil Kumar','Harsh Nagar',NULL,NULL,'',2886,'','','Seema',NULL,NULL,NULL,NULL,NULL,NULL,NULL,NULL,NULL,NULL,2886,'2886',NULL,NULL,5,NULL,6,1,NULL,NULL,NULL,NULL,NULL,NULL,2886,NULL,NULL,'No'),('2887',1,'Dadri',NULL,'2015-08-04',NULL,NULL,'2015-08-04',NULL,'Shiv Kumar','Kartik Rana',NULL,NULL,'',2887,'','','Babita',NULL,NULL,NULL,NULL,NULL,NULL,NULL,NULL,NULL,NULL,2887,'2887',NULL,NULL,13,NULL,26,1,NULL,NULL,NULL,NULL,NULL,NULL,2887,NULL,NULL,'No'),('2888',1,'Dadri',NULL,'2015-08-04',NULL,NULL,'2015-08-04',NULL,'Kumarpal Singh','Bishant Kumar',NULL,NULL,'',2888,'','','Sonam Sharma',NULL,NULL,NULL,NULL,NULL,NULL,NULL,NULL,NULL,NULL,2888,'2888',NULL,NULL,18,NULL,33,1,NULL,NULL,NULL,NULL,NULL,NULL,2888,NULL,NULL,'No'),('2889',1,'Dadri',NULL,'2015-08-04',NULL,NULL,'2015-08-04',NULL,'Ajay Garg','Muskan Garg',NULL,NULL,'',2889,'','','Poonam Garg',NULL,NULL,NULL,NULL,NULL,NULL,NULL,NULL,NULL,NULL,2889,'2889',NULL,NULL,18,NULL,34,1,NULL,NULL,NULL,NULL,NULL,NULL,2889,NULL,NULL,'No'),('289',1,'Baidpura',NULL,'2015-08-04',NULL,NULL,'2015-08-04',NULL,'Dheeraj','Poonam Nagar',NULL,NULL,'',289,'','','Kusum',NULL,NULL,NULL,NULL,NULL,NULL,NULL,NULL,NULL,NULL,289,'289',NULL,NULL,20,NULL,35,1,NULL,NULL,NULL,NULL,NULL,NULL,289,NULL,NULL,'No'),('2890',1,'A.f.s',NULL,'2015-08-04',NULL,NULL,'2015-08-04',NULL,'Fotu Singh Mogha','Agatya Singh',NULL,NULL,'',2890,'','','Deepika Rani',NULL,NULL,NULL,NULL,NULL,NULL,NULL,NULL,NULL,NULL,2890,'2890',NULL,NULL,5,NULL,6,1,NULL,NULL,NULL,NULL,NULL,NULL,2890,NULL,NULL,'No'),('2891',1,'Rojajalalpur',NULL,'2015-08-04',NULL,NULL,'2015-08-04',NULL,'Rakesh Kumar','Deepanshu Kumar',NULL,NULL,'',2891,'','','Radha Mittal',NULL,NULL,NULL,NULL,NULL,NULL,NULL,NULL,NULL,NULL,2891,'2891',NULL,NULL,10,NULL,20,1,NULL,NULL,NULL,NULL,NULL,NULL,2891,NULL,NULL,'No'),('2892',1,'Dujana',NULL,'2015-08-04',NULL,NULL,'2015-08-04',NULL,'Jitender Nagar','Tanu Nagar',NULL,NULL,'',2892,'','','Mamta',NULL,NULL,NULL,NULL,NULL,NULL,NULL,NULL,NULL,NULL,2892,'2892',NULL,NULL,7,NULL,13,1,NULL,NULL,NULL,NULL,NULL,NULL,2892,NULL,NULL,'No'),('2894',1,'Badalpur',NULL,'2015-08-04',NULL,NULL,'2015-08-04',NULL,'Suklhveer Singh','Vansh Nagar',NULL,NULL,'',2894,'','','Ishrad Mirza',NULL,NULL,NULL,NULL,NULL,NULL,NULL,NULL,NULL,NULL,2894,'2894',NULL,NULL,5,NULL,7,1,NULL,NULL,NULL,NULL,NULL,NULL,2894,NULL,NULL,'No'),('2895',1,'Dadri',NULL,'2015-08-04',NULL,NULL,'2015-08-04',NULL,'Anil Mittal','Sneha Mittal',NULL,NULL,'',2895,'','','Babli Laumas',NULL,NULL,NULL,NULL,NULL,NULL,NULL,NULL,NULL,NULL,2895,'2895',NULL,NULL,10,NULL,20,1,NULL,NULL,NULL,NULL,NULL,NULL,2895,NULL,NULL,'No'),('2896',1,'Dadri',NULL,'2015-08-04',NULL,NULL,'2015-08-04',NULL,'Zahir Mirza','Ibra Mirza',NULL,NULL,'',2896,'','','Neetu Nagar',NULL,NULL,NULL,NULL,NULL,NULL,NULL,NULL,NULL,NULL,2896,'2896',NULL,NULL,5,NULL,7,1,NULL,NULL,NULL,NULL,NULL,NULL,2896,NULL,NULL,'No'),('2897',1,'Baidpura',NULL,'2015-08-04',NULL,NULL,'2015-08-04',NULL,'Dharmendra Nagar','Akarti Nagar',NULL,NULL,'',2897,'','','Sapna Nagar',NULL,NULL,NULL,NULL,NULL,NULL,NULL,NULL,NULL,NULL,2897,'2897',NULL,NULL,9,NULL,38,1,NULL,NULL,NULL,NULL,NULL,NULL,2897,NULL,NULL,'No'),('2898',1,'Gagan Enclave G Z B',NULL,'2015-08-04',NULL,NULL,'2015-08-04',NULL,'Sanjeev Bansal','Dhruv Bansal',NULL,NULL,'',2898,'','','Anshu Bansal',NULL,NULL,NULL,NULL,NULL,NULL,NULL,NULL,NULL,NULL,2898,'2898',NULL,NULL,5,NULL,6,1,NULL,NULL,NULL,NULL,NULL,NULL,2898,NULL,NULL,'No'),('290',1,'Dairy Skinner',NULL,'2015-08-04',NULL,NULL,'2015-08-04',NULL,'Karam Veer Singh','Sachin Pal',NULL,NULL,'',290,'','','Kiran Devi',NULL,NULL,NULL,NULL,NULL,NULL,NULL,NULL,NULL,NULL,290,'290',NULL,NULL,13,NULL,26,1,NULL,NULL,NULL,NULL,NULL,NULL,290,NULL,NULL,'No'),('2900',1,'D.m',NULL,'2015-08-04',NULL,NULL,'2015-08-04',NULL,'Manoj Nagar','Harsh Nagar',NULL,NULL,'',2900,'','','Reetu Nagar',NULL,NULL,NULL,NULL,NULL,NULL,NULL,NULL,NULL,NULL,2900,'2900',NULL,NULL,5,NULL,6,1,NULL,NULL,NULL,NULL,NULL,NULL,2900,NULL,NULL,'No'),('2901',1,'Dadri',NULL,'2015-08-04',NULL,NULL,'2015-08-04',NULL,'Vinod Kr. Maheshwari','Prakhar Maheshwari',NULL,NULL,'',2901,'','','Shikha Maheshwari',NULL,NULL,NULL,NULL,NULL,NULL,NULL,NULL,NULL,NULL,2901,'2901',NULL,NULL,18,NULL,34,1,NULL,NULL,NULL,NULL,NULL,NULL,2901,NULL,NULL,'No'),('2903',1,'Jaansiwana',NULL,'2015-08-04',NULL,NULL,'2015-08-04',NULL,'Sunil Khari','Aryan Khari',NULL,NULL,'',2903,'','','Savita Khari',NULL,NULL,NULL,NULL,NULL,NULL,NULL,NULL,NULL,NULL,2903,'2903',NULL,NULL,5,NULL,6,1,NULL,NULL,NULL,NULL,NULL,NULL,2903,NULL,NULL,'No'),('2904',1,'Sunpura',NULL,'2015-08-04',NULL,NULL,'2015-08-04',NULL,'Narender','Shivam',NULL,NULL,'',2904,'','','Soniya',NULL,NULL,NULL,NULL,NULL,NULL,NULL,NULL,NULL,NULL,2904,'2904',NULL,NULL,5,NULL,6,1,NULL,NULL,NULL,NULL,NULL,NULL,2904,NULL,NULL,'No'),('2905',1,'Badalpur',NULL,'2015-08-04',NULL,NULL,'2015-08-04',NULL,'Prahlad Kumar','Mayank Kumar',NULL,NULL,'',2905,'','','Kavita Rani',NULL,NULL,NULL,NULL,NULL,NULL,NULL,NULL,NULL,NULL,2905,'2905',NULL,NULL,5,NULL,6,1,NULL,NULL,NULL,NULL,NULL,NULL,2905,NULL,NULL,'No'),('2906',1,'Achheja',NULL,'2015-08-04',NULL,NULL,'2015-08-04',NULL,'Anil Nagar','Rashi Nagar',NULL,NULL,'',2906,'','','Poonam',NULL,NULL,NULL,NULL,NULL,NULL,NULL,NULL,NULL,NULL,2906,'2906',NULL,NULL,5,NULL,7,1,NULL,NULL,NULL,NULL,NULL,NULL,2906,NULL,NULL,'No'),('2908',1,'D.s',NULL,'2015-08-04',NULL,NULL,'2015-08-04',NULL,'Mahender Singh','Manish',NULL,NULL,'',2908,'','','Anita Meena',NULL,NULL,NULL,NULL,NULL,NULL,NULL,NULL,NULL,NULL,2908,'2908',NULL,NULL,18,NULL,33,1,NULL,NULL,NULL,NULL,NULL,NULL,2908,NULL,NULL,'No'),('2909',1,'Kuri Khera',NULL,'2015-08-04',NULL,NULL,'2015-08-04',NULL,'Umesh Nagar','Tanishka Nagar',NULL,NULL,'',2909,'','','Anjali Nagar',NULL,NULL,NULL,NULL,NULL,NULL,NULL,NULL,NULL,NULL,2909,'2909',NULL,NULL,5,NULL,7,1,NULL,NULL,NULL,NULL,NULL,NULL,2909,NULL,NULL,'No'),('291',1,'Dairy Maccha',NULL,'2015-08-04',NULL,NULL,'2015-08-04',NULL,'Pawan','Shubham',NULL,NULL,'',291,'','','Rajani',NULL,NULL,NULL,NULL,NULL,NULL,NULL,NULL,NULL,NULL,291,'291',NULL,NULL,13,NULL,40,1,NULL,NULL,NULL,NULL,NULL,NULL,291,NULL,NULL,'No'),('2910',1,'Badaalpur',NULL,'2015-08-04',NULL,NULL,'2015-08-04',NULL,'Rakesh','Vinay Kumar',NULL,NULL,'',2910,'','','Sudesh',NULL,NULL,NULL,NULL,NULL,NULL,NULL,NULL,NULL,NULL,2910,'2910',NULL,NULL,5,NULL,6,1,NULL,NULL,NULL,NULL,NULL,NULL,2910,NULL,NULL,'No'),('2911',1,'Kuri Khera',NULL,'2015-08-04',NULL,NULL,'2015-08-04',NULL,'Kapil  Sharma','Vansh Sharma',NULL,NULL,'',2911,'','','Ritu Sharma',NULL,NULL,NULL,NULL,NULL,NULL,NULL,NULL,NULL,NULL,2911,'2911',NULL,NULL,5,NULL,6,1,NULL,NULL,NULL,NULL,NULL,NULL,2911,NULL,NULL,'No'),('2912',1,'Sadopur',NULL,'2015-08-04',NULL,NULL,'2015-08-04',NULL,'Bhim Singh','Varsha Baisoya',NULL,NULL,'',2912,'','','Vineeta',NULL,NULL,NULL,NULL,NULL,NULL,NULL,NULL,NULL,NULL,2912,'2912',NULL,NULL,5,NULL,6,1,NULL,NULL,NULL,NULL,NULL,NULL,2912,NULL,NULL,'No'),('2914',1,'D.m',NULL,'2015-08-04',NULL,NULL,'2015-08-04',NULL,'Jitender Nagar','Aditya Chaudhry',NULL,NULL,'',2914,'','','Sonu Bhadana',NULL,NULL,NULL,NULL,NULL,NULL,NULL,NULL,NULL,NULL,2914,'2914',NULL,NULL,5,NULL,7,1,NULL,NULL,NULL,NULL,NULL,NULL,2914,NULL,NULL,'No'),('2915',1,'D.m',NULL,'2015-08-04',NULL,NULL,'2015-08-04',NULL,'Harish Kumar','Prince Gautam',NULL,NULL,'',2915,'','','Pinki Devi',NULL,NULL,NULL,NULL,NULL,NULL,NULL,NULL,NULL,NULL,2915,'2915',NULL,NULL,9,NULL,18,1,NULL,NULL,NULL,NULL,NULL,NULL,2915,NULL,NULL,'No'),('2916',1,'Sadopur',NULL,'2015-08-04',NULL,NULL,'2015-08-04',NULL,'Pramod Laumas','Harsh Laumas',NULL,NULL,'',2916,'','','Seema Sharma',NULL,NULL,NULL,NULL,NULL,NULL,NULL,NULL,NULL,NULL,2916,'2916',NULL,NULL,10,NULL,20,1,NULL,NULL,NULL,NULL,NULL,NULL,2916,NULL,NULL,'No'),('2917',1,'Sadopur',NULL,'2015-08-04',NULL,NULL,'2015-08-04',NULL,'Ashok Sharma','Anshu Sharma',NULL,NULL,'',2917,'','','Geeta',NULL,NULL,NULL,NULL,NULL,NULL,NULL,NULL,NULL,NULL,2917,'2917',NULL,NULL,10,NULL,20,1,NULL,NULL,NULL,NULL,NULL,NULL,2917,NULL,NULL,'No'),('2919',1,'Dhoom',NULL,'2015-08-04',NULL,NULL,'2015-08-04',NULL,'Dhanpal','Deewkar',NULL,NULL,'',2919,'','','Kiran',NULL,NULL,NULL,NULL,NULL,NULL,NULL,NULL,NULL,NULL,2919,'2919',NULL,NULL,5,NULL,6,1,NULL,NULL,NULL,NULL,NULL,NULL,2919,NULL,NULL,'No'),('292',1,'Baidpura',NULL,'2015-08-04',NULL,NULL,'2015-08-04',NULL,'Narayan Sg. Nagar','Khushboo Nagar',NULL,NULL,'',292,'','','Indresh Nagar',NULL,NULL,NULL,NULL,NULL,NULL,NULL,NULL,NULL,NULL,292,'292',NULL,NULL,20,NULL,36,1,NULL,NULL,NULL,NULL,NULL,NULL,292,NULL,NULL,'No'),('2920',1,'Sadullapur',NULL,'2015-08-04',NULL,NULL,'2015-08-04',NULL,'Ravinder','Samiksha',NULL,NULL,'',2920,'','','Mundresh',NULL,NULL,NULL,NULL,NULL,NULL,NULL,NULL,NULL,NULL,2920,'2920',NULL,NULL,5,NULL,6,1,NULL,NULL,NULL,NULL,NULL,NULL,2920,NULL,NULL,'No'),('2921',1,'Kuri Khera',NULL,'2015-08-04',NULL,NULL,'2015-08-04',NULL,'Manmohan Sharma','Gaurav',NULL,NULL,'',2921,'','','Poonam Sharma',NULL,NULL,NULL,NULL,NULL,NULL,NULL,NULL,NULL,NULL,2921,'2921',NULL,NULL,5,NULL,6,1,NULL,NULL,NULL,NULL,NULL,NULL,2921,NULL,NULL,'No'),('2922',1,'Achheja',NULL,'2015-08-04',NULL,NULL,'2015-08-04',NULL,'Jaiveer Nagar','Kunal Nagar',NULL,NULL,'',2922,'','','Santosh',NULL,NULL,NULL,NULL,NULL,NULL,NULL,NULL,NULL,NULL,2922,'2922',NULL,NULL,7,NULL,12,1,NULL,NULL,NULL,NULL,NULL,NULL,2922,NULL,NULL,'No'),('2923',1,'Girdhrpur',NULL,'2015-08-04',NULL,NULL,'2015-08-04',NULL,'Satyapal Singh','Sparsh Bhadna',NULL,NULL,'',2923,'','','Neetu',NULL,NULL,NULL,NULL,NULL,NULL,NULL,NULL,NULL,NULL,2923,'2923',NULL,NULL,5,NULL,7,1,NULL,NULL,NULL,NULL,NULL,NULL,2923,NULL,NULL,'No'),('2926',1,'Dadri',NULL,'2015-08-04',NULL,NULL,'2015-08-04',NULL,'Vinod Sharma','Shivam Sharma',NULL,NULL,'',2926,'','','Shakuntala Sharma',NULL,NULL,NULL,NULL,NULL,NULL,NULL,NULL,NULL,NULL,2926,'2926',NULL,NULL,13,NULL,26,1,NULL,NULL,NULL,NULL,NULL,NULL,2926,NULL,NULL,'No'),('2927',1,'Dadri',NULL,'2015-08-04',NULL,NULL,'2015-08-04',NULL,'Birju Kumar','Arjun Kumar',NULL,NULL,'',2927,'','','Santosh Devi',NULL,NULL,NULL,NULL,NULL,NULL,NULL,NULL,NULL,NULL,2927,'2927',NULL,NULL,13,NULL,40,1,NULL,NULL,NULL,NULL,NULL,NULL,2927,NULL,NULL,'No'),('2928',1,'Saini',NULL,'2015-08-04',NULL,NULL,'2015-08-04',NULL,'Ajay Upadhay','Vivek',NULL,NULL,'',2928,'','','Neelima Sharma',NULL,NULL,NULL,NULL,NULL,NULL,NULL,NULL,NULL,NULL,2928,'2928',NULL,NULL,18,NULL,33,1,NULL,NULL,NULL,NULL,NULL,NULL,2928,NULL,NULL,'No'),('2929',1,'Saini',NULL,'2015-08-04',NULL,NULL,'2015-08-04',NULL,'Preeuddin Khan','Shoaib Khan',NULL,NULL,'',2929,'','','Meena Khan',NULL,NULL,NULL,NULL,NULL,NULL,NULL,NULL,NULL,NULL,2929,'2929',NULL,NULL,20,NULL,36,1,NULL,NULL,NULL,NULL,NULL,NULL,2929,NULL,NULL,'No'),('2930',1,'Sadopur',NULL,'2015-08-04',NULL,NULL,'2015-08-04',NULL,'Ravindra Kumar','Parikshit Baisoya',NULL,NULL,'',2930,'','','Neelam Singh',NULL,NULL,NULL,NULL,NULL,NULL,NULL,NULL,NULL,NULL,2930,'2930',NULL,NULL,5,NULL,6,1,NULL,NULL,NULL,NULL,NULL,NULL,2930,NULL,NULL,'No'),('2934',1,'D.m',NULL,'2015-08-04',NULL,NULL,'2015-08-04',NULL,'Anil','Himanshi',NULL,NULL,'',2934,'','','Vineeta',NULL,NULL,NULL,NULL,NULL,NULL,NULL,NULL,NULL,NULL,2934,'2934',NULL,NULL,5,NULL,7,1,NULL,NULL,NULL,NULL,NULL,NULL,2934,NULL,NULL,'No'),('2935',1,'Khera Dharampura',NULL,'2015-08-04',NULL,NULL,'2015-08-04',NULL,'Durga Sg. Negi','Lalit Negi',NULL,NULL,'',2935,'','','Ranju Devi',NULL,NULL,NULL,NULL,NULL,NULL,NULL,NULL,NULL,NULL,2935,'2935',NULL,NULL,8,NULL,15,1,NULL,NULL,NULL,NULL,NULL,NULL,2935,NULL,NULL,'No'),('2937',1,'Samtel',NULL,'2015-08-04',NULL,NULL,'2015-08-04',NULL,'Sunil Kumar','Vishesh Singh',NULL,NULL,'',2937,'','','Seema',NULL,NULL,NULL,NULL,NULL,NULL,NULL,NULL,NULL,NULL,2937,'2937',NULL,NULL,5,NULL,7,1,NULL,NULL,NULL,NULL,NULL,NULL,2937,NULL,NULL,'No'),('2938',1,'A.f.s',NULL,'2015-08-04',NULL,NULL,'2015-08-04',NULL,'Y.amernath','Harshit Sai',NULL,NULL,'',2938,'','','Sunita',NULL,NULL,NULL,NULL,NULL,NULL,NULL,NULL,NULL,NULL,2938,'2938',NULL,NULL,5,NULL,6,1,NULL,NULL,NULL,NULL,NULL,NULL,2938,NULL,NULL,'No'),('2939',1,'Barpura',NULL,'2015-08-04',NULL,NULL,'2015-08-04',NULL,'Dherender','Ruchi Bhati',NULL,NULL,'',2939,'','','Kavita Sharma',NULL,NULL,NULL,NULL,NULL,NULL,NULL,NULL,NULL,NULL,2939,'2939',NULL,NULL,5,NULL,7,1,NULL,NULL,NULL,NULL,NULL,NULL,2939,NULL,NULL,'No'),('2940',1,'Dadri',NULL,'2015-08-04',NULL,NULL,'2015-08-04',NULL,'Baburam Dahiya','Tanvi Dahiya',NULL,NULL,'',2940,'','','Geeta',NULL,NULL,NULL,NULL,NULL,NULL,NULL,NULL,NULL,NULL,2940,'2940',NULL,NULL,6,NULL,10,1,NULL,NULL,NULL,NULL,NULL,NULL,2940,NULL,NULL,'No'),('2941',1,'Dadri',NULL,'2015-08-04',NULL,NULL,'2015-08-04',NULL,'Baburam Dhaiya','Tushar Dahiya',NULL,NULL,'',2941,'','','Geeta Raghav',NULL,NULL,NULL,NULL,NULL,NULL,NULL,NULL,NULL,NULL,2941,'2941',NULL,NULL,10,NULL,20,1,NULL,NULL,NULL,NULL,NULL,NULL,2941,NULL,NULL,'No'),('2942',1,'Dujna',NULL,'2015-08-04',NULL,NULL,'2015-08-04',NULL,'Madan Nagar','Khushi Nagar',NULL,NULL,'',2942,'','','Sangeeta',NULL,NULL,NULL,NULL,NULL,NULL,NULL,NULL,NULL,NULL,2942,'2942',NULL,NULL,7,NULL,13,1,NULL,NULL,NULL,NULL,NULL,NULL,2942,NULL,NULL,'No'),('2943',1,'Dujana',NULL,'2015-08-04',NULL,NULL,'2015-08-04',NULL,'Madan Kumar','Rahul Nagar',NULL,NULL,'',2943,'','','Nirmala Devi',NULL,NULL,NULL,NULL,NULL,NULL,NULL,NULL,NULL,NULL,2943,'2943',NULL,NULL,8,NULL,15,1,NULL,NULL,NULL,NULL,NULL,NULL,2943,NULL,NULL,'No'),('2944',1,'Sadopur',NULL,'2015-08-04',NULL,NULL,'2015-08-04',NULL,'Surender Sharma','Akshra Sharma',NULL,NULL,'',2944,'','','Gudiya',NULL,NULL,NULL,NULL,NULL,NULL,NULL,NULL,NULL,NULL,2944,'2944',NULL,NULL,5,NULL,7,1,NULL,NULL,NULL,NULL,NULL,NULL,2944,NULL,NULL,'No'),('2946',1,'Sadopur',NULL,'2015-08-04',NULL,NULL,'2015-08-04',NULL,'Pradeep Swain','Aashirwad',NULL,NULL,'',2946,'','','Anubha Swain',NULL,NULL,NULL,NULL,NULL,NULL,NULL,NULL,NULL,NULL,2946,'2946',NULL,NULL,9,NULL,18,1,NULL,NULL,NULL,NULL,NULL,NULL,2946,NULL,NULL,'No'),('2947',1,'Sadopur',NULL,'2015-08-04',NULL,NULL,'2015-08-04',NULL,'Sanjeev','Ram Yadav',NULL,NULL,'',2947,'','','Reenu',NULL,NULL,NULL,NULL,NULL,NULL,NULL,NULL,NULL,NULL,2947,'2947',NULL,NULL,5,NULL,7,1,NULL,NULL,NULL,NULL,NULL,NULL,2947,NULL,NULL,'No'),('2949',1,'Khera Dharampura',NULL,'2015-08-04',NULL,NULL,'2015-08-04',NULL,'Dheeraj Singh','Abhishek Mavi',NULL,NULL,'',2949,'','','Geeta',NULL,NULL,NULL,NULL,NULL,NULL,NULL,NULL,NULL,NULL,2949,'2949',NULL,NULL,12,NULL,24,1,NULL,NULL,NULL,NULL,NULL,NULL,2949,NULL,NULL,'No'),('2950',1,'Jhaal',NULL,'2015-08-04',NULL,NULL,'2015-08-04',NULL,'Jitender Kumar','Palak Kasana',NULL,NULL,'',2950,'','','Pooja',NULL,NULL,NULL,NULL,NULL,NULL,NULL,NULL,NULL,NULL,2950,'2950',NULL,NULL,5,NULL,7,1,NULL,NULL,NULL,NULL,NULL,NULL,2950,NULL,NULL,'No'),('2951',1,'A.f.s',NULL,'2015-08-04',NULL,NULL,'2015-08-04',NULL,'Sudhanshu Pathak','Sattkrit Pathak',NULL,NULL,'',2951,'','','Shashi Verma',NULL,NULL,NULL,NULL,NULL,NULL,NULL,NULL,NULL,NULL,2951,'2951',NULL,NULL,6,NULL,11,1,NULL,NULL,NULL,NULL,NULL,NULL,2951,NULL,NULL,'No'),('2952',1,'A.f.s',NULL,'2015-08-04',NULL,NULL,'2015-08-04',NULL,'Sudhanshu Pathak','Sattkriti Pathak',NULL,NULL,'',2952,'','','Reema',NULL,NULL,NULL,NULL,NULL,NULL,NULL,NULL,NULL,NULL,2952,'2952',NULL,NULL,6,NULL,11,1,NULL,NULL,NULL,NULL,NULL,NULL,2952,NULL,NULL,'No'),('2953',1,'D.m',NULL,'2015-08-04',NULL,NULL,'2015-08-04',NULL,'Rakesh','Vansh',NULL,NULL,'',2953,'','','Mithlesh',NULL,NULL,NULL,NULL,NULL,NULL,NULL,NULL,NULL,NULL,2953,'2953',NULL,NULL,5,NULL,6,1,NULL,NULL,NULL,NULL,NULL,NULL,2953,NULL,NULL,'No'),('2954',1,'D.m',NULL,'2015-08-04',NULL,NULL,'2015-08-04',NULL,'Rajeev','Naincy',NULL,NULL,'',2954,'','','Savita  Sharma',NULL,NULL,NULL,NULL,NULL,NULL,NULL,NULL,NULL,NULL,2954,'2954',NULL,NULL,5,NULL,7,1,NULL,NULL,NULL,NULL,NULL,NULL,2954,NULL,NULL,'No'),('2955',1,'Kachhera',NULL,'2015-08-04',NULL,NULL,'2015-08-04',NULL,'Krishan Nagar','Aditya Nagar',NULL,NULL,'',2955,'','','Mahesh Nagar',NULL,NULL,NULL,NULL,NULL,NULL,NULL,NULL,NULL,NULL,2955,'2955',NULL,NULL,9,NULL,38,1,NULL,NULL,NULL,NULL,NULL,NULL,2955,NULL,NULL,'No'),('2958',1,'Sadopur',NULL,'2015-08-04',NULL,NULL,'2015-08-04',NULL,'Late. Shrichand','Nikhil Tonger',NULL,NULL,'',2958,'','','Santra',NULL,NULL,NULL,NULL,NULL,NULL,NULL,NULL,NULL,NULL,2958,'2958',NULL,NULL,13,NULL,26,1,NULL,NULL,NULL,NULL,NULL,NULL,2958,NULL,NULL,'No'),('2959',1,'Sadopur',NULL,'2015-08-04',NULL,NULL,'2015-08-04',NULL,'Manoj Kumar Sharma','Durga Sharma',NULL,NULL,'',2959,'','','Rekha Sharma',NULL,NULL,NULL,NULL,NULL,NULL,NULL,NULL,NULL,NULL,2959,'2959',NULL,NULL,12,NULL,24,1,NULL,NULL,NULL,NULL,NULL,NULL,2959,NULL,NULL,'No'),('296',1,'Dhoom Manikpur',NULL,'2015-08-04',NULL,NULL,'2015-08-04',NULL,'Anil Kumar','Kajal Rani',NULL,NULL,'',296,'','','Raj Kumari',NULL,NULL,NULL,NULL,NULL,NULL,NULL,NULL,NULL,NULL,296,'296',NULL,NULL,13,NULL,40,1,NULL,NULL,NULL,NULL,NULL,NULL,296,NULL,NULL,'No'),('2961',1,'A.f.s',NULL,'2015-08-04',NULL,NULL,'2015-08-04',NULL,'Arvind Kumar','Ankit Kumar',NULL,NULL,'',2961,'','','Pooja Kumari',NULL,NULL,NULL,NULL,NULL,NULL,NULL,NULL,NULL,NULL,2961,'2961',NULL,NULL,5,NULL,6,1,NULL,NULL,NULL,NULL,NULL,NULL,2961,NULL,NULL,'No'),('2962',1,'D.m',NULL,'2015-08-04',NULL,NULL,'2015-08-04',NULL,'Pradeep Sharma','Vansh Sharma',NULL,NULL,'',2962,'','','Asha Devi',NULL,NULL,NULL,NULL,NULL,NULL,NULL,NULL,NULL,NULL,2962,'2962',NULL,NULL,5,NULL,7,1,NULL,NULL,NULL,NULL,NULL,NULL,2962,NULL,NULL,'No'),('2963',1,'Dadri',NULL,'2015-08-04',NULL,NULL,'2015-08-04',NULL,'Manoj Raghav','Shivam Raghav',NULL,NULL,'',2963,'','','Manju Raghav',NULL,NULL,NULL,NULL,NULL,NULL,NULL,NULL,NULL,NULL,2963,'2963',NULL,NULL,9,NULL,18,1,NULL,NULL,NULL,NULL,NULL,NULL,2963,NULL,NULL,'No'),('2964',1,'Dadri',NULL,'2015-08-04',NULL,NULL,'2015-08-04',NULL,'Shyam Raghav','Abhay Raghav',NULL,NULL,'',2964,'','','Kavita Devi',NULL,NULL,NULL,NULL,NULL,NULL,NULL,NULL,NULL,NULL,2964,'2964',NULL,NULL,10,NULL,20,1,NULL,NULL,NULL,NULL,NULL,NULL,2964,NULL,NULL,'No'),('2965',1,'Achheja',NULL,'2015-08-04',NULL,NULL,'2015-08-04',NULL,'Jaibhagwan Nagar','Ujjwal Nagar',NULL,NULL,'',2965,'','','Rajni',NULL,NULL,NULL,NULL,NULL,NULL,NULL,NULL,NULL,NULL,2965,'2965',NULL,NULL,11,NULL,21,1,NULL,NULL,NULL,NULL,NULL,NULL,2965,NULL,NULL,'No'),('2966',1,'Chaprulla',NULL,'2015-08-04',NULL,NULL,'2015-08-04',NULL,'Satyaveer Singh','Aditya Kumar',NULL,NULL,'',2966,'','','Reena',NULL,NULL,NULL,NULL,NULL,NULL,NULL,NULL,NULL,NULL,2966,'2966',NULL,NULL,8,NULL,15,1,NULL,NULL,NULL,NULL,NULL,NULL,2966,NULL,NULL,'No'),('2967',1,'Dadri',NULL,'2015-08-04',NULL,NULL,'2015-08-04',NULL,'Bhagwat Prasad','Rahul Kumar',NULL,NULL,'',2967,'','','Pushpa',NULL,NULL,NULL,NULL,NULL,NULL,NULL,NULL,NULL,NULL,2967,'2967',NULL,NULL,13,NULL,26,1,NULL,NULL,NULL,NULL,NULL,NULL,2967,NULL,NULL,'No'),('2968',1,'Badalpur',NULL,'2015-08-04',NULL,NULL,'2015-08-04',NULL,'Vijay Pal','Sachin Nagar',NULL,NULL,'',2968,'','','Saroj Nagar',NULL,NULL,NULL,NULL,NULL,NULL,NULL,NULL,NULL,NULL,2968,'2968',NULL,NULL,15,NULL,32,1,NULL,NULL,NULL,NULL,NULL,NULL,2968,NULL,NULL,'No'),('297',1,'Bambawar',NULL,'2015-08-04',NULL,NULL,'2015-08-04',NULL,'Satpal Nagar','Deepak Nagar',NULL,NULL,'',297,'','','Meela Nagar',NULL,NULL,NULL,NULL,NULL,NULL,NULL,NULL,NULL,NULL,297,'297',NULL,NULL,18,NULL,33,1,NULL,NULL,NULL,NULL,NULL,NULL,297,NULL,NULL,'No'),('2972',1,'Chaprulla',NULL,'2015-08-04',NULL,NULL,'2015-08-04',NULL,'Satyaveer Singh','Akansha',NULL,NULL,'',2972,'','','Bhawana Devi',NULL,NULL,NULL,NULL,NULL,NULL,NULL,NULL,NULL,NULL,2972,'2972',NULL,NULL,10,NULL,19,1,NULL,NULL,NULL,NULL,NULL,NULL,2972,NULL,NULL,'No'),('2973',1,'Gzb',NULL,'2015-08-04',NULL,NULL,'2015-08-04',NULL,'Pratap Meena','Aarti Meena',NULL,NULL,'',2973,'','','Kiranwati',NULL,NULL,NULL,NULL,NULL,NULL,NULL,NULL,NULL,NULL,2973,'2973',NULL,NULL,18,NULL,33,1,NULL,NULL,NULL,NULL,NULL,NULL,2973,NULL,NULL,'No'),('2974',1,'Sadopur',NULL,'2015-08-04',NULL,NULL,'2015-08-04',NULL,'Satender Baisoya','Aryan Baisoya',NULL,NULL,'',2974,'','','Kiran',NULL,NULL,NULL,NULL,NULL,NULL,NULL,NULL,NULL,NULL,2974,'2974',NULL,NULL,9,NULL,17,1,NULL,NULL,NULL,NULL,NULL,NULL,2974,NULL,NULL,'No'),('2975',1,'Kalda',NULL,'2015-08-04',NULL,NULL,'2015-08-04',NULL,'Prem Chand Nagar','Kunal',NULL,NULL,'',2975,'','','Nishu Bhati',NULL,NULL,NULL,NULL,NULL,NULL,NULL,NULL,NULL,NULL,2975,'2975',NULL,NULL,11,NULL,22,1,NULL,NULL,NULL,NULL,NULL,NULL,2975,NULL,NULL,'No'),('2976',1,'Dhoom Manikpur',NULL,'2015-08-04',NULL,NULL,'2015-08-04',NULL,'Tikam Singh Rawal','Himanshu Rawal',NULL,NULL,'',2976,'','','Kavita',NULL,NULL,NULL,NULL,NULL,NULL,NULL,NULL,NULL,NULL,2976,'2976',NULL,NULL,7,NULL,14,1,NULL,NULL,NULL,NULL,NULL,NULL,2976,NULL,NULL,'No'),('2977',1,'Sadopur',NULL,'2015-08-04',NULL,NULL,'2015-08-04',NULL,'Satish Tiwary','Ashutosh Tiwary',NULL,NULL,'',2977,'','','Sangita Tiwary',NULL,NULL,NULL,NULL,NULL,NULL,NULL,NULL,NULL,NULL,2977,'2977',NULL,NULL,12,NULL,24,1,NULL,NULL,NULL,NULL,NULL,NULL,2977,NULL,NULL,'No'),('2978',1,'Ghaziabad',NULL,'2015-08-04',NULL,NULL,'2015-08-04',NULL,'Rajesh Mishra','Ashish Mishra',NULL,NULL,'',2978,'','','Arti Mishra',NULL,NULL,NULL,NULL,NULL,NULL,NULL,NULL,NULL,NULL,2978,'2978',NULL,NULL,12,NULL,24,1,NULL,NULL,NULL,NULL,NULL,NULL,2978,NULL,NULL,'No'),('2980',1,'Sadopur',NULL,'2015-08-04',NULL,NULL,'2015-08-04',NULL,'Rajesh Mishra','Ayush Mishra',NULL,NULL,'',2980,'','','Arti Mishra',NULL,NULL,NULL,NULL,NULL,NULL,NULL,NULL,NULL,NULL,2980,'2980',NULL,NULL,9,NULL,38,1,NULL,NULL,NULL,NULL,NULL,NULL,2980,NULL,NULL,'No'),('2981',1,'D.m',NULL,'2015-08-04',NULL,NULL,'2015-08-04',NULL,'Jitender Kr. Goutam','Lokesh Goutam',NULL,NULL,'',2981,'','','Rajkumari',NULL,NULL,NULL,NULL,NULL,NULL,NULL,NULL,NULL,NULL,2981,'2981',NULL,NULL,5,NULL,6,1,NULL,NULL,NULL,NULL,NULL,NULL,2981,NULL,NULL,'No'),('2982',1,'Girdhrpur',NULL,'2015-08-04',NULL,NULL,'2015-08-04',NULL,'Malva Singh','Vikash Chandela',NULL,NULL,'',2982,'','','Magan Devi',NULL,NULL,NULL,NULL,NULL,NULL,NULL,NULL,NULL,NULL,2982,'2982',NULL,NULL,12,NULL,25,1,NULL,NULL,NULL,NULL,NULL,NULL,2982,NULL,NULL,'No'),('2983',1,'Dadri',NULL,'2015-08-04',NULL,NULL,'2015-08-04',NULL,'Kmleshwar Singh','Nitin Kumar',NULL,NULL,'',2983,'','','Pushpa Devi',NULL,NULL,NULL,NULL,NULL,NULL,NULL,NULL,NULL,NULL,2983,'2983',NULL,NULL,13,NULL,40,1,NULL,NULL,NULL,NULL,NULL,NULL,2983,NULL,NULL,'No'),('2985',1,'Dadri',NULL,'2015-08-04',NULL,NULL,'2015-08-04',NULL,'Ravidutt Sharma','Harshit Shrama',NULL,NULL,'',2985,'','','Anita Sharma',NULL,NULL,NULL,NULL,NULL,NULL,NULL,NULL,NULL,NULL,2985,'2985',NULL,NULL,13,NULL,40,1,NULL,NULL,NULL,NULL,NULL,NULL,2985,NULL,NULL,'No'),('2987',1,'Sadopur',NULL,'2015-08-04',NULL,NULL,'2015-08-04',NULL,'Madan Pal','Karan Baisoya',NULL,NULL,'',2987,'','','Munesh Devi',NULL,NULL,NULL,NULL,NULL,NULL,NULL,NULL,NULL,NULL,2987,'2987',NULL,NULL,5,NULL,6,1,NULL,NULL,NULL,NULL,NULL,NULL,2987,NULL,NULL,'No'),('2988',1,'Kachhera',NULL,'2015-08-04',NULL,NULL,'2015-08-04',NULL,'Mahesh Nagar','Tushar Nagar',NULL,NULL,'',2988,'','','Shimla Devi',NULL,NULL,NULL,NULL,NULL,NULL,NULL,NULL,NULL,NULL,2988,'2988',NULL,NULL,10,NULL,19,1,NULL,NULL,NULL,NULL,NULL,NULL,2988,NULL,NULL,'No'),('2989',1,'Man Sarovar Park Lal Kaun Ghaziabad',NULL,'2015-08-04',NULL,NULL,'2015-08-04',NULL,'Shri Chand Chaudhary','Vineet Chaudhary',NULL,NULL,'',2989,'','','Varsha Chaudhary',NULL,NULL,NULL,NULL,NULL,NULL,NULL,NULL,NULL,NULL,2989,'2989',NULL,NULL,13,NULL,26,1,NULL,NULL,NULL,NULL,NULL,NULL,2989,NULL,NULL,'No'),('2990',1,'Badalpur',NULL,'2015-08-04',NULL,NULL,'2015-08-04',NULL,'Devender Nagar','Sahil Nagar',NULL,NULL,'',2990,'','','Suman Nagar',NULL,NULL,NULL,NULL,NULL,NULL,NULL,NULL,NULL,NULL,2990,'2990',NULL,NULL,13,NULL,26,1,NULL,NULL,NULL,NULL,NULL,NULL,2990,NULL,NULL,'No'),('2991',1,'Dadri',NULL,'2015-08-04',NULL,NULL,'2015-08-04',NULL,'Dhiri Singh','Abhishek Mahour',NULL,NULL,'',2991,'','','Rajni Mahour',NULL,NULL,NULL,NULL,NULL,NULL,NULL,NULL,NULL,NULL,2991,'2991',NULL,NULL,13,NULL,40,1,NULL,NULL,NULL,NULL,NULL,NULL,2991,NULL,NULL,'No'),('2992',1,'Dadri',NULL,'2015-08-04',NULL,NULL,'2015-08-04',NULL,'Subhash Singh','Bhiwant',NULL,NULL,'',2992,'','','Anita',NULL,NULL,NULL,NULL,NULL,NULL,NULL,NULL,NULL,NULL,2992,'2992',NULL,NULL,11,NULL,21,1,NULL,NULL,NULL,NULL,NULL,NULL,2992,NULL,NULL,'No'),('2993',1,'Dadri',NULL,'2015-08-04',NULL,NULL,'2015-08-04',NULL,'Subhash','Vikrant',NULL,NULL,'',2993,'','','Anita',NULL,NULL,NULL,NULL,NULL,NULL,NULL,NULL,NULL,NULL,2993,'2993',NULL,NULL,11,NULL,21,1,NULL,NULL,NULL,NULL,NULL,NULL,2993,NULL,NULL,'No'),('2994',1,'Chaprulla',NULL,'2015-08-04',NULL,NULL,'2015-08-04',NULL,'Late.sh. Satish Sg.','Dharmendra Kumar',NULL,NULL,'',2994,'','','Sheetal',NULL,NULL,NULL,NULL,NULL,NULL,NULL,NULL,NULL,NULL,2994,'2994',NULL,NULL,6,NULL,11,1,NULL,NULL,NULL,NULL,NULL,NULL,2994,NULL,NULL,'No'),('2995',1,'Chaprulla',NULL,'2015-08-04',NULL,NULL,'2015-08-04',NULL,'Late Sh. Satish Sg.','Pankaj Kumar',NULL,NULL,'',2995,'','','Parmila',NULL,NULL,NULL,NULL,NULL,NULL,NULL,NULL,NULL,NULL,2995,'2995',NULL,NULL,10,NULL,20,1,NULL,NULL,NULL,NULL,NULL,NULL,2995,NULL,NULL,'No'),('2996',1,'Saini',NULL,'2015-08-04',NULL,NULL,'2015-08-04',NULL,'Praveen','Yash',NULL,NULL,'',2996,'','','Babita',NULL,NULL,NULL,NULL,NULL,NULL,NULL,NULL,NULL,NULL,2996,'2996',NULL,NULL,5,NULL,6,1,NULL,NULL,NULL,NULL,NULL,NULL,2996,NULL,NULL,'No'),('2997',1,'Dadri',NULL,'2015-08-04',NULL,NULL,'2015-08-04',NULL,'Ramveer Bhati','Sumit Bhati',NULL,NULL,'',2997,'','','Kiranwati',NULL,NULL,NULL,NULL,NULL,NULL,NULL,NULL,NULL,NULL,2997,'2997',NULL,NULL,13,NULL,40,1,NULL,NULL,NULL,NULL,NULL,NULL,2997,NULL,NULL,'No'),('2998',1,'Sadopur',NULL,'2015-08-04',NULL,NULL,'2015-08-04',NULL,'Ashok','Khushboo Singh',NULL,NULL,'',2998,'','','Seema',NULL,NULL,NULL,NULL,NULL,NULL,NULL,NULL,NULL,NULL,2998,'2998',NULL,NULL,5,NULL,7,1,NULL,NULL,NULL,NULL,NULL,NULL,2998,NULL,NULL,'No'),('2999',1,'Dadri',NULL,'2015-08-04',NULL,NULL,'2015-08-04',NULL,'Yogesh Sharma','Harsh Sharma',NULL,NULL,'',2999,'','','Usha Devi',NULL,NULL,NULL,NULL,NULL,NULL,NULL,NULL,NULL,NULL,2999,'2999',NULL,NULL,18,NULL,33,1,NULL,NULL,NULL,NULL,NULL,NULL,2999,NULL,NULL,'No'),('30',1,'Sadopur',NULL,'2015-08-04',NULL,NULL,'2015-08-04',NULL,'Rakesh Kumar','Megha',NULL,NULL,'',30,'','','Amveshwati',NULL,NULL,NULL,NULL,NULL,NULL,NULL,NULL,NULL,NULL,30,'30',NULL,NULL,18,NULL,34,1,NULL,NULL,NULL,NULL,NULL,NULL,30,NULL,NULL,'No'),('3002',1,'Badalpur Hospital',NULL,'2015-08-04',NULL,NULL,'2015-08-04',NULL,'Late Sh.rajveer Sing','Anu Kashyap',NULL,NULL,'',3002,'','','Poonam Rani',NULL,NULL,NULL,NULL,NULL,NULL,NULL,NULL,NULL,NULL,3002,'3002',NULL,NULL,18,NULL,34,1,NULL,NULL,NULL,NULL,NULL,NULL,3002,NULL,NULL,'No'),('3003',1,'Dadri',NULL,'2015-08-04',NULL,NULL,'2015-08-04',NULL,'Ramveer Bhati','Amit Bhati',NULL,NULL,'',3003,'','','Kamlesh Devi',NULL,NULL,NULL,NULL,NULL,NULL,NULL,NULL,NULL,NULL,3003,'3003',NULL,NULL,18,NULL,33,1,NULL,NULL,NULL,NULL,NULL,NULL,3003,NULL,NULL,'No'),('3004',1,'Dadri',NULL,'2015-08-04',NULL,NULL,'2015-08-04',NULL,'Krishan Bhati','Neha Bhati',NULL,NULL,'',3004,'','','Sudesh Bhati',NULL,NULL,NULL,NULL,NULL,NULL,NULL,NULL,NULL,NULL,3004,'3004',NULL,NULL,20,NULL,36,1,NULL,NULL,NULL,NULL,NULL,NULL,3004,NULL,NULL,'No'),('3005',1,'Jhaal',NULL,'2015-08-04',NULL,NULL,'2015-08-04',NULL,'Shyam','Nidhi Goutam',NULL,NULL,'',3005,'','','Abhilasha Nagar',NULL,NULL,NULL,NULL,NULL,NULL,NULL,NULL,NULL,NULL,3005,'3005',NULL,NULL,5,NULL,7,1,NULL,NULL,NULL,NULL,NULL,NULL,3005,NULL,NULL,'No'),('3006',1,'Bishnouli',NULL,'2015-08-04',NULL,NULL,'2015-08-04',NULL,'Ravinder Bhati','Ritika Bhati',NULL,NULL,'',3006,'','','',NULL,NULL,NULL,NULL,NULL,NULL,NULL,NULL,NULL,NULL,3006,'3006',NULL,NULL,11,NULL,22,1,NULL,NULL,NULL,NULL,NULL,NULL,3006,NULL,NULL,'No'),('3007',1,'Dadri',NULL,'2015-08-04',NULL,NULL,'2015-08-04',NULL,'Narendra Singh','Siddharth Singh Gurjar',NULL,NULL,'',3007,'','','Savita Bhati',NULL,NULL,NULL,NULL,NULL,NULL,NULL,NULL,NULL,NULL,3007,'3007',NULL,NULL,18,NULL,33,1,NULL,NULL,NULL,NULL,NULL,NULL,3007,NULL,NULL,'No'),('3008',1,'Dadri',NULL,'2015-08-04',NULL,NULL,'2015-08-04',NULL,'Narendra Singh','Aarti Baisoya',NULL,NULL,'',3008,'','','Usha Devi',NULL,NULL,NULL,NULL,NULL,NULL,NULL,NULL,NULL,NULL,3008,'3008',NULL,NULL,20,NULL,36,1,NULL,NULL,NULL,NULL,NULL,NULL,3008,NULL,NULL,'No'),('3010',1,'Bishnouli',NULL,'2015-08-04',NULL,NULL,'2015-08-04',NULL,'Sanjeev Sh. Angrish','Garima Sharma Angrish',NULL,NULL,'',3010,'','','Radha Sh. Angrish',NULL,NULL,NULL,NULL,NULL,NULL,NULL,NULL,NULL,NULL,3010,'3010',NULL,NULL,5,NULL,6,1,NULL,NULL,NULL,NULL,NULL,NULL,3010,NULL,NULL,'No'),('3011',1,'Dadri',NULL,'2015-08-04',NULL,NULL,'2015-08-04',NULL,'Manoj Garg','Sonal Garg',NULL,NULL,'',3011,'','','Rekha Garg',NULL,NULL,NULL,NULL,NULL,NULL,NULL,NULL,NULL,NULL,3011,'3011',NULL,NULL,18,NULL,34,1,NULL,NULL,NULL,NULL,NULL,NULL,3011,NULL,NULL,'No'),('3012',1,'Ghaziabad',NULL,'2015-08-04',NULL,NULL,'2015-08-04',NULL,'Vivek Gupta','Ansh Garg',NULL,NULL,'',3012,'','','Monika Gupta',NULL,NULL,NULL,NULL,NULL,NULL,NULL,NULL,NULL,NULL,3012,'3012',NULL,NULL,5,NULL,6,1,NULL,NULL,NULL,NULL,NULL,NULL,3012,NULL,NULL,'No'),('3013',1,'Badalpur',NULL,'2015-08-04',NULL,NULL,'2015-08-04',NULL,'Ranvir Nagar','Meenakshi Nagar',NULL,NULL,'',3013,'','','Pinki',NULL,NULL,NULL,NULL,NULL,NULL,NULL,NULL,NULL,NULL,3013,'3013',NULL,NULL,5,NULL,7,1,NULL,NULL,NULL,NULL,NULL,NULL,3013,NULL,NULL,'No'),('3014',1,'Babdlpur',NULL,'2015-08-04',NULL,NULL,'2015-08-04',NULL,'Manoj','Arjun Nagar',NULL,NULL,'',3014,'','','Neetu Bhati',NULL,NULL,NULL,NULL,NULL,NULL,NULL,NULL,NULL,NULL,3014,'3014',NULL,NULL,5,NULL,7,1,NULL,NULL,NULL,NULL,NULL,NULL,3014,NULL,NULL,'No'),('3015',1,'Bambawar',NULL,'2015-08-04',NULL,NULL,'2015-08-04',NULL,'Mahesh','Aarti',NULL,NULL,'',3015,'','','Prakshi',NULL,NULL,NULL,NULL,NULL,NULL,NULL,NULL,NULL,NULL,3015,'3015',NULL,NULL,18,NULL,34,1,NULL,NULL,NULL,NULL,NULL,NULL,3015,NULL,NULL,'No'),('3016',1,'Dadri',NULL,'2015-08-04',NULL,NULL,'2015-08-04',NULL,'Satya Pal Singh','Mahima Payala',NULL,NULL,'',3016,'','','Kaushal Devi',NULL,NULL,NULL,NULL,NULL,NULL,NULL,NULL,NULL,NULL,3016,'3016',NULL,NULL,18,NULL,34,1,NULL,NULL,NULL,NULL,NULL,NULL,3016,NULL,NULL,'No'),('3017',1,'Itaida',NULL,'2015-08-04',NULL,NULL,'2015-08-04',NULL,'Ramkishan Yadav','Sheetal Yadav',NULL,NULL,'',3017,'','','Rajenderi Yadav',NULL,NULL,NULL,NULL,NULL,NULL,NULL,NULL,NULL,NULL,3017,'3017',NULL,NULL,20,NULL,35,1,NULL,NULL,NULL,NULL,NULL,NULL,3017,NULL,NULL,'No'),('3019',1,'Baidpura',NULL,'2015-08-04',NULL,NULL,'2015-08-04',NULL,'Narayan Sg. Nagar','Harsh Nagar',NULL,NULL,'',3019,'','','Indresh',NULL,NULL,NULL,NULL,NULL,NULL,NULL,NULL,NULL,NULL,3019,'3019',NULL,NULL,5,NULL,6,1,NULL,NULL,NULL,NULL,NULL,NULL,3019,NULL,NULL,'No'),('302',1,'Dhoommanikpur',NULL,'2015-08-04',NULL,NULL,'2015-08-04',NULL,'Ajay Rawal','Karan Rawal',NULL,NULL,'',302,'','','Manju Rawal',NULL,NULL,NULL,NULL,NULL,NULL,NULL,NULL,NULL,NULL,302,'302',NULL,NULL,13,NULL,40,1,NULL,NULL,NULL,NULL,NULL,NULL,302,NULL,NULL,'No'),('3020',1,'Naveen Hospital Dadri',NULL,'2015-08-04',NULL,NULL,'2015-08-04',NULL,'Moh,umar','Tanveer Khan',NULL,NULL,'',3020,'','','Jayra',NULL,NULL,NULL,NULL,NULL,NULL,NULL,NULL,NULL,NULL,3020,'3020',NULL,NULL,20,NULL,35,1,NULL,NULL,NULL,NULL,NULL,NULL,3020,NULL,NULL,'No'),('3021',1,'Dadri',NULL,'2015-08-04',NULL,NULL,'2015-08-04',NULL,'Shreepal','Devender Kumar',NULL,NULL,'',3021,'','','Sunita',NULL,NULL,NULL,NULL,NULL,NULL,NULL,NULL,NULL,NULL,3021,'3021',NULL,NULL,20,NULL,35,1,NULL,NULL,NULL,NULL,NULL,NULL,3021,NULL,NULL,'No'),('3022',1,'Dadri',NULL,'2015-08-04',NULL,NULL,'2015-08-04',NULL,'Munesh Sharma','Anuj Sharma',NULL,NULL,'',3022,'','','Kiran Singhal',NULL,NULL,NULL,NULL,NULL,NULL,NULL,NULL,NULL,NULL,3022,'3022',NULL,NULL,18,NULL,33,1,NULL,NULL,NULL,NULL,NULL,NULL,3022,NULL,NULL,'No'),('3024',1,'Dadri',NULL,'2015-08-04',NULL,NULL,'2015-08-04',NULL,'Kartar Bhati','Aditya Kumar Bhati',NULL,NULL,'',3024,'','','Pushpa Sharma',NULL,NULL,NULL,NULL,NULL,NULL,NULL,NULL,NULL,NULL,3024,'3024',NULL,NULL,18,NULL,33,1,NULL,NULL,NULL,NULL,NULL,NULL,3024,NULL,NULL,'No'),('3025',1,'Dadri',NULL,'2015-08-04',NULL,NULL,'2015-08-04',NULL,'Sanjeet Singhal','Aman Singhal',NULL,NULL,'',3025,'','','Pooja Sharma',NULL,NULL,NULL,NULL,NULL,NULL,NULL,NULL,NULL,NULL,3025,'3025',NULL,NULL,18,NULL,33,1,NULL,NULL,NULL,NULL,NULL,NULL,3025,NULL,NULL,'No'),('3026',1,'Dadri',NULL,'2015-08-04',NULL,NULL,'2015-08-04',NULL,'Rampal Sharma','Aman Sharma',NULL,NULL,'',3026,'','','Suman Devi',NULL,NULL,NULL,NULL,NULL,NULL,NULL,NULL,NULL,NULL,3026,'3026',NULL,NULL,18,NULL,33,1,NULL,NULL,NULL,NULL,NULL,NULL,3026,NULL,NULL,'No'),('3027',1,'Chaprulla',NULL,'2015-08-04',NULL,NULL,'2015-08-04',NULL,'Darshanlal','Nitin Kumar',NULL,NULL,'',3027,'','','Anita Devi',NULL,NULL,NULL,NULL,NULL,NULL,NULL,NULL,NULL,NULL,3027,'3027',NULL,NULL,20,NULL,35,1,NULL,NULL,NULL,NULL,NULL,NULL,3027,NULL,NULL,'No'),('3028',1,'Dadri',NULL,'2015-08-04',NULL,NULL,'2015-08-04',NULL,'Dilip Pd. Chaurasiya','Manish Kumar',NULL,NULL,'',3028,'','','Reeta Devi',NULL,NULL,NULL,NULL,NULL,NULL,NULL,NULL,NULL,NULL,3028,'3028',NULL,NULL,18,NULL,34,1,NULL,NULL,NULL,NULL,NULL,NULL,3028,NULL,NULL,'No'),('303',1,'Dhoom Manik Pur',NULL,'2015-08-04',NULL,NULL,'2015-08-04',NULL,'Ram Kumar','Tarun Kumar',NULL,NULL,'',303,'','','Sarita Devi',NULL,NULL,NULL,NULL,NULL,NULL,NULL,NULL,NULL,NULL,303,'303',NULL,NULL,13,NULL,40,1,NULL,NULL,NULL,NULL,NULL,NULL,303,NULL,NULL,'No'),('3032',1,'Dadri',NULL,'2015-08-04',NULL,NULL,'2015-08-04',NULL,'Sarvesh  Upadhayay','Rahul Upadhayay',NULL,NULL,'',3032,'','','Rekha Upadhayay',NULL,NULL,NULL,NULL,NULL,NULL,NULL,NULL,NULL,NULL,3032,'3032',NULL,NULL,20,NULL,36,1,NULL,NULL,NULL,NULL,NULL,NULL,3032,NULL,NULL,'No'),('3033',1,'Dadri',NULL,'2015-08-04',NULL,NULL,'2015-08-04',NULL,'Mohd.ahmad Khan','Mohd.tahid Khan',NULL,NULL,'',3033,'','','Khushnuma Khanam',NULL,NULL,NULL,NULL,NULL,NULL,NULL,NULL,NULL,NULL,3033,'3033',NULL,NULL,5,NULL,6,1,NULL,NULL,NULL,NULL,NULL,NULL,3033,NULL,NULL,'No'),('3034',1,'Dadri',NULL,'2015-08-04',NULL,NULL,'2015-08-04',NULL,'Yatish Sharma','Rajat Sharma',NULL,NULL,'',3034,'','','Poonam Sharma',NULL,NULL,NULL,NULL,NULL,NULL,NULL,NULL,NULL,NULL,3034,'3034',NULL,NULL,18,NULL,33,1,NULL,NULL,NULL,NULL,NULL,NULL,3034,NULL,NULL,'No'),('3035',1,'Sadopur Ki Jhaal',NULL,'2015-08-04',NULL,NULL,'2015-08-04',NULL,'Rakesh Sharma','Twinkle',NULL,NULL,'',3035,'','','Sushma Sharma',NULL,NULL,NULL,NULL,NULL,NULL,NULL,NULL,NULL,NULL,3035,'3035',NULL,NULL,5,NULL,6,1,NULL,NULL,NULL,NULL,NULL,NULL,3035,NULL,NULL,'No'),('3036',1,'Dadri',NULL,'2015-08-04',NULL,NULL,'2015-08-04',NULL,'Gajender Singh','Gaurav Kumar',NULL,NULL,'',3036,'','','Urmila Devi',NULL,NULL,NULL,NULL,NULL,NULL,NULL,NULL,NULL,NULL,3036,'3036',NULL,NULL,18,NULL,33,1,NULL,NULL,NULL,NULL,NULL,NULL,3036,NULL,NULL,'No'),('3037',1,'Dadri',NULL,'2015-08-04',NULL,NULL,'2015-08-04',NULL,'Ramanji Jha','Mritunjay Kumar',NULL,NULL,'',3037,'','','Nutan Jha',NULL,NULL,NULL,NULL,NULL,NULL,NULL,NULL,NULL,NULL,3037,'3037',NULL,NULL,18,NULL,34,1,NULL,NULL,NULL,NULL,NULL,NULL,3037,NULL,NULL,'No'),('3039',1,'Dadri',NULL,'2015-08-04',NULL,NULL,'2015-08-04',NULL,'Rajendra Bansal','Gaurav Bansal',NULL,NULL,'',3039,'','','Umresh Devi',NULL,NULL,NULL,NULL,NULL,NULL,NULL,NULL,NULL,NULL,3039,'3039',NULL,NULL,20,NULL,35,1,NULL,NULL,NULL,NULL,NULL,NULL,3039,NULL,NULL,'No'),('3040',1,'Dadri',NULL,'2015-08-04',NULL,NULL,'2015-08-04',NULL,'Dinesh Chand Sharma','Jatin Sharma',NULL,NULL,'',3040,'','','Manju Sharma',NULL,NULL,NULL,NULL,NULL,NULL,NULL,NULL,NULL,NULL,3040,'3040',NULL,NULL,18,NULL,34,1,NULL,NULL,NULL,NULL,NULL,NULL,3040,NULL,NULL,'No'),('3041',1,'Dadri',NULL,'2015-08-04',NULL,NULL,'2015-08-04',NULL,'Abdul Hamid','Shakib Malik',NULL,NULL,'',3041,'','','Shamim Malik',NULL,NULL,NULL,NULL,NULL,NULL,NULL,NULL,NULL,NULL,3041,'3041',NULL,NULL,20,NULL,35,1,NULL,NULL,NULL,NULL,NULL,NULL,3041,NULL,NULL,'No'),('3043',1,'Dadri',NULL,'2015-08-04',NULL,NULL,'2015-08-04',NULL,'Chandera Sen','Kavita Singh',NULL,NULL,'',3043,'','','Rani',NULL,NULL,NULL,NULL,NULL,NULL,NULL,NULL,NULL,NULL,3043,'3043',NULL,NULL,7,NULL,12,1,NULL,NULL,NULL,NULL,NULL,NULL,3043,NULL,NULL,'No'),('3044',1,'Upralasi Post Khatona',NULL,'2015-08-04',NULL,NULL,'2015-08-04',NULL,'Ombeer Sharma','Ajay Sharma',NULL,NULL,'',3044,'','','Suman Rawat',NULL,NULL,NULL,NULL,NULL,NULL,NULL,NULL,NULL,NULL,3044,'3044',NULL,NULL,18,NULL,33,1,NULL,NULL,NULL,NULL,NULL,NULL,3044,NULL,NULL,'No'),('3045',1,'235/4 Gagan Vihar Dadri',NULL,'2015-08-04',NULL,NULL,'2015-08-04',NULL,'Ravindra Pal Singh','Sweta Singh',NULL,NULL,'',3045,'','','Kamla Devi',NULL,NULL,NULL,NULL,NULL,NULL,NULL,NULL,NULL,NULL,3045,'3045',NULL,NULL,18,NULL,34,1,NULL,NULL,NULL,NULL,NULL,NULL,3045,NULL,NULL,'No'),('3046',1,'Kalda',NULL,'2015-08-04',NULL,NULL,'2015-08-04',NULL,'Manveer','Nikhil',NULL,NULL,'',3046,'','','Jagresh',NULL,NULL,NULL,NULL,NULL,NULL,NULL,NULL,NULL,NULL,3046,'3046',NULL,NULL,10,NULL,19,1,NULL,NULL,NULL,NULL,NULL,NULL,3046,NULL,NULL,'No'),('3047',1,'Dujana',NULL,'2015-08-04',NULL,NULL,'2015-08-04',NULL,'Nandkishore','Neha',NULL,NULL,'',3047,'','','Usha Sharma',NULL,NULL,NULL,NULL,NULL,NULL,NULL,NULL,NULL,NULL,3047,'3047',NULL,NULL,18,NULL,34,1,NULL,NULL,NULL,NULL,NULL,NULL,3047,NULL,NULL,'No'),('3048',1,'Kachera Varsabad',NULL,'2015-08-04',NULL,NULL,'2015-08-04',NULL,'Raj Kumar Nagar','Mahima Nagar',NULL,NULL,'',3048,'','','Sukant Nagar',NULL,NULL,NULL,NULL,NULL,NULL,NULL,NULL,NULL,NULL,3048,'3048',NULL,NULL,20,NULL,35,1,NULL,NULL,NULL,NULL,NULL,NULL,3048,NULL,NULL,'No'),('3050',1,'Dadri',NULL,'2015-08-04',NULL,NULL,'2015-08-04',NULL,'Ramganesh Sharma','Mohit Sharma',NULL,NULL,'',3050,'','','Vimlesh Sharma',NULL,NULL,NULL,NULL,NULL,NULL,NULL,NULL,NULL,NULL,3050,'3050',NULL,NULL,18,NULL,34,1,NULL,NULL,NULL,NULL,NULL,NULL,3050,NULL,NULL,'No'),('3051',1,'Dadri',NULL,'2015-08-04',NULL,NULL,'2015-08-04',NULL,'Abdulsalam','Vaseem',NULL,NULL,'',3051,'','','Shabana',NULL,NULL,NULL,NULL,NULL,NULL,NULL,NULL,NULL,NULL,3051,'3051',NULL,NULL,10,NULL,19,1,NULL,NULL,NULL,NULL,NULL,NULL,3051,NULL,NULL,'No'),('3052',1,'Chitheda',NULL,'2015-08-04',NULL,NULL,'2015-08-04',NULL,'Azad Singh Bhati','Nakul Kumar',NULL,NULL,'',3052,'','','Geeta Devi',NULL,NULL,NULL,NULL,NULL,NULL,NULL,NULL,NULL,NULL,3052,'3052',NULL,NULL,20,NULL,36,1,NULL,NULL,NULL,NULL,NULL,NULL,3052,NULL,NULL,'No'),('3053',1,'Chitheda',NULL,'2015-08-04',NULL,NULL,'2015-08-04',NULL,'Satveer Bhati','Akshay Bhati',NULL,NULL,'',3053,'','','Urmila Devi',NULL,NULL,NULL,NULL,NULL,NULL,NULL,NULL,NULL,NULL,3053,'3053',NULL,NULL,20,NULL,36,1,NULL,NULL,NULL,NULL,NULL,NULL,3053,NULL,NULL,'No'),('3054',1,'Dadri',NULL,'2015-08-04',NULL,NULL,'2015-08-04',NULL,'Sannam Singh Pal','Ajeet Pal',NULL,NULL,'',3054,'','','Chanderlata',NULL,NULL,NULL,NULL,NULL,NULL,NULL,NULL,NULL,NULL,3054,'3054',NULL,NULL,18,NULL,34,1,NULL,NULL,NULL,NULL,NULL,NULL,3054,NULL,NULL,'No'),('3056',1,'Dadri',NULL,'2015-08-04',NULL,NULL,'2015-08-04',NULL,'Satish Saini','Anshul Saini',NULL,NULL,'',3056,'','','Reeta Devi',NULL,NULL,NULL,NULL,NULL,NULL,NULL,NULL,NULL,NULL,3056,'3056',NULL,NULL,18,NULL,34,1,NULL,NULL,NULL,NULL,NULL,NULL,3056,NULL,NULL,'No'),('3057',1,'Achheja',NULL,'2015-08-04',NULL,NULL,'2015-08-04',NULL,'Veer Singh Nagar','Abhishek Nagar',NULL,NULL,'',3057,'','','Fulwanti Devi',NULL,NULL,NULL,NULL,NULL,NULL,NULL,NULL,NULL,NULL,3057,'3057',NULL,NULL,7,NULL,14,1,NULL,NULL,NULL,NULL,NULL,NULL,3057,NULL,NULL,'No'),('3059',1,'Kheda Chaganpur',NULL,'2015-08-04',NULL,NULL,'2015-08-04',NULL,'Jitendra Bhati','Ankit Bhati',NULL,NULL,'',3059,'','','Manju Bhati',NULL,NULL,NULL,NULL,NULL,NULL,NULL,NULL,NULL,NULL,3059,'3059',NULL,NULL,18,NULL,34,1,NULL,NULL,NULL,NULL,NULL,NULL,3059,NULL,NULL,'No'),('3061',1,'A.f.s',NULL,'2015-08-04',NULL,NULL,'2015-08-04',NULL,'Devender Yadav','Rahul Yadav',NULL,NULL,'',3061,'','','Sanju Devi',NULL,NULL,NULL,NULL,NULL,NULL,NULL,NULL,NULL,NULL,3061,'3061',NULL,NULL,20,NULL,35,1,NULL,NULL,NULL,NULL,NULL,NULL,3061,NULL,NULL,'No'),('3062',1,'Girdharpur',NULL,'2015-08-04',NULL,NULL,'2015-08-04',NULL,'Jitendra Pd. Mishra','Prashant Mishra',NULL,NULL,'',3062,'','','Mamta Singh',NULL,NULL,NULL,NULL,NULL,NULL,NULL,NULL,NULL,NULL,3062,'3062',NULL,NULL,18,NULL,33,1,NULL,NULL,NULL,NULL,NULL,NULL,3062,NULL,NULL,'No'),('3063',1,'Chhaprulla',NULL,'2015-08-04',NULL,NULL,'2015-08-04',NULL,'Rama Shankar','Manisha Yadav',NULL,NULL,'',3063,'','','Chinta Devi',NULL,NULL,NULL,NULL,NULL,NULL,NULL,NULL,NULL,NULL,3063,'3063',NULL,NULL,20,NULL,35,1,NULL,NULL,NULL,NULL,NULL,NULL,3063,NULL,NULL,'No'),('3065',1,'Kathera',NULL,'2015-08-04',NULL,NULL,'2015-08-04',NULL,'Latoor Singh','Vinit Bhati',NULL,NULL,'',3065,'','','Rajesh Devi',NULL,NULL,NULL,NULL,NULL,NULL,NULL,NULL,NULL,NULL,3065,'3065',NULL,NULL,20,NULL,35,1,NULL,NULL,NULL,NULL,NULL,NULL,3065,NULL,NULL,'No'),('3066',1,'Dujana',NULL,'2015-08-04',NULL,NULL,'2015-08-04',NULL,'Balraj Nagar','Tarang Nagar',NULL,NULL,'',3066,'','','Parmila',NULL,NULL,NULL,NULL,NULL,NULL,NULL,NULL,NULL,NULL,3066,'3066',NULL,NULL,11,NULL,21,1,NULL,NULL,NULL,NULL,NULL,NULL,3066,NULL,NULL,'No'),('3067',1,'Dujana',NULL,'2015-08-04',NULL,NULL,'2015-08-04',NULL,'Balraj Nagar','Ashish Nagar',NULL,NULL,'',3067,'','','Saroj Nagar',NULL,NULL,NULL,NULL,NULL,NULL,NULL,NULL,NULL,NULL,3067,'3067',NULL,NULL,10,NULL,20,1,NULL,NULL,NULL,NULL,NULL,NULL,3067,NULL,NULL,'No'),('3070',1,'Dadri',NULL,'2015-08-04',NULL,NULL,'2015-08-04',NULL,'Rakesh Rawat','Vinay Rawat',NULL,NULL,'',3070,'','','Dharamshila Devi',NULL,NULL,NULL,NULL,NULL,NULL,NULL,NULL,NULL,NULL,3070,'3070',NULL,NULL,18,NULL,33,1,NULL,NULL,NULL,NULL,NULL,NULL,3070,NULL,NULL,'No'),('3073',1,'Dadri',NULL,'2015-08-04',NULL,NULL,'2015-08-04',NULL,'Mahesh Tomar','Manish Tomar',NULL,NULL,'',3073,'','','Rajni Tomar',NULL,NULL,NULL,NULL,NULL,NULL,NULL,NULL,NULL,NULL,3073,'3073',NULL,NULL,20,NULL,36,1,NULL,NULL,NULL,NULL,NULL,NULL,3073,NULL,NULL,'No'),('3074',1,'Hathipur Khera',NULL,'2015-08-04',NULL,NULL,'2015-08-04',NULL,'Omprakash Singh','Aditya Singh',NULL,NULL,'',3074,'','','',NULL,NULL,NULL,NULL,NULL,NULL,NULL,NULL,NULL,NULL,3074,'3074',NULL,NULL,18,NULL,33,1,NULL,NULL,NULL,NULL,NULL,NULL,3074,NULL,NULL,'No'),('3076',1,'Dadri',NULL,'2015-08-04',NULL,NULL,'2015-08-04',NULL,'Vinod Chauhan','Aman Chauhan',NULL,NULL,'',3076,'','','Lata Chauhan',NULL,NULL,NULL,NULL,NULL,NULL,NULL,NULL,NULL,NULL,3076,'3076',NULL,NULL,20,NULL,36,1,NULL,NULL,NULL,NULL,NULL,NULL,3076,NULL,NULL,'No'),('3077',1,'Achheja',NULL,'2015-08-04',NULL,NULL,'2015-08-04',NULL,'Devender Nagar','Bulbul Nagar',NULL,NULL,'',3077,'','','Satto Nagar',NULL,NULL,NULL,NULL,NULL,NULL,NULL,NULL,NULL,NULL,3077,'3077',NULL,NULL,11,NULL,21,1,NULL,NULL,NULL,NULL,NULL,NULL,3077,NULL,NULL,'No'),('3078',1,'Achheja',NULL,'2015-08-04',NULL,NULL,'2015-08-04',NULL,'Dharmender Nagar','Komal Nagar',NULL,NULL,'',3078,'','','Babita Nagar',NULL,NULL,NULL,NULL,NULL,NULL,NULL,NULL,NULL,NULL,3078,'3078',NULL,NULL,10,NULL,20,1,NULL,NULL,NULL,NULL,NULL,NULL,3078,NULL,NULL,'No'),('3079',1,'Dadri',NULL,'2015-08-04',NULL,NULL,'2015-08-04',NULL,'Suresh Singh','Vikesh Singh',NULL,NULL,'',3079,'','','',NULL,NULL,NULL,NULL,NULL,NULL,NULL,NULL,NULL,NULL,3079,'3079',NULL,NULL,18,NULL,33,1,NULL,NULL,NULL,NULL,NULL,NULL,3079,NULL,NULL,'No'),('3081',1,'Bishnuli',NULL,'2015-08-04',NULL,NULL,'2015-08-04',NULL,'Ravindra Bhati','Vineet Bhati',NULL,NULL,'',3081,'','','Poonam',NULL,NULL,NULL,NULL,NULL,NULL,NULL,NULL,NULL,NULL,3081,'3081',NULL,NULL,5,NULL,7,1,NULL,NULL,NULL,NULL,NULL,NULL,3081,NULL,NULL,'No'),('3083',1,'Bishnouli',NULL,'2015-08-04',NULL,NULL,'2015-08-04',NULL,'Vijay','Rishu Rousa',NULL,NULL,'',3083,'','','Nasreen',NULL,NULL,NULL,NULL,NULL,NULL,NULL,NULL,NULL,NULL,3083,'3083',NULL,NULL,5,NULL,7,1,NULL,NULL,NULL,NULL,NULL,NULL,3083,NULL,NULL,'No'),('3085',1,'Jhaal',NULL,'2015-08-04',NULL,NULL,'2015-08-04',NULL,'Mod. Aasif','Anusha Khan',NULL,NULL,'',3085,'','','Rajesh Devi',NULL,NULL,NULL,NULL,NULL,NULL,NULL,NULL,NULL,NULL,3085,'3085',NULL,NULL,5,NULL,7,1,NULL,NULL,NULL,NULL,NULL,NULL,3085,NULL,NULL,'No'),('3086',1,'Kachhera',NULL,'2015-08-04',NULL,NULL,'2015-08-04',NULL,'Mehkar Nagar','Sanjana',NULL,NULL,'',3086,'','','Mahendri Devi',NULL,NULL,NULL,NULL,NULL,NULL,NULL,NULL,NULL,NULL,3086,'3086',NULL,NULL,18,NULL,34,1,NULL,NULL,NULL,NULL,NULL,NULL,3086,NULL,NULL,'No'),('3089',1,'Sadopur',NULL,'2015-08-04',NULL,NULL,'2015-08-04',NULL,'Sanjay Sharma','Sakshi Sharma',NULL,NULL,'',3089,'','','Satto',NULL,NULL,NULL,NULL,NULL,NULL,NULL,NULL,NULL,NULL,3089,'3089',NULL,NULL,6,NULL,11,1,NULL,NULL,NULL,NULL,NULL,NULL,3089,NULL,NULL,'No'),('3091',1,'D.m',NULL,'2015-08-04',NULL,NULL,'2015-08-04',NULL,'Sunil Payla','Monika Payla',NULL,NULL,'',3091,'','','Vimlesh Payla',NULL,NULL,NULL,NULL,NULL,NULL,NULL,NULL,NULL,NULL,3091,'3091',NULL,NULL,9,NULL,38,1,NULL,NULL,NULL,NULL,NULL,NULL,3091,NULL,NULL,'No'),('3092',1,'Dadri',NULL,'2015-08-04',NULL,NULL,'2015-08-04',NULL,'Yamin Sifi','Sahjad Saifi',NULL,NULL,'',3092,'','','Shabana Saifi',NULL,NULL,NULL,NULL,NULL,NULL,NULL,NULL,NULL,NULL,3092,'3092',NULL,NULL,12,NULL,24,1,NULL,NULL,NULL,NULL,NULL,NULL,3092,NULL,NULL,'No'),('3093',1,'Badalpur',NULL,'2015-08-04',NULL,NULL,'2015-08-04',NULL,'Rohtash Nagar','Kunal Nagar',NULL,NULL,'',3093,'','','Kanchan',NULL,NULL,NULL,NULL,NULL,NULL,NULL,NULL,NULL,NULL,3093,'3093',NULL,NULL,5,NULL,7,1,NULL,NULL,NULL,NULL,NULL,NULL,3093,NULL,NULL,'No'),('3094',1,'Dujana',NULL,'2015-08-04',NULL,NULL,'2015-08-04',NULL,'Ganesh','Tanisha Thakur',NULL,NULL,'',3094,'','','Dhanesh',NULL,NULL,NULL,NULL,NULL,NULL,NULL,NULL,NULL,NULL,3094,'3094',NULL,NULL,7,NULL,14,1,NULL,NULL,NULL,NULL,NULL,NULL,3094,NULL,NULL,'No'),('3096',1,'Bishouli',NULL,'2015-08-04',NULL,NULL,'2015-08-04',NULL,'Rajesh','Snehal Raj',NULL,NULL,'',3096,'','','Mamta',NULL,NULL,NULL,NULL,NULL,NULL,NULL,NULL,NULL,NULL,3096,'3096',NULL,NULL,4,NULL,4,1,NULL,NULL,NULL,NULL,NULL,NULL,3096,NULL,NULL,'No'),('3097',1,'Dwari',NULL,'2015-08-04',NULL,NULL,'2015-08-04',NULL,'Deepak Kumar','Preet Chaudhary',NULL,NULL,'',3097,'','','Dimple Chaudhary',NULL,NULL,NULL,NULL,NULL,NULL,NULL,NULL,NULL,NULL,3097,'3097',NULL,NULL,9,NULL,18,1,NULL,NULL,NULL,NULL,NULL,NULL,3097,NULL,NULL,'No'),('3098',1,'Chittera',NULL,'2015-08-04',NULL,NULL,'2015-08-04',NULL,'Sanjay Bhati','Nitin Bhati',NULL,NULL,'',3098,'','','Urmila Bhati',NULL,NULL,NULL,NULL,NULL,NULL,NULL,NULL,NULL,NULL,3098,'3098',NULL,NULL,14,NULL,27,1,NULL,NULL,NULL,NULL,NULL,NULL,3098,NULL,NULL,'No'),('3099',1,'Durai',NULL,'2015-08-04',NULL,NULL,'2015-08-04',NULL,'Pawan Chaudhary','Harsh Chaudhry',NULL,NULL,'',3099,'','','Guddi',NULL,NULL,NULL,NULL,NULL,NULL,NULL,NULL,NULL,NULL,3099,'3099',NULL,NULL,9,NULL,18,1,NULL,NULL,NULL,NULL,NULL,NULL,3099,NULL,NULL,'No'),('3100',1,'Durai',NULL,'2015-08-04',NULL,NULL,'2015-08-04',NULL,'Pawan Chaudhary','Tanya Chaudhary',NULL,NULL,'',3100,'','','Durgesh',NULL,NULL,NULL,NULL,NULL,NULL,NULL,NULL,NULL,NULL,3100,'3100',NULL,NULL,7,NULL,12,1,NULL,NULL,NULL,NULL,NULL,NULL,3100,NULL,NULL,'No'),('3101',1,'Dadri',NULL,'2015-08-04',NULL,NULL,'2015-08-04',NULL,'Bhoodev','Shagun Singh',NULL,NULL,'',3101,'','','Rekha',NULL,NULL,NULL,NULL,NULL,NULL,NULL,NULL,NULL,NULL,3101,'3101',NULL,NULL,6,NULL,10,1,NULL,NULL,NULL,NULL,NULL,NULL,3101,NULL,NULL,'No'),('3102',1,'Dadri',NULL,'2015-08-04',NULL,NULL,'2015-08-04',NULL,'Dhani Ram','Shree Gupta',NULL,NULL,'',3102,'','','Jyoti Gupta',NULL,NULL,NULL,NULL,NULL,NULL,NULL,NULL,NULL,NULL,3102,'3102',NULL,NULL,9,NULL,38,1,NULL,NULL,NULL,NULL,NULL,NULL,3102,NULL,NULL,'No'),('3103',1,'Dadri',NULL,'2015-08-04',NULL,NULL,'2015-08-04',NULL,'Sailender Garg','Pakhi Garg',NULL,NULL,'',3103,'','','Jyoti Garg',NULL,NULL,NULL,NULL,NULL,NULL,NULL,NULL,NULL,NULL,3103,'3103',NULL,NULL,12,NULL,39,1,NULL,NULL,NULL,NULL,NULL,NULL,3103,NULL,NULL,'No'),('3104',1,'Dadri',NULL,'2015-08-04',NULL,NULL,'2015-08-04',NULL,'Shailender Garg','Sarthak Garg',NULL,NULL,'',3104,'','','Poonam',NULL,NULL,NULL,NULL,NULL,NULL,NULL,NULL,NULL,NULL,3104,'3104',NULL,NULL,6,NULL,10,1,NULL,NULL,NULL,NULL,NULL,NULL,3104,NULL,NULL,'No'),('3105',1,'Chaprulla',NULL,'2015-08-04',NULL,NULL,'2015-08-04',NULL,'Shiv Kumar','Mohit Bhardwaj',NULL,NULL,'',3105,'','','Shashi Verma',NULL,NULL,NULL,NULL,NULL,NULL,NULL,NULL,NULL,NULL,3105,'3105',NULL,NULL,9,NULL,18,1,NULL,NULL,NULL,NULL,NULL,NULL,3105,NULL,NULL,'No'),('3106',1,'Dhoom',NULL,'2015-08-04',NULL,NULL,'2015-08-04',NULL,'Surender','Sachin',NULL,NULL,'',3106,'','','',NULL,NULL,NULL,NULL,NULL,NULL,NULL,NULL,NULL,NULL,3106,'3106',NULL,NULL,9,NULL,17,1,NULL,NULL,NULL,NULL,NULL,NULL,3106,NULL,NULL,'No'),('3107',1,'Dhoom',NULL,'2015-08-04',NULL,NULL,'2015-08-04',NULL,'Surender','Bhupender',NULL,NULL,'',3107,'','','Nanno',NULL,NULL,NULL,NULL,NULL,NULL,NULL,NULL,NULL,NULL,3107,'3107',NULL,NULL,11,NULL,21,1,NULL,NULL,NULL,NULL,NULL,NULL,3107,NULL,NULL,'No'),('3108',1,'Dhoom',NULL,'2015-08-04',NULL,NULL,'2015-08-04',NULL,'Surender','Kartik',NULL,NULL,'',3108,'','','Jagmaya Kamat',NULL,NULL,NULL,NULL,NULL,NULL,NULL,NULL,NULL,NULL,3108,'3108',NULL,NULL,12,NULL,39,1,NULL,NULL,NULL,NULL,NULL,NULL,3108,NULL,NULL,'No'),('3109',1,'Samtel',NULL,'2015-08-04',NULL,NULL,'2015-08-04',NULL,'Vinod Sharma','Priya Sharma',NULL,NULL,'',3109,'','','Sunita',NULL,NULL,NULL,NULL,NULL,NULL,NULL,NULL,NULL,NULL,3109,'3109',NULL,NULL,14,NULL,27,1,NULL,NULL,NULL,NULL,NULL,NULL,3109,NULL,NULL,'No'),('3110',1,'Dairy Machha',NULL,'2015-08-04',NULL,NULL,'2015-08-04',NULL,'Vinod Nagar','Aniket',NULL,NULL,'',3110,'','','',NULL,NULL,NULL,NULL,NULL,NULL,NULL,NULL,NULL,NULL,3110,'3110',NULL,NULL,10,NULL,19,1,NULL,NULL,NULL,NULL,NULL,NULL,3110,NULL,NULL,'No'),('3111',1,'Chaprulla',NULL,'2015-08-04',NULL,NULL,'2015-08-04',NULL,'S.s Chauhan','Prachika',NULL,NULL,'',3111,'','','Geeta Nagar',NULL,NULL,NULL,NULL,NULL,NULL,NULL,NULL,NULL,NULL,3111,'3111',NULL,NULL,12,NULL,24,1,NULL,NULL,NULL,NULL,NULL,NULL,3111,NULL,NULL,'No'),('3112',1,'Lal Kaun',NULL,'2015-08-04',NULL,NULL,'2015-08-04',NULL,'Jitender','Deepak',NULL,NULL,'',3112,'','','Babita Rana',NULL,NULL,NULL,NULL,NULL,NULL,NULL,NULL,NULL,NULL,3112,'3112',NULL,NULL,12,NULL,39,1,NULL,NULL,NULL,NULL,NULL,NULL,3112,NULL,NULL,'No'),('3113',1,'Lal Kaun',NULL,'2015-08-04',NULL,NULL,'2015-08-04',NULL,'Zakir Hussain','Jahagir Hussain',NULL,NULL,'',3113,'','','Rajbala',NULL,NULL,NULL,NULL,NULL,NULL,NULL,NULL,NULL,NULL,3113,'3113',NULL,NULL,12,NULL,39,1,NULL,NULL,NULL,NULL,NULL,NULL,3113,NULL,NULL,'No'),('3114',1,'Jaansiwana',NULL,'2015-08-04',NULL,NULL,'2015-08-04',NULL,'Aadesh Khari','Tushar Khari',NULL,NULL,'',3114,'','','Anjali',NULL,NULL,NULL,NULL,NULL,NULL,NULL,NULL,NULL,NULL,3114,'3114',NULL,NULL,7,NULL,13,1,NULL,NULL,NULL,NULL,NULL,NULL,3114,NULL,NULL,'No'),('3115',1,'Dadri',NULL,'2015-08-04',NULL,NULL,'2015-08-04',NULL,'Lalit Nagar','Nishant',NULL,NULL,'',3115,'','','',NULL,NULL,NULL,NULL,NULL,NULL,NULL,NULL,NULL,NULL,3115,'3115',NULL,NULL,9,NULL,17,1,NULL,NULL,NULL,NULL,NULL,NULL,3115,NULL,NULL,'No'),('3118',1,'Dadri',NULL,'2015-08-04',NULL,NULL,'2015-08-04',NULL,'Pappu','Prachi',NULL,NULL,'',3118,'','','Rajeshwari Devi',NULL,NULL,NULL,NULL,NULL,NULL,NULL,NULL,NULL,NULL,3118,'3118',NULL,NULL,12,NULL,39,1,NULL,NULL,NULL,NULL,NULL,NULL,3118,NULL,NULL,'No'),('3119',1,'Dairy Machha',NULL,'2015-08-04',NULL,NULL,'2015-08-04',NULL,'Pradip','Km. Nitya',NULL,NULL,'',3119,'','','Kavita',NULL,NULL,NULL,NULL,NULL,NULL,NULL,NULL,NULL,NULL,3119,'3119',NULL,NULL,4,NULL,4,1,NULL,NULL,NULL,NULL,NULL,NULL,3119,NULL,NULL,'No'),('312',1,'SAdopur',NULL,'2015-08-04',NULL,NULL,'2015-08-04',NULL,'Bhoop Singh','Pooja',NULL,NULL,'',312,'','','Sunita',NULL,NULL,NULL,NULL,NULL,NULL,NULL,NULL,NULL,NULL,312,'312',NULL,NULL,20,NULL,36,1,NULL,NULL,NULL,NULL,NULL,NULL,312,NULL,NULL,'No'),('3120',1,'Dadri',NULL,'2015-08-04',NULL,NULL,'2015-08-04',NULL,'Yunus Malik','Jishan Malik',NULL,NULL,'',3120,'','','Sonu Tomer',NULL,NULL,NULL,NULL,NULL,NULL,NULL,NULL,NULL,NULL,3120,'3120',NULL,NULL,12,NULL,39,1,NULL,NULL,NULL,NULL,NULL,NULL,3120,NULL,NULL,'No'),('3121',1,'Chaprulla',NULL,'2015-08-04',NULL,NULL,'2015-08-04',NULL,'Kishor Jha','Rahul Jha',NULL,NULL,'',3121,'','','Seema Ruhela',NULL,NULL,NULL,NULL,NULL,NULL,NULL,NULL,NULL,NULL,3121,'3121',NULL,NULL,14,NULL,27,1,NULL,NULL,NULL,NULL,NULL,NULL,3121,NULL,NULL,'No'),('3122',1,'Sadopur',NULL,'2015-08-04',NULL,NULL,'2015-08-04',NULL,'Bani Singh','Yashveer',NULL,NULL,'',3122,'','','Manju Devi',NULL,NULL,NULL,NULL,NULL,NULL,NULL,NULL,NULL,NULL,3122,'3122',NULL,NULL,12,NULL,24,1,NULL,NULL,NULL,NULL,NULL,NULL,3122,NULL,NULL,'No'),('3123',1,'Dadri',NULL,'2015-08-04',NULL,NULL,'2015-08-04',NULL,'Hariom Goswami','Vivek Goswami',NULL,NULL,'',3123,'','','Rajesh Devi',NULL,NULL,NULL,NULL,NULL,NULL,NULL,NULL,NULL,NULL,3123,'3123',NULL,NULL,15,NULL,28,1,NULL,NULL,NULL,NULL,NULL,NULL,3123,NULL,NULL,'No'),('3124',1,'Heabtpur',NULL,'2015-08-04',NULL,NULL,'2015-08-04',NULL,'Ghansyam Singh','Mansi',NULL,NULL,'',3124,'','','Seema',NULL,NULL,NULL,NULL,NULL,NULL,NULL,NULL,NULL,NULL,3124,'3124',NULL,NULL,7,NULL,12,1,NULL,NULL,NULL,NULL,NULL,NULL,3124,NULL,NULL,'No'),('3125',1,'Kachhera',NULL,'2015-08-04',NULL,NULL,'2015-08-04',NULL,'Sunil','Nitin',NULL,NULL,'',3125,'','','Shashi Verma',NULL,NULL,NULL,NULL,NULL,NULL,NULL,NULL,NULL,NULL,3125,'3125',NULL,NULL,5,NULL,6,1,NULL,NULL,NULL,NULL,NULL,NULL,3125,NULL,NULL,'No'),('3126',1,'Kachhera',NULL,'2015-08-04',NULL,NULL,'2015-08-04',NULL,'Sunil Nagar','Nitisha',NULL,NULL,'',3126,'','','Neetu Bhati',NULL,NULL,NULL,NULL,NULL,NULL,NULL,NULL,NULL,NULL,3126,'3126',NULL,NULL,4,NULL,4,1,NULL,NULL,NULL,NULL,NULL,NULL,3126,NULL,NULL,'No'),('3127',1,'Dadri',NULL,'2015-08-04',NULL,NULL,'2015-08-04',NULL,'Ikramuddin','Sahil Saifi',NULL,NULL,'',3127,'','','Rekha Sharma',NULL,NULL,NULL,NULL,NULL,NULL,NULL,NULL,NULL,NULL,3127,'3127',NULL,NULL,12,NULL,39,1,NULL,NULL,NULL,NULL,NULL,NULL,3127,NULL,NULL,'No'),('3128',1,'Dadri',NULL,'2015-08-04',NULL,NULL,'2015-08-04',NULL,'Pawan Garg','Deepanshi Garg',NULL,NULL,'',3128,'','','Chander Mukhi',NULL,NULL,NULL,NULL,NULL,NULL,NULL,NULL,NULL,NULL,3128,'3128',NULL,NULL,12,NULL,39,1,NULL,NULL,NULL,NULL,NULL,NULL,3128,NULL,NULL,'No'),('3129',1,'Chidouli',NULL,'2015-08-04',NULL,NULL,'2015-08-04',NULL,'Dharam Chand','Anushka Pal',NULL,NULL,'',3129,'','','Rajesh Bhati',NULL,NULL,NULL,NULL,NULL,NULL,NULL,NULL,NULL,NULL,3129,'3129',NULL,NULL,11,NULL,21,1,NULL,NULL,NULL,NULL,NULL,NULL,3129,NULL,NULL,'No'),('3130',1,'Chidouli',NULL,'2015-08-04',NULL,NULL,'2015-08-04',NULL,'Dharam Chand','Prachi Pal',NULL,NULL,'',3130,'','','Seema',NULL,NULL,NULL,NULL,NULL,NULL,NULL,NULL,NULL,NULL,3130,'3130',NULL,NULL,5,NULL,7,1,NULL,NULL,NULL,NULL,NULL,NULL,3130,NULL,NULL,'No'),('3131',1,'Chidouli',NULL,'2015-08-04',NULL,NULL,'2015-08-04',NULL,'Daram Chand','Tanu Pal',NULL,NULL,'',3131,'','','Brijesh Verma',NULL,NULL,NULL,NULL,NULL,NULL,NULL,NULL,NULL,NULL,3131,'3131',NULL,NULL,12,NULL,39,1,NULL,NULL,NULL,NULL,NULL,NULL,3131,NULL,NULL,'No'),('3132',1,'Sodopur',NULL,'2015-08-04',NULL,NULL,'2015-08-04',NULL,'Narender Singh','Sagar',NULL,NULL,'',3132,'','','Sarita',NULL,NULL,NULL,NULL,NULL,NULL,NULL,NULL,NULL,NULL,3132,'3132',NULL,NULL,12,NULL,24,1,NULL,NULL,NULL,NULL,NULL,NULL,3132,NULL,NULL,'No'),('3133',1,'Dadri',NULL,'2015-08-04',NULL,NULL,'2015-08-04',NULL,'Jaipal Singh','Sachin',NULL,NULL,'',3133,'','','Brijesh Devi',NULL,NULL,NULL,NULL,NULL,NULL,NULL,NULL,NULL,NULL,3133,'3133',NULL,NULL,12,NULL,39,1,NULL,NULL,NULL,NULL,NULL,NULL,3133,NULL,NULL,'No'),('3134',1,'Crossing Republic Ghaziabad',NULL,'2015-08-04',NULL,NULL,'2015-08-04',NULL,'Dr. Syam Sunder','Tanya',NULL,NULL,'',3134,'','','Sujata Mishra',NULL,NULL,NULL,NULL,NULL,NULL,NULL,NULL,NULL,NULL,3134,'3134',NULL,NULL,4,NULL,4,1,NULL,NULL,NULL,NULL,NULL,NULL,3134,NULL,NULL,'No'),('3135',1,'Sadopur',NULL,'2015-08-04',NULL,NULL,'2015-08-04',NULL,'Tarachand','Vansh',NULL,NULL,'',3135,'','','Kavita',NULL,NULL,NULL,NULL,NULL,NULL,NULL,NULL,NULL,NULL,3135,'3135',NULL,NULL,4,NULL,4,1,NULL,NULL,NULL,NULL,NULL,NULL,3135,NULL,NULL,'No'),('3136',1,'Badalpur',NULL,'2015-08-04',NULL,NULL,'2015-08-04',NULL,'Jagveer','Monu',NULL,NULL,'',3136,'','','Anita',NULL,NULL,NULL,NULL,NULL,NULL,NULL,NULL,NULL,NULL,3136,'3136',NULL,NULL,4,NULL,4,1,NULL,NULL,NULL,NULL,NULL,NULL,3136,NULL,NULL,'No'),('3137',1,'Dairy Machha',NULL,'2015-08-04',NULL,NULL,'2015-08-04',NULL,'Ashok','Kasish',NULL,NULL,'',3137,'','','Sonia',NULL,NULL,NULL,NULL,NULL,NULL,NULL,NULL,NULL,NULL,3137,'3137',NULL,NULL,4,NULL,4,1,NULL,NULL,NULL,NULL,NULL,NULL,3137,NULL,NULL,'No'),('3138',1,'Dadri',NULL,'2015-08-04',NULL,NULL,'2015-08-04',NULL,'Suraj Pal Yadav','Sheizal Yadav',NULL,NULL,'',3138,'','','Geeta Devi',NULL,NULL,NULL,NULL,NULL,NULL,NULL,NULL,NULL,NULL,3138,'3138',NULL,NULL,12,NULL,39,1,NULL,NULL,NULL,NULL,NULL,NULL,3138,NULL,NULL,'No'),('3139',1,'Dujana',NULL,'2015-08-04',NULL,NULL,'2015-08-04',NULL,'Manoj Kumar','Mayank Verma',NULL,NULL,'',3139,'','','Seema',NULL,NULL,NULL,NULL,NULL,NULL,NULL,NULL,NULL,NULL,3139,'3139',NULL,NULL,6,NULL,11,1,NULL,NULL,NULL,NULL,NULL,NULL,3139,NULL,NULL,'No'),('3140',1,'Dujana',NULL,'2015-08-04',NULL,NULL,'2015-08-04',NULL,'Manoj Kumar','Sahil Verma',NULL,NULL,'',3140,'','','Vandana Sharma',NULL,NULL,NULL,NULL,NULL,NULL,NULL,NULL,NULL,NULL,3140,'3140',NULL,NULL,9,NULL,18,1,NULL,NULL,NULL,NULL,NULL,NULL,3140,NULL,NULL,'No'),('3141',1,'Dujana',NULL,'2015-08-04',NULL,NULL,'2015-08-04',NULL,'Manoj Verma','Amrita Verma',NULL,NULL,'',3141,'','','Babita Bhati',NULL,NULL,NULL,NULL,NULL,NULL,NULL,NULL,NULL,NULL,3141,'3141',NULL,NULL,5,NULL,6,1,NULL,NULL,NULL,NULL,NULL,NULL,3141,NULL,NULL,'No'),('3142',1,'Ghaziabad',NULL,'2015-08-04',NULL,NULL,'2015-08-04',NULL,'Ram Kumar Kamat','Rahul Kamat',NULL,NULL,'',3142,'','','Kiran Devi',NULL,NULL,NULL,NULL,NULL,NULL,NULL,NULL,NULL,NULL,3142,'3142',NULL,NULL,12,NULL,39,1,NULL,NULL,NULL,NULL,NULL,NULL,3142,NULL,NULL,'No'),('3143',1,'Bambawar',NULL,'2015-08-04',NULL,NULL,'2015-08-04',NULL,'Surender','Riyansh',NULL,NULL,'',3143,'','','Reena Aggarwal',NULL,NULL,NULL,NULL,NULL,NULL,NULL,NULL,NULL,NULL,3143,'3143',NULL,NULL,4,NULL,4,1,NULL,NULL,NULL,NULL,NULL,NULL,3143,NULL,NULL,'No'),('3144',1,'Sadopur',NULL,'2015-08-04',NULL,NULL,'2015-08-04',NULL,'Veer Singh','Chirag',NULL,NULL,'',3144,'','','Sangeeta',NULL,NULL,NULL,NULL,NULL,NULL,NULL,NULL,NULL,NULL,3144,'3144',NULL,NULL,4,NULL,4,1,NULL,NULL,NULL,NULL,NULL,NULL,3144,NULL,NULL,'No'),('3145',1,'Saini',NULL,'2015-08-04',NULL,NULL,'2015-08-04',NULL,'Bhavinder','Vishal',NULL,NULL,'',3145,'','','Reeta',NULL,NULL,NULL,NULL,NULL,NULL,NULL,NULL,NULL,NULL,3145,'3145',NULL,NULL,4,NULL,4,1,NULL,NULL,NULL,NULL,NULL,NULL,3145,NULL,NULL,'No'),('3146',1,'Dadri',NULL,'2015-08-04',NULL,NULL,'2015-08-04',NULL,'Pankaj Sharma','Aastha',NULL,NULL,'',3146,'','','Neeta Sharma',NULL,NULL,NULL,NULL,NULL,NULL,NULL,NULL,NULL,NULL,3146,'3146',NULL,NULL,12,NULL,39,1,NULL,NULL,NULL,NULL,NULL,NULL,3146,NULL,NULL,'No'),('3147',1,'Khera Dharam Pura',NULL,'2015-08-04',NULL,NULL,'2015-08-04',NULL,'Pawan Mavi','Harsh Mavi',NULL,NULL,'',3147,'','','Sandhya',NULL,NULL,NULL,NULL,NULL,NULL,NULL,NULL,NULL,NULL,3147,'3147',NULL,NULL,5,NULL,7,1,NULL,NULL,NULL,NULL,NULL,NULL,3147,NULL,NULL,'No'),('3148',1,'Khera Dharampura',NULL,'2015-08-04',NULL,NULL,'2015-08-04',NULL,'Prem Mavi','Rimanshu Mavi',NULL,NULL,'',3148,'','','',NULL,NULL,NULL,NULL,NULL,NULL,NULL,NULL,NULL,NULL,3148,'3148',NULL,NULL,11,NULL,22,1,NULL,NULL,NULL,NULL,NULL,NULL,3148,NULL,NULL,'No'),('3149',1,'Jaansiwana',NULL,'2015-08-04',NULL,NULL,'2015-08-04',NULL,'Anil Kumar','Harsh Khari',NULL,NULL,'',3149,'','','Sarita',NULL,NULL,NULL,NULL,NULL,NULL,NULL,NULL,NULL,NULL,3149,'3149',NULL,NULL,4,NULL,4,1,NULL,NULL,NULL,NULL,NULL,NULL,3149,NULL,NULL,'No'),('3150',1,'Jaansiwana',NULL,'2015-08-04',NULL,NULL,'2015-08-04',NULL,'Anil Kumar','Priyanshu Khari',NULL,NULL,'',3150,'','','',NULL,NULL,NULL,NULL,NULL,NULL,NULL,NULL,NULL,NULL,3150,'3150',NULL,NULL,11,NULL,22,1,NULL,NULL,NULL,NULL,NULL,NULL,3150,NULL,NULL,'No'),('3151',1,'Achheja',NULL,'2015-08-04',NULL,NULL,'2015-08-04',NULL,'Jay Bhagwan','Ushwan',NULL,NULL,'',3151,'','','Brijesh Verma',NULL,NULL,NULL,NULL,NULL,NULL,NULL,NULL,NULL,NULL,3151,'3151',NULL,NULL,9,NULL,18,1,NULL,NULL,NULL,NULL,NULL,NULL,3151,NULL,NULL,'No'),('3152',1,'Achheja',NULL,'2015-08-04',NULL,NULL,'2015-08-04',NULL,'Gajender','Harsh Nagar',NULL,NULL,'',3152,'','','Rekha Devi',NULL,NULL,NULL,NULL,NULL,NULL,NULL,NULL,NULL,NULL,3152,'3152',NULL,NULL,4,NULL,4,1,NULL,NULL,NULL,NULL,NULL,NULL,3152,NULL,NULL,'No'),('3153',1,'Sadopur',NULL,'2015-08-04',NULL,NULL,'2015-08-04',NULL,'Ratnesh Kumar','Kundan Kant',NULL,NULL,'',3153,'','','Meenu',NULL,NULL,NULL,NULL,NULL,NULL,NULL,NULL,NULL,NULL,3153,'3153',NULL,NULL,6,NULL,9,1,NULL,NULL,NULL,NULL,NULL,NULL,3153,NULL,NULL,'No'),('3154',1,'Dadri',NULL,'2015-08-04',NULL,NULL,'2015-08-04',NULL,'Shiv Kumar Rana','Kunal Rana',NULL,NULL,'',3154,'','','Geeta Devi',NULL,NULL,NULL,NULL,NULL,NULL,NULL,NULL,NULL,NULL,3154,'3154',NULL,NULL,12,NULL,39,1,NULL,NULL,NULL,NULL,NULL,NULL,3154,NULL,NULL,'No'),('3155',1,'Dairy Machha',NULL,'2015-08-04',NULL,NULL,'2015-08-04',NULL,'Varish Saifi','Amisha Saifi',NULL,NULL,'',3155,'','','Sangeeta',NULL,NULL,NULL,NULL,NULL,NULL,NULL,NULL,NULL,NULL,3155,'3155',NULL,NULL,7,NULL,14,1,NULL,NULL,NULL,NULL,NULL,NULL,3155,NULL,NULL,'No'),('3156',1,'Dadri',NULL,'2015-08-04',NULL,NULL,'2015-08-04',NULL,'Raman Kumar Singh','Sarika Singh',NULL,NULL,'',3156,'','','Sangeeta Singh',NULL,NULL,NULL,NULL,NULL,NULL,NULL,NULL,NULL,NULL,3156,'3156',NULL,NULL,9,NULL,38,1,NULL,NULL,NULL,NULL,NULL,NULL,3156,NULL,NULL,'No'),('3157',1,'Dadri',NULL,'2015-08-04',NULL,NULL,'2015-08-04',NULL,'Raman Kumar Singh','Anurag Kumar Singh',NULL,NULL,'',3157,'','','Gajendri',NULL,NULL,NULL,NULL,NULL,NULL,NULL,NULL,NULL,NULL,3157,'3157',NULL,NULL,6,NULL,10,1,NULL,NULL,NULL,NULL,NULL,NULL,3157,NULL,NULL,'No'),('3158',1,'Bisnouli',NULL,'2015-08-04',NULL,NULL,'2015-08-04',NULL,'Ravinder Bhati','Preet Bhati',NULL,NULL,'',3158,'','','Anita Nagar',NULL,NULL,NULL,NULL,NULL,NULL,NULL,NULL,NULL,NULL,3158,'3158',NULL,NULL,4,NULL,4,1,NULL,NULL,NULL,NULL,NULL,NULL,3158,NULL,NULL,'No'),('3159',1,'Dadri',NULL,'2015-08-04',NULL,NULL,'2015-08-04',NULL,'Kunwarpal','Arun Kumar',NULL,NULL,'',3159,'','','Preeti Singhal',NULL,NULL,NULL,NULL,NULL,NULL,NULL,NULL,NULL,NULL,3159,'3159',NULL,NULL,14,NULL,27,1,NULL,NULL,NULL,NULL,NULL,NULL,3159,NULL,NULL,'No'),('3160',1,'Dadri',NULL,'2015-08-04',NULL,NULL,'2015-08-04',NULL,'Virendra Singh','Harsh Pratap Singh',NULL,NULL,'',3160,'','','Ramvati Devi',NULL,NULL,NULL,NULL,NULL,NULL,NULL,NULL,NULL,NULL,3160,'3160',NULL,NULL,12,NULL,39,1,NULL,NULL,NULL,NULL,NULL,NULL,3160,NULL,NULL,'No'),('3161',1,'Afs',NULL,'2015-08-04',NULL,NULL,'2015-08-04',NULL,'S.k Mishra','Kaustubh Mishra',NULL,NULL,'',3161,'','','Anita Nagar',NULL,NULL,NULL,NULL,NULL,NULL,NULL,NULL,NULL,NULL,3161,'3161',NULL,NULL,4,NULL,4,1,NULL,NULL,NULL,NULL,NULL,NULL,3161,NULL,NULL,'No'),('3162',1,'Badalpur',NULL,'2015-08-04',NULL,NULL,'2015-08-04',NULL,'Anil','Mahi',NULL,NULL,'',3162,'','','Shobha Rani',NULL,NULL,NULL,NULL,NULL,NULL,NULL,NULL,NULL,NULL,3162,'3162',NULL,NULL,4,NULL,4,1,NULL,NULL,NULL,NULL,NULL,NULL,3162,NULL,NULL,'No'),('3163',1,'Badalpur',NULL,'2015-08-04',NULL,NULL,'2015-08-04',NULL,'Sunil','Rishabh',NULL,NULL,'',3163,'','','Reena Tomar',NULL,NULL,NULL,NULL,NULL,NULL,NULL,NULL,NULL,NULL,3163,'3163',NULL,NULL,4,NULL,4,1,NULL,NULL,NULL,NULL,NULL,NULL,3163,NULL,NULL,'No'),('3164',1,'Dairy Machha',NULL,'2015-08-04',NULL,NULL,'2015-08-04',NULL,'Avdesh','Bhashkar',NULL,NULL,'',3164,'','','Anjali Nagar',NULL,NULL,NULL,NULL,NULL,NULL,NULL,NULL,NULL,NULL,3164,'3164',NULL,NULL,4,NULL,4,1,NULL,NULL,NULL,NULL,NULL,NULL,3164,NULL,NULL,'No'),('3165',1,'Sadullapur',NULL,'2015-08-04',NULL,NULL,'2015-08-04',NULL,'Sancer Nagar','Rohit Nagar',NULL,NULL,'',3165,'','','Kusum Arya',NULL,NULL,NULL,NULL,NULL,NULL,NULL,NULL,NULL,NULL,3165,'3165',NULL,NULL,15,NULL,28,1,NULL,NULL,NULL,NULL,NULL,NULL,3165,NULL,NULL,'No'),('3166',1,'Bambawar',NULL,'2015-08-04',NULL,NULL,'2015-08-04',NULL,'Mahendra Arya','Kapil Arya',NULL,NULL,'',3166,'','','Renu Sharma',NULL,NULL,NULL,NULL,NULL,NULL,NULL,NULL,NULL,NULL,3166,'3166',NULL,NULL,15,NULL,28,1,NULL,NULL,NULL,NULL,NULL,NULL,3166,NULL,NULL,'No'),('3167',1,'Dadri',NULL,'2015-08-04',NULL,NULL,'2015-08-04',NULL,'Dalip Singh','Ashish Mohan Singh',NULL,NULL,'',3167,'','','Seema Singh',NULL,NULL,NULL,NULL,NULL,NULL,NULL,NULL,NULL,NULL,3167,'3167',NULL,NULL,12,NULL,25,1,NULL,NULL,NULL,NULL,NULL,NULL,3167,NULL,NULL,'No'),('3168',1,'Bambawar',NULL,'2015-08-04',NULL,NULL,'2015-08-04',NULL,'Ashok Arya','Rahul Arya',NULL,NULL,'',3168,'','','Krishna Thakur',NULL,NULL,NULL,NULL,NULL,NULL,NULL,NULL,NULL,NULL,3168,'3168',NULL,NULL,12,NULL,39,1,NULL,NULL,NULL,NULL,NULL,NULL,3168,NULL,NULL,'No'),('3169',1,'Sadopur',NULL,'2015-08-04',NULL,NULL,'2015-08-04',NULL,'Deepak Aggarwal','Tanvi',NULL,NULL,'',3169,'','','Omvati',NULL,NULL,NULL,NULL,NULL,NULL,NULL,NULL,NULL,NULL,3169,'3169',NULL,NULL,4,NULL,4,1,NULL,NULL,NULL,NULL,NULL,NULL,3169,NULL,NULL,'No'),('3170',1,'Sadopur',NULL,'2015-08-04',NULL,NULL,'2015-08-04',NULL,'Udayveer','Dev Baisoya',NULL,NULL,'',3170,'','','Santosh',NULL,NULL,NULL,NULL,NULL,NULL,NULL,NULL,NULL,NULL,3170,'3170',NULL,NULL,7,NULL,14,1,NULL,NULL,NULL,NULL,NULL,NULL,3170,NULL,NULL,'No'),('3171',1,'Sadopur',NULL,'2015-08-04',NULL,NULL,'2015-08-04',NULL,'Pramod Sharma','Abhishek Sharma',NULL,NULL,'',3171,'','','Daya Wati',NULL,NULL,NULL,NULL,NULL,NULL,NULL,NULL,NULL,NULL,3171,'3171',NULL,NULL,15,NULL,28,1,NULL,NULL,NULL,NULL,NULL,NULL,3171,NULL,NULL,'No'),('3172',1,'Dadri',NULL,'2015-08-04',NULL,NULL,'2015-08-04',NULL,'Devendra Ruhela','Anurag Ruhela',NULL,NULL,'',3172,'','','Poonam Sharma',NULL,NULL,NULL,NULL,NULL,NULL,NULL,NULL,NULL,NULL,3172,'3172',NULL,NULL,14,NULL,27,1,NULL,NULL,NULL,NULL,NULL,NULL,3172,NULL,NULL,'No'),('3173',1,'Saini',NULL,'2015-08-04',NULL,NULL,'2015-08-04',NULL,'Nijender','Ishant Nagar',NULL,NULL,'',3173,'','','Poonam Rawal',NULL,NULL,NULL,NULL,NULL,NULL,NULL,NULL,NULL,NULL,3173,'3173',NULL,NULL,4,NULL,4,1,NULL,NULL,NULL,NULL,NULL,NULL,3173,NULL,NULL,'No'),('3174',1,'Saini',NULL,'2015-08-04',NULL,NULL,'2015-08-04',NULL,'Narender Nagar','Dev Nagar',NULL,NULL,'',3174,'','','Shika Shrivastav',NULL,NULL,NULL,NULL,NULL,NULL,NULL,NULL,NULL,NULL,3174,'3174',NULL,NULL,4,NULL,4,1,NULL,NULL,NULL,NULL,NULL,NULL,3174,NULL,NULL,'No'),('3175',1,'Dadri',NULL,'2015-08-04',NULL,NULL,'2015-08-04',NULL,'Neeraj Singhal','Ruchika Singhal',NULL,NULL,'',3175,'','','Pushpa Garg',NULL,NULL,NULL,NULL,NULL,NULL,NULL,NULL,NULL,NULL,3175,'3175',NULL,NULL,17,NULL,31,1,NULL,NULL,NULL,NULL,NULL,NULL,3175,NULL,NULL,'No'),('3176',1,'Dadri',NULL,'2015-08-04',NULL,NULL,'2015-08-04',NULL,'Neeraj Singhal','Nitin Singhal',NULL,NULL,'',3176,'','','Sangeeta Yadav',NULL,NULL,NULL,NULL,NULL,NULL,NULL,NULL,NULL,NULL,3176,'3176',NULL,NULL,14,NULL,27,1,NULL,NULL,NULL,NULL,NULL,NULL,3176,NULL,NULL,'No'),('3177',1,'Dairy Machha',NULL,'2015-08-04',NULL,NULL,'2015-08-04',NULL,'Virendra','Sunny',NULL,NULL,'',3177,'','','Anjali Nagar',NULL,NULL,NULL,NULL,NULL,NULL,NULL,NULL,NULL,NULL,3177,'3177',NULL,NULL,4,NULL,4,1,NULL,NULL,NULL,NULL,NULL,NULL,3177,NULL,NULL,'No'),('3178',1,'Bisnouli',NULL,'2015-08-04',NULL,NULL,'2015-08-04',NULL,'Anil Kumar Sharma','Vipul Sharma',NULL,NULL,'',3178,'','','Mithlesh Devi',NULL,NULL,NULL,NULL,NULL,NULL,NULL,NULL,NULL,NULL,3178,'3178',NULL,NULL,9,NULL,18,1,NULL,NULL,NULL,NULL,NULL,NULL,3178,NULL,NULL,'No'),('3179',1,'Jaansiwana',NULL,'2015-08-04',NULL,NULL,'2015-08-04',NULL,'Deepak Kumar','Dil Gola',NULL,NULL,'',3179,'','','Dinesh Nagar',NULL,NULL,NULL,NULL,NULL,NULL,NULL,NULL,NULL,NULL,3179,'3179',NULL,NULL,6,NULL,9,1,NULL,NULL,NULL,NULL,NULL,NULL,3179,NULL,NULL,'No'),('3180',1,'Dadri',NULL,'2015-08-04',NULL,NULL,'2015-08-04',NULL,'Narendra Singh Tomer','Shashank Tomer',NULL,NULL,'',3180,'','','Nasreen',NULL,NULL,NULL,NULL,NULL,NULL,NULL,NULL,NULL,NULL,3180,'3180',NULL,NULL,12,NULL,39,1,NULL,NULL,NULL,NULL,NULL,NULL,3180,NULL,NULL,'No'),('3181',1,'Dadri',NULL,'2015-08-04',NULL,NULL,'2015-08-04',NULL,'Deepak Garg','Akshay Garg',NULL,NULL,'',3181,'','','Asha',NULL,NULL,NULL,NULL,NULL,NULL,NULL,NULL,NULL,NULL,3181,'3181',NULL,NULL,7,NULL,14,1,NULL,NULL,NULL,NULL,NULL,NULL,3181,NULL,NULL,'No'),('3182',1,'Hathi Pur Khera',NULL,'2015-08-04',NULL,NULL,'2015-08-04',NULL,'Om Prakash Sharma','Ranjan Kumar',NULL,NULL,'',3182,'','','Sunita',NULL,NULL,NULL,NULL,NULL,NULL,NULL,NULL,NULL,NULL,3182,'3182',NULL,NULL,8,NULL,15,1,NULL,NULL,NULL,NULL,NULL,NULL,3182,NULL,NULL,'No'),('3183',1,'Upralshi',NULL,'2015-08-04',NULL,NULL,'2015-08-04',NULL,'Ombeer Sharma','Manish Sharma',NULL,NULL,'',3183,'','','Sangeeta',NULL,NULL,NULL,NULL,NULL,NULL,NULL,NULL,NULL,NULL,3183,'3183',NULL,NULL,14,NULL,27,1,NULL,NULL,NULL,NULL,NULL,NULL,3183,NULL,NULL,'No'),('3184',1,'Dadri',NULL,'2015-08-04',NULL,NULL,'2015-08-04',NULL,'Raju Sharma','Shubham Sharma',NULL,NULL,'',3184,'','','Khushboo Devi',NULL,NULL,NULL,NULL,NULL,NULL,NULL,NULL,NULL,NULL,3184,'3184',NULL,NULL,12,NULL,39,1,NULL,NULL,NULL,NULL,NULL,NULL,3184,NULL,NULL,'No'),('3185',1,'Dadri',NULL,'2015-08-04',NULL,NULL,'2015-08-04',NULL,'Shakil Ahmad','Khushnuma',NULL,NULL,'',3185,'','','Rubina',NULL,NULL,NULL,NULL,NULL,NULL,NULL,NULL,NULL,NULL,3185,'3185',NULL,NULL,9,NULL,38,1,NULL,NULL,NULL,NULL,NULL,NULL,3185,NULL,NULL,'No'),('3186',1,'Sadopur',NULL,'2015-08-04',NULL,NULL,'2015-08-04',NULL,'Arun Kumar','Aryan',NULL,NULL,'',3186,'','','Sonam Sharma',NULL,NULL,NULL,NULL,NULL,NULL,NULL,NULL,NULL,NULL,3186,'3186',NULL,NULL,4,NULL,4,1,NULL,NULL,NULL,NULL,NULL,NULL,3186,NULL,NULL,'No'),('3187',1,'Dujana',NULL,'2015-08-04',NULL,NULL,'2015-08-04',NULL,'Jitender Nagar','Tanishka Nagar',NULL,NULL,'',3187,'','','Munesh',NULL,NULL,NULL,NULL,NULL,NULL,NULL,NULL,NULL,NULL,3187,'3187',NULL,NULL,7,NULL,13,1,NULL,NULL,NULL,NULL,NULL,NULL,3187,NULL,NULL,'No'),('3188',1,'Dadri',NULL,'2015-08-04',NULL,NULL,'2015-08-04',NULL,'Raj Kumar Garg','Muskan Garg',NULL,NULL,'',3188,'','','Rakhi Devi',NULL,NULL,NULL,NULL,NULL,NULL,NULL,NULL,NULL,NULL,3188,'3188',NULL,NULL,17,NULL,31,1,NULL,NULL,NULL,NULL,NULL,NULL,3188,NULL,NULL,'No'),('3189',1,'Chithera',NULL,'2015-08-04',NULL,NULL,'2015-08-04',NULL,'Amit Bhati','Mayank Bhati',NULL,NULL,'',3189,'','','Babli Devi',NULL,NULL,NULL,NULL,NULL,NULL,NULL,NULL,NULL,NULL,3189,'3189',NULL,NULL,5,NULL,6,1,NULL,NULL,NULL,NULL,NULL,NULL,3189,NULL,NULL,'No'),('3191',1,'Dadri',NULL,'2015-08-04',NULL,NULL,'2015-08-04',NULL,'Raju Verma','Vikas Soni',NULL,NULL,'',3191,'','','Shakuntala',NULL,NULL,NULL,NULL,NULL,NULL,NULL,NULL,NULL,NULL,3191,'3191',NULL,NULL,12,NULL,39,1,NULL,NULL,NULL,NULL,NULL,NULL,3191,NULL,NULL,'No'),('3192',1,'Dadri',NULL,'2015-08-04',NULL,NULL,'2015-08-04',NULL,'Pramod Verma','Vishal Soni',NULL,NULL,'',3192,'','','Chanderwati Devi',NULL,NULL,NULL,NULL,NULL,NULL,NULL,NULL,NULL,NULL,3192,'3192',NULL,NULL,9,NULL,18,1,NULL,NULL,NULL,NULL,NULL,NULL,3192,NULL,NULL,'No'),('3193',1,'Dadri',NULL,'2015-08-04',NULL,NULL,'2015-08-04',NULL,'Promod Verma','Deepika Soni',NULL,NULL,'',3193,'','','Chanderwati Devi',NULL,NULL,NULL,NULL,NULL,NULL,NULL,NULL,NULL,NULL,3193,'3193',NULL,NULL,12,NULL,39,1,NULL,NULL,NULL,NULL,NULL,NULL,3193,NULL,NULL,'No'),('3194',1,'Achheja',NULL,'2015-08-04',NULL,NULL,'2015-08-04',NULL,'Bijendra Singh','Prince Nagar',NULL,NULL,'',3194,'','','Manju Devi',NULL,NULL,NULL,NULL,NULL,NULL,NULL,NULL,NULL,NULL,3194,'3194',NULL,NULL,12,NULL,39,1,NULL,NULL,NULL,NULL,NULL,NULL,3194,NULL,NULL,'No'),('3195',1,'Dujana',NULL,'2015-08-04',NULL,NULL,'2015-08-04',NULL,'Sunil Kumar','Sneh',NULL,NULL,'',3195,'','','Reeta',NULL,NULL,NULL,NULL,NULL,NULL,NULL,NULL,NULL,NULL,3195,'3195',NULL,NULL,4,NULL,4,1,NULL,NULL,NULL,NULL,NULL,NULL,3195,NULL,NULL,'No'),('3196',1,'Dujana',NULL,'2015-08-04',NULL,NULL,'2015-08-04',NULL,'Sunil Kumar','Sneha',NULL,NULL,'',3196,'','','Sonia',NULL,NULL,NULL,NULL,NULL,NULL,NULL,NULL,NULL,NULL,3196,'3196',NULL,NULL,4,NULL,4,1,NULL,NULL,NULL,NULL,NULL,NULL,3196,NULL,NULL,'No'),('3197',1,'Dujana',NULL,'2015-08-04',NULL,NULL,'2015-08-04',NULL,'Sanjay Singh','Sunny Singh',NULL,NULL,'',3197,'','','Pooja Devi',NULL,NULL,NULL,NULL,NULL,NULL,NULL,NULL,NULL,NULL,3197,'3197',NULL,NULL,12,NULL,39,1,NULL,NULL,NULL,NULL,NULL,NULL,3197,NULL,NULL,'No'),('3198',1,'Mansarover Park Gzb',NULL,'2015-08-04',NULL,NULL,'2015-08-04',NULL,'Rajeev Nagar','Harsh Nagar',NULL,NULL,'',3198,'','','',NULL,NULL,NULL,NULL,NULL,NULL,NULL,NULL,NULL,NULL,3198,'3198',NULL,NULL,12,NULL,24,1,NULL,NULL,NULL,NULL,NULL,NULL,3198,NULL,NULL,'No'),('3200',1,'Jaansiwana',NULL,'2015-08-04',NULL,NULL,'2015-08-04',NULL,'Anil Kumar','Kasish Khari',NULL,NULL,'',3200,'','','',NULL,NULL,NULL,NULL,NULL,NULL,NULL,NULL,NULL,NULL,3200,'3200',NULL,NULL,9,NULL,18,1,NULL,NULL,NULL,NULL,NULL,NULL,3200,NULL,NULL,'No'),('3201',1,'Dadri',NULL,'2015-08-04',NULL,NULL,'2015-08-04',NULL,'Praveen Chand','Prajjawal Chand',NULL,NULL,'',3201,'','','Beerwati Nagar',NULL,NULL,NULL,NULL,NULL,NULL,NULL,NULL,NULL,NULL,3201,'3201',NULL,NULL,12,NULL,39,1,NULL,NULL,NULL,NULL,NULL,NULL,3201,NULL,NULL,'No'),('3202',1,'Sadopur',NULL,'2015-08-04',NULL,NULL,'2015-08-04',NULL,'Mahesh Chand Sharma','Yash Kumar',NULL,NULL,'',3202,'','','Subhadra Pathak',NULL,NULL,NULL,NULL,NULL,NULL,NULL,NULL,NULL,NULL,3202,'3202',NULL,NULL,15,NULL,28,1,NULL,NULL,NULL,NULL,NULL,NULL,3202,NULL,NULL,'No'),('3203',1,'Hathipur Khera',NULL,'2015-08-04',NULL,NULL,'2015-08-04',NULL,'Arvind Kumar Singh','Vishwachi Singh',NULL,NULL,'',3203,'','','Rina Singh',NULL,NULL,NULL,NULL,NULL,NULL,NULL,NULL,NULL,NULL,3203,'3203',NULL,NULL,9,NULL,38,1,NULL,NULL,NULL,NULL,NULL,NULL,3203,NULL,NULL,'No'),('3204',1,'Achheja',NULL,'2015-08-04',NULL,NULL,'2015-08-04',NULL,'Rakesh Nagar','Ankit Nagar',NULL,NULL,'',3204,'','','Kavita',NULL,NULL,NULL,NULL,NULL,NULL,NULL,NULL,NULL,NULL,3204,'3204',NULL,NULL,10,NULL,20,1,NULL,NULL,NULL,NULL,NULL,NULL,3204,NULL,NULL,'No'),('3205',1,'Dadri',NULL,'2015-08-04',NULL,NULL,'2015-08-04',NULL,'Pradeep Sharma','Shivam Sharma',NULL,NULL,'',3205,'','','Chander Wati',NULL,NULL,NULL,NULL,NULL,NULL,NULL,NULL,NULL,NULL,3205,'3205',NULL,NULL,12,NULL,39,1,NULL,NULL,NULL,NULL,NULL,NULL,3205,NULL,NULL,'No'),('3206',1,'Dujana',NULL,'2015-08-04',NULL,NULL,'2015-08-04',NULL,'Sanjay Nagar','Nitin Nagar',NULL,NULL,'',3206,'','','Satlesh Devi',NULL,NULL,NULL,NULL,NULL,NULL,NULL,NULL,NULL,NULL,3206,'3206',NULL,NULL,12,NULL,39,1,NULL,NULL,NULL,NULL,NULL,NULL,3206,NULL,NULL,'No'),('3207',1,'Dadri',NULL,'2015-08-04',NULL,NULL,'2015-08-04',NULL,'Omvir Choudhary','Vishnu Choudhary',NULL,NULL,'',3207,'','','Usha Mishra',NULL,NULL,NULL,NULL,NULL,NULL,NULL,NULL,NULL,NULL,3207,'3207',NULL,NULL,12,NULL,39,1,NULL,NULL,NULL,NULL,NULL,NULL,3207,NULL,NULL,'No'),('3208',1,'Lal Kaun',NULL,'2015-08-04',NULL,NULL,'2015-08-04',NULL,'Sunil Kumar','Abhishek Choudhary',NULL,NULL,'',3208,'','','Rajni Sharma',NULL,NULL,NULL,NULL,NULL,NULL,NULL,NULL,NULL,NULL,3208,'3208',NULL,NULL,17,NULL,31,1,NULL,NULL,NULL,NULL,NULL,NULL,3208,NULL,NULL,'No'),('3209',1,'Lal Kaun',NULL,'2015-08-04',NULL,NULL,'2015-08-04',NULL,'Subhash Thakur','Dishu Thakur',NULL,NULL,'',3209,'','','',NULL,NULL,NULL,NULL,NULL,NULL,NULL,NULL,NULL,NULL,3209,'3209',NULL,NULL,12,NULL,39,1,NULL,NULL,NULL,NULL,NULL,NULL,3209,NULL,NULL,'No'),('321',1,'Dairy MAccha',NULL,'2015-08-04',NULL,NULL,'2015-08-04',NULL,'Naresh Sharma','Manik Sharma',NULL,NULL,'',321,'','','Meenu Sharma',NULL,NULL,NULL,NULL,NULL,NULL,NULL,NULL,NULL,NULL,321,'321',NULL,NULL,13,NULL,40,1,NULL,NULL,NULL,NULL,NULL,NULL,321,NULL,NULL,'No'),('3210',1,'Dairy Machha',NULL,'2015-08-04',NULL,NULL,'2015-08-04',NULL,'Rohtash Payla','Anuj Payla',NULL,NULL,'',3210,'','','Geeta',NULL,NULL,NULL,NULL,NULL,NULL,NULL,NULL,NULL,NULL,3210,'3210',NULL,NULL,8,NULL,15,1,NULL,NULL,NULL,NULL,NULL,NULL,3210,NULL,NULL,'No'),('3211',1,'Chaprulla',NULL,'2015-08-04',NULL,NULL,'2015-08-04',NULL,'Dinesh Kumar Pathak','Aazad Pathak',NULL,NULL,'',3211,'','','Manju Garg',NULL,NULL,NULL,NULL,NULL,NULL,NULL,NULL,NULL,NULL,3211,'3211',NULL,NULL,15,NULL,28,1,NULL,NULL,NULL,NULL,NULL,NULL,3211,NULL,NULL,'No'),('3212',1,'Dadri',NULL,'2015-08-04',NULL,NULL,'2015-08-04',NULL,'Salim Khan','Pravez Khan',NULL,NULL,'',3212,'','','',NULL,NULL,NULL,NULL,NULL,NULL,NULL,NULL,NULL,NULL,3212,'3212',NULL,NULL,12,NULL,39,1,NULL,NULL,NULL,NULL,NULL,NULL,3212,NULL,NULL,'No'),('3218',1,'Dadri',NULL,'2015-08-04',NULL,NULL,'2015-08-04',NULL,'Hem Chand Sharma','Kajal Sharma',NULL,NULL,'',3218,'','','Suman',NULL,NULL,NULL,NULL,NULL,NULL,NULL,NULL,NULL,NULL,3218,'3218',NULL,NULL,17,NULL,31,1,NULL,NULL,NULL,NULL,NULL,NULL,3218,NULL,NULL,'No'),('3219',1,'Lal Kaun',NULL,'2015-08-04',NULL,NULL,'2015-08-04',NULL,'Sushil Kumar','Priyanshu Chauhan',NULL,NULL,'',3219,'','','Urmila Devi',NULL,NULL,NULL,NULL,NULL,NULL,NULL,NULL,NULL,NULL,3219,'3219',NULL,NULL,17,NULL,31,1,NULL,NULL,NULL,NULL,NULL,NULL,3219,NULL,NULL,'No'),('3220',1,'Dadri',NULL,'2015-08-04',NULL,NULL,'2015-08-04',NULL,'Jaspal Singh','Vineet Rana',NULL,NULL,'',3220,'','','',NULL,NULL,NULL,NULL,NULL,NULL,NULL,NULL,NULL,NULL,3220,'3220',NULL,NULL,12,NULL,39,1,NULL,NULL,NULL,NULL,NULL,NULL,3220,NULL,NULL,'No'),('3221',1,'Chhidoli',NULL,'2015-08-04',NULL,NULL,'2015-08-04',NULL,'Jaipal','Usha Pal',NULL,NULL,'',3221,'','','',NULL,NULL,NULL,NULL,NULL,NULL,NULL,NULL,NULL,NULL,3221,'3221',NULL,NULL,12,NULL,39,1,NULL,NULL,NULL,NULL,NULL,NULL,3221,NULL,NULL,'No'),('3222',1,'Kachhera',NULL,'2015-08-04',NULL,NULL,'2015-08-04',NULL,'Bhumesh Nagar','Anshul Nagar',NULL,NULL,'',3222,'','','Beena',NULL,NULL,NULL,NULL,NULL,NULL,NULL,NULL,NULL,NULL,3222,'3222',NULL,NULL,17,NULL,31,1,NULL,NULL,NULL,NULL,NULL,NULL,3222,NULL,NULL,'No'),('3223',1,'Dadri',NULL,'2015-08-04',NULL,NULL,'2015-08-04',NULL,'Satish Kumar','Tushar',NULL,NULL,'',3223,'','','Anuradha',NULL,NULL,NULL,NULL,NULL,NULL,NULL,NULL,NULL,NULL,3223,'3223',NULL,NULL,15,NULL,32,1,NULL,NULL,NULL,NULL,NULL,NULL,3223,NULL,NULL,'No'),('3224',1,'Dadri',NULL,'2015-08-04',NULL,NULL,'2015-08-04',NULL,'Aash Mohd.','Asif Saifi',NULL,NULL,'',3224,'','','Anita Chauhan',NULL,NULL,NULL,NULL,NULL,NULL,NULL,NULL,NULL,NULL,3224,'3224',NULL,NULL,10,NULL,20,1,NULL,NULL,NULL,NULL,NULL,NULL,3224,NULL,NULL,'No'),('3225',1,'Dadri',NULL,'2015-08-04',NULL,NULL,'2015-08-04',NULL,'Yatender Nagar','Golu Nagar',NULL,NULL,'',3225,'','','',NULL,NULL,NULL,NULL,NULL,NULL,NULL,NULL,NULL,NULL,3225,'3225',NULL,NULL,12,NULL,39,1,NULL,NULL,NULL,NULL,NULL,NULL,3225,NULL,NULL,'No'),('3226',1,'Dadri',NULL,'2015-08-04',NULL,NULL,'2015-08-04',NULL,'Yatender Nagar','Anshul Nagar',NULL,NULL,'',3226,'','','',NULL,NULL,NULL,NULL,NULL,NULL,NULL,NULL,NULL,NULL,3226,'3226',NULL,NULL,9,NULL,18,1,NULL,NULL,NULL,NULL,NULL,NULL,3226,NULL,NULL,'No'),('3227',1,'Dadri',NULL,'2015-08-04',NULL,NULL,'2015-08-04',NULL,'Aash Mohd.','Rihan Saifi',NULL,NULL,'',3227,'','','Bhawna',NULL,NULL,NULL,NULL,NULL,NULL,NULL,NULL,NULL,NULL,3227,'3227',NULL,NULL,5,NULL,7,1,NULL,NULL,NULL,NULL,NULL,NULL,3227,NULL,NULL,'No'),('3229',1,'Badalpur',NULL,'2015-08-04',NULL,NULL,'2015-08-04',NULL,'Chander Prakash','Vijay Arya',NULL,NULL,'',3229,'','','',NULL,NULL,NULL,NULL,NULL,NULL,NULL,NULL,NULL,NULL,3229,'3229',NULL,NULL,12,NULL,39,1,NULL,NULL,NULL,NULL,NULL,NULL,3229,NULL,NULL,'No'),('3230',1,'Achheja',NULL,'2015-08-04',NULL,NULL,'2015-08-04',NULL,'Satendra','Nisha Nagar',NULL,NULL,'',3230,'','','Nirmala Devi',NULL,NULL,NULL,NULL,NULL,NULL,NULL,NULL,NULL,NULL,3230,'3230',NULL,NULL,10,NULL,20,1,NULL,NULL,NULL,NULL,NULL,NULL,3230,NULL,NULL,'No'),('3231',1,'Achheja',NULL,'2015-08-04',NULL,NULL,'2015-08-04',NULL,'Satendra','Priyansh Nagar',NULL,NULL,'',3231,'','','Manju',NULL,NULL,NULL,NULL,NULL,NULL,NULL,NULL,NULL,NULL,3231,'3231',NULL,NULL,7,NULL,14,1,NULL,NULL,NULL,NULL,NULL,NULL,3231,NULL,NULL,'No'),('3232',1,'Dadri',NULL,'2015-08-04',NULL,NULL,'2015-08-04',NULL,'Devendra Yadav','Divya Yadav',NULL,NULL,'',3232,'','','Kamlesh',NULL,NULL,NULL,NULL,NULL,NULL,NULL,NULL,NULL,NULL,3232,'3232',NULL,NULL,14,NULL,27,1,NULL,NULL,NULL,NULL,NULL,NULL,3232,NULL,NULL,'No'),('3234',1,'Dadri',NULL,'2015-08-04',NULL,NULL,'2015-08-04',NULL,'Devendra Yadav','Deepam Yadav',NULL,NULL,'',3234,'','','Sangeeta Yadav',NULL,NULL,NULL,NULL,NULL,NULL,NULL,NULL,NULL,NULL,3234,'3234',NULL,NULL,20,NULL,36,1,NULL,NULL,NULL,NULL,NULL,NULL,3234,NULL,NULL,'No'),('3235',1,'Dadri',NULL,'2015-08-04',NULL,NULL,'2015-08-04',NULL,'Raj Kumar','Harsh Garg',NULL,NULL,'',3235,'','','Rajni Devi',NULL,NULL,NULL,NULL,NULL,NULL,NULL,NULL,NULL,NULL,3235,'3235',NULL,NULL,15,NULL,28,1,NULL,NULL,NULL,NULL,NULL,NULL,3235,NULL,NULL,'No'),('3236',1,'Chaprulla Shri Ram Enclave',NULL,'2015-08-04',NULL,NULL,'2015-08-04',NULL,'Ramchander Sahu','Om Narayan Sahu',NULL,NULL,'',3236,'','','',NULL,NULL,NULL,NULL,NULL,NULL,NULL,NULL,NULL,NULL,3236,'3236',NULL,NULL,12,NULL,39,1,NULL,NULL,NULL,NULL,NULL,NULL,3236,NULL,NULL,'No'),('3237',1,'Chaprulla Near Rrliance Petrol Pump',NULL,'2015-08-04',NULL,NULL,'2015-08-04',NULL,'Kunwar Pal Singh','Prince Kumar',NULL,NULL,'',3237,'','','Madhu Sharma',NULL,NULL,NULL,NULL,NULL,NULL,NULL,NULL,NULL,NULL,3237,'3237',NULL,NULL,15,NULL,28,1,NULL,NULL,NULL,NULL,NULL,NULL,3237,NULL,NULL,'No'),('3238',1,'Dadri',NULL,'2015-08-04',NULL,NULL,'2015-08-04',NULL,'Sanjay Sharma','Vidhi Sharma',NULL,NULL,'',3238,'','','Rekha Devi',NULL,NULL,NULL,NULL,NULL,NULL,NULL,NULL,NULL,NULL,3238,'3238',NULL,NULL,15,NULL,28,1,NULL,NULL,NULL,NULL,NULL,NULL,3238,NULL,NULL,'No'),('3239',1,'Hathipur Khera',NULL,'2015-08-04',NULL,NULL,'2015-08-04',NULL,'Satveer Nagar','Abhishek Nagar',NULL,NULL,'',3239,'','','',NULL,NULL,NULL,NULL,NULL,NULL,NULL,NULL,NULL,NULL,3239,'3239',NULL,NULL,12,NULL,39,1,NULL,NULL,NULL,NULL,NULL,NULL,3239,NULL,NULL,'No'),('3241',1,'Dadri',NULL,'2015-08-04',NULL,NULL,'2015-08-04',NULL,'Manoj Kumar','Lakshya Goswami',NULL,NULL,'',3241,'','','Chandrawatipal',NULL,NULL,NULL,NULL,NULL,NULL,NULL,NULL,NULL,NULL,3241,'3241',NULL,NULL,14,NULL,27,1,NULL,NULL,NULL,NULL,NULL,NULL,3241,NULL,NULL,'No'),('3242',1,'Shadipur Chidoli',NULL,'2015-08-04',NULL,NULL,'2015-08-04',NULL,'Ballu','Mohd. Ahsan',NULL,NULL,'',3242,'','','',NULL,NULL,NULL,NULL,NULL,NULL,NULL,NULL,NULL,NULL,3242,'3242',NULL,NULL,11,NULL,21,1,NULL,NULL,NULL,NULL,NULL,NULL,3242,NULL,NULL,'No'),('3243',1,'Sadopur',NULL,'2015-08-04',NULL,NULL,'2015-08-04',NULL,'Harinder Sg. Baisoya','Kartik Baisoya',NULL,NULL,'',3243,'','','Babita',NULL,NULL,NULL,NULL,NULL,NULL,NULL,NULL,NULL,NULL,3243,'3243',NULL,NULL,9,NULL,38,1,NULL,NULL,NULL,NULL,NULL,NULL,3243,NULL,NULL,'No'),('3244',1,'Dadri',NULL,'2015-08-04',NULL,NULL,'2015-08-04',NULL,'Munesh','Vishal',NULL,NULL,'',3244,'','','Usha Sharma',NULL,NULL,NULL,NULL,NULL,NULL,NULL,NULL,NULL,NULL,3244,'3244',NULL,NULL,17,NULL,31,1,NULL,NULL,NULL,NULL,NULL,NULL,3244,NULL,NULL,'No'),('3245',1,'Lal Kaun',NULL,'2015-08-04',NULL,NULL,'2015-08-04',NULL,'Vinod Kumar','Lalit Kumar',NULL,NULL,'',3245,'','','Sushma Devi',NULL,NULL,NULL,NULL,NULL,NULL,NULL,NULL,NULL,NULL,3245,'3245',NULL,NULL,15,NULL,28,1,NULL,NULL,NULL,NULL,NULL,NULL,3245,NULL,NULL,'No'),('3246',1,'Lal Kaun',NULL,'2015-08-04',NULL,NULL,'2015-08-04',NULL,'Sidh Nath Pal','Neeraj Kumar Pal',NULL,NULL,'',3246,'','','Kaila Devi',NULL,NULL,NULL,NULL,NULL,NULL,NULL,NULL,NULL,NULL,3246,'3246',NULL,NULL,15,NULL,28,1,NULL,NULL,NULL,NULL,NULL,NULL,3246,NULL,NULL,'No'),('3247',1,'Chaprolla',NULL,'2015-08-04',NULL,NULL,'2015-08-04',NULL,'Omprakash Sharma','Hariom Sharma',NULL,NULL,'',3247,'','','Rekha',NULL,NULL,NULL,NULL,NULL,NULL,NULL,NULL,NULL,NULL,3247,'3247',NULL,NULL,17,NULL,31,1,NULL,NULL,NULL,NULL,NULL,NULL,3247,NULL,NULL,'No'),('3248',1,'Lal Kaun',NULL,'2015-08-04',NULL,NULL,'2015-08-04',NULL,'Abhilash Yadav','Adesh Yadav',NULL,NULL,'',3248,'','','Neelam',NULL,NULL,NULL,NULL,NULL,NULL,NULL,NULL,NULL,NULL,3248,'3248',NULL,NULL,15,NULL,28,1,NULL,NULL,NULL,NULL,NULL,NULL,3248,NULL,NULL,'No'),('3249',1,'Kuri Khera',NULL,'2015-08-04',NULL,NULL,'2015-08-04',NULL,'Shubhash Sharma','Pawan Sharma',NULL,NULL,'',3249,'','','',NULL,NULL,NULL,NULL,NULL,NULL,NULL,NULL,NULL,NULL,3249,'3249',NULL,NULL,12,NULL,24,1,NULL,NULL,NULL,NULL,NULL,NULL,3249,NULL,NULL,'No'),('3250',1,'Dadri',NULL,'2015-08-04',NULL,NULL,'2015-08-04',NULL,'Ramkishan Singh','Winner Kalshan',NULL,NULL,'',3250,'','','Reeta Devi',NULL,NULL,NULL,NULL,NULL,NULL,NULL,NULL,NULL,NULL,3250,'3250',NULL,NULL,14,NULL,27,1,NULL,NULL,NULL,NULL,NULL,NULL,3250,NULL,NULL,'No'),('3251',1,'Girdharpur',NULL,'2015-08-04',NULL,NULL,'2015-08-04',NULL,'Bhole Pal','Neha Pal',NULL,NULL,'',3251,'','','',NULL,NULL,NULL,NULL,NULL,NULL,NULL,NULL,NULL,NULL,3251,'3251',NULL,NULL,12,NULL,39,1,NULL,NULL,NULL,NULL,NULL,NULL,3251,NULL,NULL,'No'),('3252',1,'Sadopur',NULL,'2015-08-04',NULL,NULL,'2015-08-04',NULL,'Anil Pratap Singh','Yatesh Chauhan',NULL,NULL,'',3252,'','','',NULL,NULL,NULL,NULL,NULL,NULL,NULL,NULL,NULL,NULL,3252,'3252',NULL,NULL,10,NULL,20,1,NULL,NULL,NULL,NULL,NULL,NULL,3252,NULL,NULL,'No'),('3255',1,'Achheja',NULL,'2015-08-04',NULL,NULL,'2015-08-04',NULL,'Saadiram','Sachin Nagar',NULL,NULL,'',3255,'','','Savita',NULL,NULL,NULL,NULL,NULL,NULL,NULL,NULL,NULL,NULL,3255,'3255',NULL,NULL,7,NULL,13,1,NULL,NULL,NULL,NULL,NULL,NULL,3255,NULL,NULL,'No'),('3259',1,'Girdharpur',NULL,'2015-08-04',NULL,NULL,'2015-08-04',NULL,'Bhole Pal','Hemlata Pal',NULL,NULL,'',3259,'','','Mithlesh Tomar',NULL,NULL,NULL,NULL,NULL,NULL,NULL,NULL,NULL,NULL,3259,'3259',NULL,NULL,14,NULL,27,1,NULL,NULL,NULL,NULL,NULL,NULL,3259,NULL,NULL,'No'),('326',1,'Dairy Maccha',NULL,'2015-08-04',NULL,NULL,'2015-08-04',NULL,'Rambeer Nagar','Khushi Nagar',NULL,NULL,'',326,'','','Kavita Nagar',NULL,NULL,NULL,NULL,NULL,NULL,NULL,NULL,NULL,NULL,326,'326',NULL,NULL,17,NULL,31,1,NULL,NULL,NULL,NULL,NULL,NULL,326,NULL,NULL,'No'),('3261',1,'Afs',NULL,'2015-08-04',NULL,NULL,'2015-08-04',NULL,'Rameshwar Sah','Nandan Gupya',NULL,NULL,'',3261,'','','Babita',NULL,NULL,NULL,NULL,NULL,NULL,NULL,NULL,NULL,NULL,3261,'3261',NULL,NULL,7,NULL,14,1,NULL,NULL,NULL,NULL,NULL,NULL,3261,NULL,NULL,'No'),('3263',1,'Railway Road Dadri',NULL,'2015-08-04',NULL,NULL,'2015-08-04',NULL,'Brijesh Kumar','Aditya Kumar Singh',NULL,NULL,'',3263,'','','Vijay Laxmi Pathak',NULL,NULL,NULL,NULL,NULL,NULL,NULL,NULL,NULL,NULL,3263,'3263',NULL,NULL,15,NULL,28,1,NULL,NULL,NULL,NULL,NULL,NULL,3263,NULL,NULL,'No'),('3264',1,'Chaprulla',NULL,'2015-08-04',NULL,NULL,'2015-08-04',NULL,'Kuldeep Kumar','Neha',NULL,NULL,'',3264,'','','Pakhi Singh',NULL,NULL,NULL,NULL,NULL,NULL,NULL,NULL,NULL,NULL,3264,'3264',NULL,NULL,17,NULL,31,1,NULL,NULL,NULL,NULL,NULL,NULL,3264,NULL,NULL,'No'),('3265',1,'Dadri',NULL,'2015-08-04',NULL,NULL,'2015-08-04',NULL,'Praveen Singh','Surya Pratap',NULL,NULL,'',3265,'','','Rajni Dubey',NULL,NULL,NULL,NULL,NULL,NULL,NULL,NULL,NULL,NULL,3265,'3265',NULL,NULL,17,NULL,31,1,NULL,NULL,NULL,NULL,NULL,NULL,3265,NULL,NULL,'No'),('3266',1,'Shadipur Chhidoli',NULL,'2015-08-04',NULL,NULL,'2015-08-04',NULL,'Daya Chand','Ankit Pal',NULL,NULL,'',3266,'','','',NULL,NULL,NULL,NULL,NULL,NULL,NULL,NULL,NULL,NULL,3266,'3266',NULL,NULL,12,NULL,39,1,NULL,NULL,NULL,NULL,NULL,NULL,3266,NULL,NULL,'No'),('3267',1,'Chaprulla',NULL,'2015-08-04',NULL,NULL,'2015-08-04',NULL,'Jai Prakash Sharma','Aditya Sharma',NULL,NULL,'',3267,'','','Rita Garg',NULL,NULL,NULL,NULL,NULL,NULL,NULL,NULL,NULL,NULL,3267,'3267',NULL,NULL,17,NULL,31,1,NULL,NULL,NULL,NULL,NULL,NULL,3267,NULL,NULL,'No'),('3268',1,'Dadri',NULL,'2015-08-04',NULL,NULL,'2015-08-04',NULL,'Gyanender Singh','Shivam Kumar',NULL,NULL,'',3268,'','','',NULL,NULL,NULL,NULL,NULL,NULL,NULL,NULL,NULL,NULL,3268,'3268',NULL,NULL,15,NULL,28,1,NULL,NULL,NULL,NULL,NULL,NULL,3268,NULL,NULL,'No'),('3269',1,'Lal Kaun',NULL,'2015-08-04',NULL,NULL,'2015-08-04',NULL,'Shiv Kumar Ojha','Ankit Ojha',NULL,NULL,'',3269,'','','Vineeta Ojha',NULL,NULL,NULL,NULL,NULL,NULL,NULL,NULL,NULL,NULL,3269,'3269',NULL,NULL,15,NULL,32,1,NULL,NULL,NULL,NULL,NULL,NULL,3269,NULL,NULL,'No'),('3270',1,'Dadri',NULL,'2015-08-04',NULL,NULL,'2015-08-04',NULL,'Ramakant Tiwari','Anmol Tiwari',NULL,NULL,'',3270,'','','Sunita Bhati',NULL,NULL,NULL,NULL,NULL,NULL,NULL,NULL,NULL,NULL,3270,'3270',NULL,NULL,15,NULL,28,1,NULL,NULL,NULL,NULL,NULL,NULL,3270,NULL,NULL,'No'),('3271',1,'Dadri',NULL,'2015-08-04',NULL,NULL,'2015-08-04',NULL,'Satyapraksh','Nakul',NULL,NULL,'',3271,'','','Sandhya',NULL,NULL,NULL,NULL,NULL,NULL,NULL,NULL,NULL,NULL,3271,'3271',NULL,NULL,9,NULL,38,1,NULL,NULL,NULL,NULL,NULL,NULL,3271,NULL,NULL,'No'),('3272',1,'Badalpur',NULL,'2015-08-04',NULL,NULL,'2015-08-04',NULL,'Anil Kumar','Simran Kumari',NULL,NULL,'',3272,'','','Savita',NULL,NULL,NULL,NULL,NULL,NULL,NULL,NULL,NULL,NULL,3272,'3272',NULL,NULL,5,NULL,6,1,NULL,NULL,NULL,NULL,NULL,NULL,3272,NULL,NULL,'No'),('3273',1,'Dujana',NULL,'2015-08-04',NULL,NULL,'2015-08-04',NULL,'Mahesh Chand','Shubham Kumar',NULL,NULL,'',3273,'','','Sapna Devi',NULL,NULL,NULL,NULL,NULL,NULL,NULL,NULL,NULL,NULL,3273,'3273',NULL,NULL,14,NULL,27,1,NULL,NULL,NULL,NULL,NULL,NULL,3273,NULL,NULL,'No'),('3275',1,'Dairy Machha',NULL,'2015-08-04',NULL,NULL,'2015-08-04',NULL,'Shreepal','Tushar Gautam',NULL,NULL,'',3275,'','','Usha Devi',NULL,NULL,NULL,NULL,NULL,NULL,NULL,NULL,NULL,NULL,3275,'3275',NULL,NULL,17,NULL,31,1,NULL,NULL,NULL,NULL,NULL,NULL,3275,NULL,NULL,'No'),('3276',1,'Dadri',NULL,'2015-08-04',NULL,NULL,'2015-08-04',NULL,'Bijendra Singh','Raju Singh',NULL,NULL,'',3276,'','','Sangeeta',NULL,NULL,NULL,NULL,NULL,NULL,NULL,NULL,NULL,NULL,3276,'3276',NULL,NULL,14,NULL,27,1,NULL,NULL,NULL,NULL,NULL,NULL,3276,NULL,NULL,'No'),('3277',1,'Dadri',NULL,'2015-08-04',NULL,NULL,'2015-08-04',NULL,'Anwar Khan','Suhaib Khan',NULL,NULL,'',3277,'','','Rekha Jha',NULL,NULL,NULL,NULL,NULL,NULL,NULL,NULL,NULL,NULL,3277,'3277',NULL,NULL,17,NULL,31,1,NULL,NULL,NULL,NULL,NULL,NULL,3277,NULL,NULL,'No'),('3278',1,'Chitthera',NULL,'2015-08-04',NULL,NULL,'2015-08-04',NULL,'Kartar Singh','Vishal Bhati',NULL,NULL,'',3278,'','','Krishana Bhati',NULL,NULL,NULL,NULL,NULL,NULL,NULL,NULL,NULL,NULL,3278,'3278',NULL,NULL,17,NULL,31,1,NULL,NULL,NULL,NULL,NULL,NULL,3278,NULL,NULL,'No'),('3279',1,'Chitthera',NULL,'2015-08-04',NULL,NULL,'2015-08-04',NULL,'Shiv Kumar','Ankit Bhati',NULL,NULL,'',3279,'','','Seema',NULL,NULL,NULL,NULL,NULL,NULL,NULL,NULL,NULL,NULL,3279,'3279',NULL,NULL,17,NULL,31,1,NULL,NULL,NULL,NULL,NULL,NULL,3279,NULL,NULL,'No'),('3280',1,'Girdharpur',NULL,'2015-08-04',NULL,NULL,'2015-08-04',NULL,'Mahesh Chndela','Nikki Chandela',NULL,NULL,'',3280,'','','Shakeela',NULL,NULL,NULL,NULL,NULL,NULL,NULL,NULL,NULL,NULL,3280,'3280',NULL,NULL,17,NULL,31,1,NULL,NULL,NULL,NULL,NULL,NULL,3280,NULL,NULL,'No'),('3281',1,'Lal Kaun',NULL,'2015-08-04',NULL,NULL,'2015-08-04',NULL,'Ram Pal Sg. Chauhan','Rishabh Chauhan',NULL,NULL,'',3281,'','','',NULL,NULL,NULL,NULL,NULL,NULL,NULL,NULL,NULL,NULL,3281,'3281',NULL,NULL,14,NULL,27,1,NULL,NULL,NULL,NULL,NULL,NULL,3281,NULL,NULL,'No'),('3282',1,'Escort Colony Dadri',NULL,'2015-08-04',NULL,NULL,'2015-08-04',NULL,'Harshwaroop Tomar','Sachin Tomar',NULL,NULL,'',3282,'','','Mamta Devi',NULL,NULL,NULL,NULL,NULL,NULL,NULL,NULL,NULL,NULL,3282,'3282',NULL,NULL,14,NULL,27,1,NULL,NULL,NULL,NULL,NULL,NULL,3282,NULL,NULL,'No'),('3283',1,'Dadri',NULL,'2015-08-04',NULL,NULL,'2015-08-04',NULL,'Rajpal Bhati','Chanchal Bhati',NULL,NULL,'',3283,'','','Shimla Bhati',NULL,NULL,NULL,NULL,NULL,NULL,NULL,NULL,NULL,NULL,3283,'3283',NULL,NULL,16,NULL,30,1,NULL,NULL,NULL,NULL,NULL,NULL,3283,NULL,NULL,'No'),('3284',1,'Dadri',NULL,'2015-08-04',NULL,NULL,'2015-08-04',NULL,'Mukesh Sharma','Chirag Bhardwaj',NULL,NULL,'',3284,'','','Sunita Nagar',NULL,NULL,NULL,NULL,NULL,NULL,NULL,NULL,NULL,NULL,3284,'3284',NULL,NULL,17,NULL,31,1,NULL,NULL,NULL,NULL,NULL,NULL,3284,NULL,NULL,'No'),('3285',1,'Kuri Khera',NULL,'2015-08-04',NULL,NULL,'2015-08-04',NULL,'Subhash Chandra','Om Baghel',NULL,NULL,'',3285,'','','',NULL,NULL,NULL,NULL,NULL,NULL,NULL,NULL,NULL,NULL,3285,'3285',NULL,NULL,10,NULL,20,1,NULL,NULL,NULL,NULL,NULL,NULL,3285,NULL,NULL,'No'),('3286',1,'Kuri Khera',NULL,'2015-08-04',NULL,NULL,'2015-08-04',NULL,'Subhash Chandra','Somesh Baghel',NULL,NULL,'',3286,'','','Kavita',NULL,NULL,NULL,NULL,NULL,NULL,NULL,NULL,NULL,NULL,3286,'3286',NULL,NULL,8,NULL,15,1,NULL,NULL,NULL,NULL,NULL,NULL,3286,NULL,NULL,'No'),('3287',1,'Bisara',NULL,'2015-08-04',NULL,NULL,'2015-08-04',NULL,'Yogender Singh','Shiv Pratap',NULL,NULL,'',3287,'','','Preeti Chauhan',NULL,NULL,NULL,NULL,NULL,NULL,NULL,NULL,NULL,NULL,3287,'3287',NULL,NULL,14,NULL,27,1,NULL,NULL,NULL,NULL,NULL,NULL,3287,NULL,NULL,'No'),('3288',1,'Bisara',NULL,'2015-08-04',NULL,NULL,'2015-08-04',NULL,'Jogender Pal Sg. Shi','Ashish Shisodia',NULL,NULL,'',3288,'','','',NULL,NULL,NULL,NULL,NULL,NULL,NULL,NULL,NULL,NULL,3288,'3288',NULL,NULL,14,NULL,27,1,NULL,NULL,NULL,NULL,NULL,NULL,3288,NULL,NULL,'No'),('3289',1,'Chaprulla',NULL,'2015-08-04',NULL,NULL,'2015-08-04',NULL,'Amit Kumar Ojha','Naman Ojha',NULL,NULL,'',3289,'','','Sanju',NULL,NULL,NULL,NULL,NULL,NULL,NULL,NULL,NULL,NULL,3289,'3289',NULL,NULL,8,NULL,15,1,NULL,NULL,NULL,NULL,NULL,NULL,3289,NULL,NULL,'No'),('3291',1,'Chidalshi',NULL,'2015-08-04',NULL,NULL,'2015-08-04',NULL,'Raj Kumar Jha','Sumit Kumar Jha',NULL,NULL,'',3291,'','','Rajkumari',NULL,NULL,NULL,NULL,NULL,NULL,NULL,NULL,NULL,NULL,3291,'3291',NULL,NULL,17,NULL,31,1,NULL,NULL,NULL,NULL,NULL,NULL,3291,NULL,NULL,'No'),('3292',1,'Lal Kaun',NULL,'2015-08-04',NULL,NULL,'2015-08-04',NULL,'Tej Pal Singh','Bablu Kumar',NULL,NULL,'',3292,'','','Alpana Sharma',NULL,NULL,NULL,NULL,NULL,NULL,NULL,NULL,NULL,NULL,3292,'3292',NULL,NULL,17,NULL,31,1,NULL,NULL,NULL,NULL,NULL,NULL,3292,NULL,NULL,'No'),('3293',1,'Dujana',NULL,'2015-08-04',NULL,NULL,'2015-08-04',NULL,'Prashant Nagar','Newshi Nagar',NULL,NULL,'',3293,'','','Krishna',NULL,NULL,NULL,NULL,NULL,NULL,NULL,NULL,NULL,NULL,3293,'3293',NULL,NULL,17,NULL,31,1,NULL,NULL,NULL,NULL,NULL,NULL,3293,NULL,NULL,'No'),('3294',1,'Khera Dharam Pura',NULL,'2015-08-04',NULL,NULL,'2015-08-04',NULL,'Chandra Bhushan','Arya Kumari',NULL,NULL,'',3294,'','','Savita',NULL,NULL,NULL,NULL,NULL,NULL,NULL,NULL,NULL,NULL,3294,'3294',NULL,NULL,8,NULL,15,1,NULL,NULL,NULL,NULL,NULL,NULL,3294,NULL,NULL,'No'),('3295',1,'Chaprulla',NULL,'2015-08-04',NULL,NULL,'2015-08-04',NULL,'Shripal Sharma','Yogender Sharma',NULL,NULL,'',3295,'','','Geeta Sharma',NULL,NULL,NULL,NULL,NULL,NULL,NULL,NULL,NULL,NULL,3295,'3295',NULL,NULL,15,NULL,32,1,NULL,NULL,NULL,NULL,NULL,NULL,3295,NULL,NULL,'No'),('3296',1,'Girdharpur',NULL,'2015-08-04',NULL,NULL,'2015-08-04',NULL,'Balveer Chandela','Jai Krishan Chandela',NULL,NULL,'',3296,'','','Saroj',NULL,NULL,NULL,NULL,NULL,NULL,NULL,NULL,NULL,NULL,3296,'3296',NULL,NULL,15,NULL,32,1,NULL,NULL,NULL,NULL,NULL,NULL,3296,NULL,NULL,'No'),('3297',1,'Sadullapur',NULL,'2015-08-04',NULL,NULL,'2015-08-04',NULL,'Bhopal Nagar','Nikhil Nagar',NULL,NULL,'',3297,'','','Subodh Nagar',NULL,NULL,NULL,NULL,NULL,NULL,NULL,NULL,NULL,NULL,3297,'3297',NULL,NULL,16,NULL,30,1,NULL,NULL,NULL,NULL,NULL,NULL,3297,NULL,NULL,'No'),('3298',1,'Chitthera',NULL,'2015-08-04',NULL,NULL,'2015-08-04',NULL,'Ajay Bhati','Gaurav Bhati',NULL,NULL,'',3298,'','','Rajesh Devi',NULL,NULL,NULL,NULL,NULL,NULL,NULL,NULL,NULL,NULL,3298,'3298',NULL,NULL,17,NULL,31,1,NULL,NULL,NULL,NULL,NULL,NULL,3298,NULL,NULL,'No'),('3299',1,'Dadri',NULL,'2015-08-04',NULL,NULL,'2015-08-04',NULL,'Vidya Niwas Pathak','Anant Pathak',NULL,NULL,'',3299,'','','Manju Sharma',NULL,NULL,NULL,NULL,NULL,NULL,NULL,NULL,NULL,NULL,3299,'3299',NULL,NULL,15,NULL,28,1,NULL,NULL,NULL,NULL,NULL,NULL,3299,NULL,NULL,'No'),('3300',1,'Dadri',NULL,'2015-08-04',NULL,NULL,'2015-08-04',NULL,'Rakesh Sharma','Aman Sharma',NULL,NULL,'',3300,'','','Aarti Sharma',NULL,NULL,NULL,NULL,NULL,NULL,NULL,NULL,NULL,NULL,3300,'3300',NULL,NULL,15,NULL,32,1,NULL,NULL,NULL,NULL,NULL,NULL,3300,NULL,NULL,'No'),('3301',1,'Chitthera',NULL,'2015-08-04',NULL,NULL,'2015-08-04',NULL,'Devendra','Lalit Bhati',NULL,NULL,'',3301,'','','Rekha Devi',NULL,NULL,NULL,NULL,NULL,NULL,NULL,NULL,NULL,NULL,3301,'3301',NULL,NULL,15,NULL,32,1,NULL,NULL,NULL,NULL,NULL,NULL,3301,NULL,NULL,'No'),('3302',1,'Chitthera',NULL,'2015-08-04',NULL,NULL,'2015-08-04',NULL,'Sanjay','Sumit Kumar Tanwar',NULL,NULL,'',3302,'','','Babita',NULL,NULL,NULL,NULL,NULL,NULL,NULL,NULL,NULL,NULL,3302,'3302',NULL,NULL,15,NULL,32,1,NULL,NULL,NULL,NULL,NULL,NULL,3302,NULL,NULL,'No'),('3303',1,'Chitthera',NULL,'2015-08-04',NULL,NULL,'2015-08-04',NULL,'Sanjay Kumar','Amit Kumar Tanwar',NULL,NULL,'',3303,'','','Babita',NULL,NULL,NULL,NULL,NULL,NULL,NULL,NULL,NULL,NULL,3303,'3303',NULL,NULL,15,NULL,32,1,NULL,NULL,NULL,NULL,NULL,NULL,3303,NULL,NULL,'No'),('3304',1,'Dadri',NULL,'2015-08-04',NULL,NULL,'2015-08-04',NULL,'C.p. Dbey','Aakash Dubey',NULL,NULL,'',3304,'','','Lalitesh Sharma',NULL,NULL,NULL,NULL,NULL,NULL,NULL,NULL,NULL,NULL,3304,'3304',NULL,NULL,17,NULL,31,1,NULL,NULL,NULL,NULL,NULL,NULL,3304,NULL,NULL,'No'),('3305',1,'Girdharpur',NULL,'2015-08-04',NULL,NULL,'2015-08-04',NULL,'Pawan Chandela','Shivam Chandela',NULL,NULL,'',3305,'','','Santosh Chandela',NULL,NULL,NULL,NULL,NULL,NULL,NULL,NULL,NULL,NULL,3305,'3305',NULL,NULL,16,NULL,30,1,NULL,NULL,NULL,NULL,NULL,NULL,3305,NULL,NULL,'No'),('3306',1,'Girdharpur',NULL,'2015-08-04',NULL,NULL,'2015-08-04',NULL,'Pramod Candela','Gaurav Chandela',NULL,NULL,'',3306,'','','Anita Chandela',NULL,NULL,NULL,NULL,NULL,NULL,NULL,NULL,NULL,NULL,3306,'3306',NULL,NULL,15,NULL,32,1,NULL,NULL,NULL,NULL,NULL,NULL,3306,NULL,NULL,'No'),('3307',1,'New Beel Akbarpur',NULL,'2015-08-04',NULL,NULL,'2015-08-04',NULL,'Ompal Bhati','Saurabh',NULL,NULL,'',3307,'','','Ff',NULL,NULL,NULL,NULL,NULL,NULL,NULL,NULL,NULL,NULL,3307,'3307',NULL,NULL,15,NULL,28,1,NULL,NULL,NULL,NULL,NULL,NULL,3307,NULL,NULL,'No'),('3308',1,'Ghaziabad',NULL,'2015-08-04',NULL,NULL,'2015-08-04',NULL,'Bhim Mishra','Dheeraj Mishra',NULL,NULL,'',3308,'','','',NULL,NULL,NULL,NULL,NULL,NULL,NULL,NULL,NULL,NULL,3308,'3308',NULL,NULL,12,NULL,39,1,NULL,NULL,NULL,NULL,NULL,NULL,3308,NULL,NULL,'No'),('3309',1,'Chitthera',NULL,'2015-08-04',NULL,NULL,'2015-08-04',NULL,'Krishan Bhati','Hariom Bhati',NULL,NULL,'',3309,'','','Mithlesh Devi',NULL,NULL,NULL,NULL,NULL,NULL,NULL,NULL,NULL,NULL,3309,'3309',NULL,NULL,16,NULL,30,1,NULL,NULL,NULL,NULL,NULL,NULL,3309,NULL,NULL,'No'),('331',1,'Sadopur',NULL,'2015-08-04',NULL,NULL,'2015-08-04',NULL,'Jitendra','Rinkal Baisoya',NULL,NULL,'',331,'','','Poonam',NULL,NULL,NULL,NULL,NULL,NULL,NULL,NULL,NULL,NULL,331,'331',NULL,NULL,13,NULL,26,1,NULL,NULL,NULL,NULL,NULL,NULL,331,NULL,NULL,'No'),('3310',1,'Beel Akbarpur',NULL,'2015-08-04',NULL,NULL,'2015-08-04',NULL,'Krishanpal Bbhati','Nishant Bhati',NULL,NULL,'',3310,'','','',NULL,NULL,NULL,NULL,NULL,NULL,NULL,NULL,NULL,NULL,3310,'3310',NULL,NULL,11,NULL,21,1,NULL,NULL,NULL,NULL,NULL,NULL,3310,NULL,NULL,'No'),('3311',1,'Chitthera',NULL,'2015-08-04',NULL,NULL,'2015-08-04',NULL,'Vinod Kumar','Arun Bhati',NULL,NULL,'',3311,'','','Lila Wati',NULL,NULL,NULL,NULL,NULL,NULL,NULL,NULL,NULL,NULL,3311,'3311',NULL,NULL,17,NULL,31,1,NULL,NULL,NULL,NULL,NULL,NULL,3311,NULL,NULL,'No'),('3312',1,'Dadri',NULL,'2015-08-04',NULL,NULL,'2015-08-04',NULL,'Pramod Garg','Akshat Garg',NULL,NULL,'',3312,'','','Shimla Devi',NULL,NULL,NULL,NULL,NULL,NULL,NULL,NULL,NULL,NULL,3312,'3312',NULL,NULL,17,NULL,31,1,NULL,NULL,NULL,NULL,NULL,NULL,3312,NULL,NULL,'No'),('3313',1,'Khair Pur',NULL,'2015-08-04',NULL,NULL,'2015-08-04',NULL,'Nikhlesh','Mankit Khari',NULL,NULL,'',3313,'','','Surendri Devi',NULL,NULL,NULL,NULL,NULL,NULL,NULL,NULL,NULL,NULL,3313,'3313',NULL,NULL,15,NULL,32,1,NULL,NULL,NULL,NULL,NULL,NULL,3313,NULL,NULL,'No'),('3314',1,'Dadri',NULL,'2015-08-04',NULL,NULL,'2015-08-04',NULL,'Ramveer','Sanju Chaudhary',NULL,NULL,'',3314,'','','Kusum',NULL,NULL,NULL,NULL,NULL,NULL,NULL,NULL,NULL,NULL,3314,'3314',NULL,NULL,16,NULL,30,1,NULL,NULL,NULL,NULL,NULL,NULL,3314,NULL,NULL,'No'),('3315',1,'Dadri',NULL,'2015-08-04',NULL,NULL,'2015-08-04',NULL,'Naresh Kumar','Sonali Shishodia',NULL,NULL,'',3315,'','','',NULL,NULL,NULL,NULL,NULL,NULL,NULL,NULL,NULL,NULL,3315,'3315',NULL,NULL,12,NULL,24,1,NULL,NULL,NULL,NULL,NULL,NULL,3315,NULL,NULL,'No'),('3317',1,'Chaprolla',NULL,'2015-08-04',NULL,NULL,'2015-08-04',NULL,'Lalit Sharma','Anchal Ssharma',NULL,NULL,'',3317,'','','Chhama Tiwari',NULL,NULL,NULL,NULL,NULL,NULL,NULL,NULL,NULL,NULL,3317,'3317',NULL,NULL,15,NULL,28,1,NULL,NULL,NULL,NULL,NULL,NULL,3317,NULL,NULL,'No'),('3318',1,'Khair Pur',NULL,'2015-08-04',NULL,NULL,'2015-08-04',NULL,'Shripal Khari','Mohit Khari',NULL,NULL,'',3318,'','','Rakesh Khari',NULL,NULL,NULL,NULL,NULL,NULL,NULL,NULL,NULL,NULL,3318,'3318',NULL,NULL,15,NULL,32,1,NULL,NULL,NULL,NULL,NULL,NULL,3318,NULL,NULL,'No'),('3319',1,'Luharli',NULL,'2015-08-04',NULL,NULL,'2015-08-04',NULL,'Late Sh Gajendra Pal','Rishabh Sharma',NULL,NULL,'',3319,'','','',NULL,NULL,NULL,NULL,NULL,NULL,NULL,NULL,NULL,NULL,3319,'3319',NULL,NULL,17,NULL,31,1,NULL,NULL,NULL,NULL,NULL,NULL,3319,NULL,NULL,'No'),('376',1,'Accheja',NULL,'2015-08-04',NULL,NULL,'2015-08-04',NULL,'Sanjay Nagar','Vipin Nagaar',NULL,NULL,'',376,'','','Anita Devi',NULL,NULL,NULL,NULL,NULL,NULL,NULL,NULL,NULL,NULL,376,'376',NULL,NULL,20,NULL,36,1,NULL,NULL,NULL,NULL,NULL,NULL,376,NULL,NULL,'No'),('381',1,'Dairy MAccha',NULL,'2015-08-04',NULL,NULL,'2015-08-04',NULL,'Shripal','Sachin',NULL,NULL,'',381,'','','Suman',NULL,NULL,NULL,NULL,NULL,NULL,NULL,NULL,NULL,NULL,381,'381',NULL,NULL,16,NULL,30,1,NULL,NULL,NULL,NULL,NULL,NULL,381,NULL,NULL,'No'),('402',1,'Dairy Maccha',NULL,'2015-08-04',NULL,NULL,'2015-08-04',NULL,'Hem Karan','Mukul Nagar',NULL,NULL,'',402,'','','Sudesh',NULL,NULL,NULL,NULL,NULL,NULL,NULL,NULL,NULL,NULL,402,'402',NULL,NULL,14,NULL,27,1,NULL,NULL,NULL,NULL,NULL,NULL,402,NULL,NULL,'No'),('409',1,'Dairy Maccha',NULL,'2015-08-04',NULL,NULL,'2015-08-04',NULL,'Narender Kumar','Liza',NULL,NULL,'',409,'','','Suman Lata',NULL,NULL,NULL,NULL,NULL,NULL,NULL,NULL,NULL,NULL,409,'409',NULL,NULL,13,NULL,26,1,NULL,NULL,NULL,NULL,NULL,NULL,409,NULL,NULL,'No'),('433',1,'Sadopur',NULL,'2015-08-04',NULL,NULL,'2015-08-04',NULL,'Sunil Baisoya','Ankit Baisoya',NULL,NULL,'',433,'','','Sheela Baisoya',NULL,NULL,NULL,NULL,NULL,NULL,NULL,NULL,NULL,NULL,433,'433',NULL,NULL,20,NULL,35,1,NULL,NULL,NULL,NULL,NULL,NULL,433,NULL,NULL,'No'),('443',1,'Mahawar',NULL,'2015-08-04',NULL,NULL,'2015-08-04',NULL,'Jaibeer','Keshav',NULL,NULL,'',443,'','','Sunita',NULL,NULL,NULL,NULL,NULL,NULL,NULL,NULL,NULL,NULL,443,'443',NULL,NULL,21,NULL,37,1,NULL,NULL,NULL,NULL,NULL,NULL,443,NULL,NULL,'No'),('454',1,'Dairy Maccha',NULL,'2015-08-04',NULL,NULL,'2015-08-04',NULL,'Malkhan Singh','Ayush Kumar',NULL,NULL,'',454,'','','Suman Devi',NULL,NULL,NULL,NULL,NULL,NULL,NULL,NULL,NULL,NULL,454,'454',NULL,NULL,13,NULL,40,1,NULL,NULL,NULL,NULL,NULL,NULL,454,NULL,NULL,'No'),('48',1,'Sadopur',NULL,'2015-08-04',NULL,NULL,'2015-08-04',NULL,'Krishan','Aniket Baisoya',NULL,NULL,'',48,'','','Kusum Devi',NULL,NULL,NULL,NULL,NULL,NULL,NULL,NULL,NULL,NULL,48,'48',NULL,NULL,15,NULL,32,1,NULL,NULL,NULL,NULL,NULL,NULL,48,NULL,NULL,'No'),('486',1,'Baidpura',NULL,'2015-08-04',NULL,NULL,'2015-08-04',NULL,'Shripal','Shivam Nagar',NULL,NULL,'',486,'','','Sushma Devi',NULL,NULL,NULL,NULL,NULL,NULL,NULL,NULL,NULL,NULL,486,'486',NULL,NULL,20,NULL,35,1,NULL,NULL,NULL,NULL,NULL,NULL,486,NULL,NULL,'No'),('5001',1,'Dhoom',NULL,'2015-08-27',NULL,NULL,'2015-08-27','','Sehdev Rawal','Harsh Rawal',NULL,NULL,'',2004,'',NULL,'',NULL,NULL,NULL,NULL,NULL,NULL,NULL,NULL,NULL,NULL,2004,'2004',NULL,NULL,4,NULL,4,1,NULL,NULL,NULL,NULL,NULL,NULL,NULL,NULL,NULL,'No'),('5002',1,'Bisnouli',NULL,'2015-08-27',NULL,NULL,'2015-08-27','','Amit Prakash','Anisha Srivastav',NULL,NULL,'',2005,'',NULL,'',NULL,NULL,NULL,NULL,NULL,NULL,NULL,NULL,NULL,NULL,2005,'2005',NULL,NULL,4,NULL,4,1,NULL,NULL,NULL,NULL,NULL,NULL,NULL,NULL,NULL,'No'),('5003',1,'Dairy Machha',NULL,'2015-08-27',NULL,NULL,'2015-08-27','','Jitender Nagar','Diya Nagar',NULL,NULL,'',2006,'',NULL,'',NULL,NULL,NULL,NULL,NULL,NULL,NULL,NULL,NULL,NULL,2006,'2006',NULL,NULL,4,NULL,4,1,NULL,NULL,NULL,NULL,NULL,NULL,NULL,NULL,NULL,'No'),('5004',1,'Khera Dharampura',NULL,'2015-08-27',NULL,NULL,'2015-08-27','','Deepak Sharma','Tanish Bhardwaj',NULL,NULL,'',2007,'',NULL,'',NULL,NULL,NULL,NULL,NULL,NULL,NULL,NULL,NULL,NULL,2007,'2007',NULL,NULL,4,NULL,4,1,NULL,NULL,NULL,NULL,NULL,NULL,NULL,NULL,NULL,'No'),('5005',1,'Badalpur',NULL,'2015-08-27',NULL,NULL,'2015-08-27','','Mukesh Nagar','Rudra',NULL,NULL,'',2008,'',NULL,'',NULL,NULL,NULL,NULL,NULL,NULL,NULL,NULL,NULL,NULL,2008,'2008',NULL,NULL,4,NULL,4,1,NULL,NULL,NULL,NULL,NULL,NULL,NULL,NULL,NULL,'No'),('5006',1,'Dairy Machha',NULL,'2016-08-27',NULL,NULL,'2015-08-27','','Babu Singh','Kartik',NULL,NULL,'',2009,'',NULL,'',NULL,NULL,NULL,NULL,NULL,NULL,NULL,NULL,NULL,NULL,2009,'2009',NULL,NULL,4,NULL,4,1,NULL,NULL,NULL,NULL,NULL,NULL,NULL,NULL,NULL,'No'),('5007',1,'Bambawar',NULL,'2016-08-27',NULL,NULL,'2015-08-27','','Sunil Kumar','Saksham',NULL,NULL,'',2010,'',NULL,'',NULL,NULL,NULL,NULL,NULL,NULL,NULL,NULL,NULL,NULL,2010,'2010',NULL,NULL,4,NULL,4,1,NULL,NULL,NULL,NULL,NULL,NULL,NULL,NULL,NULL,'No'),('5008',1,'Badalpur',NULL,'2016-08-27',NULL,NULL,'2015-08-27','','Surender Singh','Dev Pratap',NULL,NULL,'',2011,'',NULL,'',NULL,NULL,NULL,NULL,NULL,NULL,NULL,NULL,NULL,NULL,2011,'2011',NULL,NULL,4,NULL,4,1,NULL,NULL,NULL,NULL,NULL,NULL,NULL,NULL,NULL,'No'),('5009',1,'Khera Dharampura',NULL,'2016-08-27',NULL,NULL,'2015-08-27','','Soobedar Yadav','Shikha Yadav',NULL,NULL,'',2012,'',NULL,'',NULL,NULL,NULL,NULL,NULL,NULL,NULL,NULL,NULL,NULL,2012,'2012',NULL,NULL,4,NULL,4,1,NULL,NULL,NULL,NULL,NULL,NULL,NULL,NULL,NULL,'No'),('506',1,'Sadullapur',NULL,'2015-08-04',NULL,NULL,'2015-08-04',NULL,'Hitendra','Navdesh',NULL,NULL,'',506,'','','Kamlesh',NULL,NULL,NULL,NULL,NULL,NULL,NULL,NULL,NULL,NULL,506,'506',NULL,NULL,16,NULL,30,1,NULL,NULL,NULL,NULL,NULL,NULL,506,NULL,NULL,'No'),('507',1,'Sadullapur',NULL,'2015-08-04',NULL,NULL,'2015-08-04',NULL,'Ajit Nagar','Priya Nagar',NULL,NULL,'',507,'','','Suresh',NULL,NULL,NULL,NULL,NULL,NULL,NULL,NULL,NULL,NULL,507,'507',NULL,NULL,20,NULL,35,1,NULL,NULL,NULL,NULL,NULL,NULL,507,NULL,NULL,'No'),('51',1,'Accheja',NULL,'2015-08-04',NULL,NULL,'2015-08-04',NULL,'Ramveer Nagar','Deepanshu Nagar',NULL,NULL,'',51,'','','Anita Nagar',NULL,NULL,NULL,NULL,NULL,NULL,NULL,NULL,NULL,NULL,51,'51',NULL,NULL,20,NULL,36,1,NULL,NULL,NULL,NULL,NULL,NULL,51,NULL,NULL,'No'),('511',1,'Accheja',NULL,'2015-08-04',NULL,NULL,'2015-08-04',NULL,'Sanjeev','Anu',NULL,NULL,'',511,'','','Kavita',NULL,NULL,NULL,NULL,NULL,NULL,NULL,NULL,NULL,NULL,511,'511',NULL,NULL,18,NULL,33,1,NULL,NULL,NULL,NULL,NULL,NULL,511,NULL,NULL,'No'),('516',1,'Jaansiwana',NULL,'2015-08-04',NULL,NULL,'2015-08-04',NULL,'Om Prakash','Nishant Khari',NULL,NULL,'',516,'','','Sarita',NULL,NULL,NULL,NULL,NULL,NULL,NULL,NULL,NULL,NULL,516,'516',NULL,NULL,15,NULL,32,1,NULL,NULL,NULL,NULL,NULL,NULL,516,NULL,NULL,'No'),('517',1,'Achheja 1 nOIDA',NULL,'2015-08-04',NULL,NULL,'2015-08-04','','Kapil','Avnee','Male','','',517,'','','Mukesh',NULL,NULL,'',NULL,NULL,NULL,NULL,'No','123123','',517,'517','2015-08-20 11:44:15',10,1,1,1,1,5,NULL,NULL,'','','',517,'',NULL,'No'),('519',1,'Dairy Skinner',NULL,'2015-08-04',NULL,NULL,'2015-08-04',NULL,'Rajender','Arun',NULL,NULL,'',519,'','','Meena',NULL,NULL,NULL,NULL,NULL,NULL,NULL,NULL,NULL,NULL,519,'519',NULL,NULL,21,NULL,37,1,NULL,NULL,NULL,NULL,NULL,NULL,519,NULL,NULL,'No'),('520',1,'Dujana',NULL,'2015-08-04',NULL,NULL,'2015-08-04',NULL,'Manoj Nagar','Sanju Nagar',NULL,NULL,'',520,'','','Suman Nagar',NULL,NULL,NULL,NULL,NULL,NULL,NULL,NULL,NULL,NULL,520,'520',NULL,NULL,17,NULL,31,1,NULL,NULL,NULL,NULL,NULL,NULL,520,NULL,NULL,'No'),('532',1,'sadopur',NULL,'2015-08-04',NULL,NULL,'2015-08-04',NULL,'Karamveer Nagar','Sahil Nagar',NULL,NULL,'',532,'','','Munni Devi',NULL,NULL,NULL,NULL,NULL,NULL,NULL,NULL,NULL,NULL,532,'532',NULL,NULL,20,NULL,36,1,NULL,NULL,NULL,NULL,NULL,NULL,532,NULL,NULL,'No'),('538',1,'Baidpura',NULL,'2015-08-04',NULL,NULL,'2015-08-04',NULL,'Virender Attrash','Nikhil Attrash',NULL,NULL,'',538,'','','Seema Devi',NULL,NULL,NULL,NULL,NULL,NULL,NULL,NULL,NULL,NULL,538,'538',NULL,NULL,13,NULL,26,1,NULL,NULL,NULL,NULL,NULL,NULL,538,NULL,NULL,'No'),('555',1,'Sadopur',NULL,'2015-08-04',NULL,NULL,'2015-08-04',NULL,'Jaiveer Singh','Mohit Baisoya',NULL,NULL,'',555,'','','Rajesh Devi',NULL,NULL,NULL,NULL,NULL,NULL,NULL,NULL,NULL,NULL,555,'555',NULL,NULL,15,NULL,32,1,NULL,NULL,NULL,NULL,NULL,NULL,555,NULL,NULL,'No'),('579',1,'Accheja',NULL,'2015-08-04',NULL,NULL,'2015-08-04',NULL,'Paramjeet Singh','Shikha Nagar',NULL,NULL,'',579,'','','Bimla Nagar',NULL,NULL,NULL,NULL,NULL,NULL,NULL,NULL,NULL,NULL,579,'579',NULL,NULL,20,NULL,36,1,NULL,NULL,NULL,NULL,NULL,NULL,579,NULL,NULL,'No'),('58',1,'Mahawar',NULL,'2015-08-04',NULL,NULL,'2015-08-04',NULL,'Vinod Kumar','Prince Vikal',NULL,NULL,'',58,'','','Dinesh Devi',NULL,NULL,NULL,NULL,NULL,NULL,NULL,NULL,NULL,NULL,58,'58',NULL,NULL,13,NULL,26,1,NULL,NULL,NULL,NULL,NULL,NULL,58,NULL,NULL,'No'),('588',1,'Dairy Skiinner',NULL,'2015-08-04',NULL,NULL,'2015-08-04',NULL,'Anil Kumar','Sohit Sharma',NULL,NULL,'',588,'','','Brijesh Sharma',NULL,NULL,NULL,NULL,NULL,NULL,NULL,NULL,NULL,NULL,588,'588',NULL,NULL,18,NULL,33,1,NULL,NULL,NULL,NULL,NULL,NULL,588,NULL,NULL,'No'),('599',1,'Bambawar',NULL,'2015-08-04',NULL,NULL,'2015-08-04',NULL,'Karamveern Nagar','Arun',NULL,NULL,'',599,'','','Rakam Devi',NULL,NULL,NULL,NULL,NULL,NULL,NULL,NULL,NULL,NULL,599,'599',NULL,NULL,21,NULL,37,1,NULL,NULL,NULL,NULL,NULL,NULL,599,NULL,NULL,'No'),('603',1,'Dm',NULL,'2015-08-04',NULL,NULL,'2015-08-04',NULL,'Malkhan Singh','Ajay',NULL,NULL,'',603,'','','Suman Devi',NULL,NULL,NULL,NULL,NULL,NULL,NULL,NULL,NULL,NULL,603,'603',NULL,NULL,18,NULL,33,1,NULL,NULL,NULL,NULL,NULL,NULL,603,NULL,NULL,'No'),('605',1,'Accheja',NULL,'2015-08-04',NULL,NULL,'2015-08-04',NULL,'Amit  Nagar','Aashu Nagar',NULL,NULL,'',605,'','','Manju Nagar',NULL,NULL,NULL,NULL,NULL,NULL,NULL,NULL,NULL,NULL,605,'605',NULL,NULL,13,NULL,26,1,NULL,NULL,NULL,NULL,NULL,NULL,605,NULL,NULL,'No'),('61',1,'Accheja',NULL,'2015-08-04',NULL,NULL,'2015-08-04',NULL,'Nandlal Yadav','Rahul Yadav',NULL,NULL,'',61,'','','Chandervati',NULL,NULL,NULL,NULL,NULL,NULL,NULL,NULL,NULL,NULL,61,'61',NULL,NULL,14,NULL,27,1,NULL,NULL,NULL,NULL,NULL,NULL,61,NULL,NULL,'No'),('617',1,'Sadopur',NULL,'2015-08-04',NULL,NULL,'2015-08-04',NULL,'Surendra','Badal Sharma',NULL,NULL,'',617,'','','Kuntesh',NULL,NULL,NULL,NULL,NULL,NULL,NULL,NULL,NULL,NULL,617,'617',NULL,NULL,14,NULL,27,1,NULL,NULL,NULL,NULL,NULL,NULL,617,NULL,NULL,'No'),('624',1,'Dairy Skinner',NULL,'2015-08-04',NULL,NULL,'2015-08-04',NULL,'Kamal Singh','Rahul Pal',NULL,NULL,'',624,'','','Kusum Devi',NULL,NULL,NULL,NULL,NULL,NULL,NULL,NULL,NULL,NULL,624,'624',NULL,NULL,13,NULL,26,1,NULL,NULL,NULL,NULL,NULL,NULL,624,NULL,NULL,'No'),('628',1,'Sadopur',NULL,'2015-08-04',NULL,NULL,'2015-08-04',NULL,'Ram Kumar Baisoya','Sumit Baisoya',NULL,NULL,'',628,'','','Kavita Baisoya',NULL,NULL,NULL,NULL,NULL,NULL,NULL,NULL,NULL,NULL,628,'628',NULL,NULL,20,NULL,35,1,NULL,NULL,NULL,NULL,NULL,NULL,628,NULL,NULL,'No'),('630',1,'Baidpura',NULL,'2015-08-04',NULL,NULL,'2015-08-04',NULL,'Praveen','Geetika',NULL,NULL,'',630,'','','Nisha',NULL,NULL,NULL,NULL,NULL,NULL,NULL,NULL,NULL,NULL,630,'630',NULL,NULL,15,NULL,32,1,NULL,NULL,NULL,NULL,NULL,NULL,630,NULL,NULL,'No'),('643',1,'Bishnuli',NULL,'2015-08-04',NULL,NULL,'2015-08-04',NULL,'Ajay Rousa','Raineesh Rousa',NULL,NULL,'',643,'','','Rekha',NULL,NULL,NULL,NULL,NULL,NULL,NULL,NULL,NULL,NULL,643,'643',NULL,NULL,17,NULL,31,1,NULL,NULL,NULL,NULL,NULL,NULL,643,NULL,NULL,'No'),('65',1,'Sadopur',NULL,'2015-08-04',NULL,NULL,'2015-08-04',NULL,'Rakesh Kumar','Rekha Baisoya',NULL,NULL,'',65,'','','Amreshwati',NULL,NULL,NULL,NULL,NULL,NULL,NULL,NULL,NULL,NULL,65,'65',NULL,NULL,18,NULL,33,1,NULL,NULL,NULL,NULL,NULL,NULL,65,NULL,NULL,'No'),('656',1,'Badalpur',NULL,'2015-08-04',NULL,NULL,'2015-08-04',NULL,'Gyan Chand','Sachin Nagar',NULL,NULL,'',656,'','','Sudesh',NULL,NULL,NULL,NULL,NULL,NULL,NULL,NULL,NULL,NULL,656,'656',NULL,NULL,20,NULL,35,1,NULL,NULL,NULL,NULL,NULL,NULL,656,NULL,NULL,'No'),('660',1,'Sadullapur',NULL,'2015-08-04',NULL,NULL,'2015-08-04',NULL,'Bhikari','Deepak Nagar',NULL,NULL,'',660,'','','Saroj',NULL,NULL,NULL,NULL,NULL,NULL,NULL,NULL,NULL,NULL,660,'660',NULL,NULL,16,NULL,30,1,NULL,NULL,NULL,NULL,NULL,NULL,660,NULL,NULL,'No'),('663',1,'Dairy Maccha',NULL,'2015-08-04',NULL,NULL,'2015-08-04',NULL,'Sailesh Bhati','Tarun Bhati',NULL,NULL,'',663,'','','Sunita',NULL,NULL,NULL,NULL,NULL,NULL,NULL,NULL,NULL,NULL,663,'663',NULL,NULL,13,NULL,26,1,NULL,NULL,NULL,NULL,NULL,NULL,663,NULL,NULL,'No'),('67',1,'Kurikhera',NULL,'2015-08-04',NULL,NULL,'2015-08-04',NULL,'Bijender','Amit',NULL,NULL,'',67,'','','Kunta Devi',NULL,NULL,NULL,NULL,NULL,NULL,NULL,NULL,NULL,NULL,67,'67',NULL,NULL,15,NULL,32,1,NULL,NULL,NULL,NULL,NULL,NULL,67,NULL,NULL,'No'),('687',1,'Dujana',NULL,'2015-08-04',NULL,NULL,'2015-08-04',NULL,'Satish Nagar','Anju Nagar',NULL,NULL,'',687,'','','Suman Nagar',NULL,NULL,NULL,NULL,NULL,NULL,NULL,NULL,NULL,NULL,687,'687',NULL,NULL,20,NULL,36,1,NULL,NULL,NULL,NULL,NULL,NULL,687,NULL,NULL,'No'),('689',1,'Dujana',NULL,'2015-08-04',NULL,NULL,'2015-08-04',NULL,'Singh Raj','Sumit',NULL,NULL,'',689,'','','Indres',NULL,NULL,NULL,NULL,NULL,NULL,NULL,NULL,NULL,NULL,689,'689',NULL,NULL,18,NULL,33,1,NULL,NULL,NULL,NULL,NULL,NULL,689,NULL,NULL,'No'),('692',1,'Dhoom Manikpur',NULL,'2015-08-04',NULL,NULL,'2015-08-04',NULL,'Yogender Singh','Shailesh Tomar',NULL,NULL,'',692,'','','Preeti Tomar',NULL,NULL,NULL,NULL,NULL,NULL,NULL,NULL,NULL,NULL,692,'692',NULL,NULL,14,NULL,27,1,NULL,NULL,NULL,NULL,NULL,NULL,692,NULL,NULL,'No'),('697',1,'Mahawar',NULL,'2015-08-04',NULL,NULL,'2015-08-04',NULL,'Mangal Sg. Arya','Nidhi Arya',NULL,NULL,'',697,'','','Sudesh Arya',NULL,NULL,NULL,NULL,NULL,NULL,NULL,NULL,NULL,NULL,697,'697',NULL,NULL,13,NULL,40,1,NULL,NULL,NULL,NULL,NULL,NULL,697,NULL,NULL,'No'),('7',1,'Dairy Skinner',NULL,'2015-08-04',NULL,NULL,'2015-08-04',NULL,'Joginder Bhati','Aakash Bhati',NULL,NULL,'',7,'','','Geeta',NULL,NULL,NULL,NULL,NULL,NULL,NULL,NULL,NULL,NULL,7,'7',NULL,NULL,13,NULL,26,1,NULL,NULL,NULL,NULL,NULL,NULL,7,NULL,NULL,'No'),('700',1,'Accheja',NULL,'2015-08-04',NULL,NULL,'2015-08-04',NULL,'Omkar Nagar','Pushkar Nagar',NULL,NULL,'',700,'','','Kranti Nagar',NULL,NULL,NULL,NULL,NULL,NULL,NULL,NULL,NULL,NULL,700,'700',NULL,NULL,15,NULL,32,1,NULL,NULL,NULL,NULL,NULL,NULL,700,NULL,NULL,'No'),('714',1,'Badalpur',NULL,'2015-08-04',NULL,NULL,'2015-08-04',NULL,'Subhash Nagar','Vivek Nagar',NULL,NULL,'',714,'','','Raj Bala',NULL,NULL,NULL,NULL,NULL,NULL,NULL,NULL,NULL,NULL,714,'714',NULL,NULL,17,NULL,31,1,NULL,NULL,NULL,NULL,NULL,NULL,714,NULL,NULL,'No'),('717',1,'Bambawar',NULL,'2015-08-04',NULL,NULL,'2015-08-04',NULL,'Anil Nagar','Kanit Nagar',NULL,NULL,'',717,'','','Arachna',NULL,NULL,NULL,NULL,NULL,NULL,NULL,NULL,NULL,NULL,717,'717',NULL,NULL,16,NULL,30,1,NULL,NULL,NULL,NULL,NULL,NULL,717,NULL,NULL,'No'),('718',1,'Sadullapur',NULL,'2015-08-04',NULL,NULL,'2015-08-04',NULL,'Indraj Singh','Anshu',NULL,NULL,'',718,'','','Rita',NULL,NULL,NULL,NULL,NULL,NULL,NULL,NULL,NULL,NULL,718,'718',NULL,NULL,21,NULL,37,1,NULL,NULL,NULL,NULL,NULL,NULL,718,NULL,NULL,'No'),('730',1,'Dairy Macha',NULL,'2015-08-04',NULL,NULL,'2015-08-04',NULL,'Naval Singh','Shweta Singh',NULL,NULL,'',730,'','','Sushila Singh',NULL,NULL,NULL,NULL,NULL,NULL,NULL,NULL,NULL,NULL,730,'730',NULL,NULL,13,NULL,40,1,NULL,NULL,NULL,NULL,NULL,NULL,730,NULL,NULL,'No'),('731',1,'Kachera',NULL,'2015-08-04',NULL,NULL,'2015-08-04',NULL,'Balraj Nagar','Manish Nagar',NULL,NULL,'',731,'','','Dolly Nagar',NULL,NULL,NULL,NULL,NULL,NULL,NULL,NULL,NULL,NULL,731,'731',NULL,NULL,20,NULL,35,1,NULL,NULL,NULL,NULL,NULL,NULL,731,NULL,NULL,'No'),('75',1,'Sadopur',NULL,'2015-08-04',NULL,NULL,'2015-08-04',NULL,'Sunil Kuamr','Nitika',NULL,NULL,'',75,'','','Rajani',NULL,NULL,NULL,NULL,NULL,NULL,NULL,NULL,NULL,NULL,75,'75',NULL,NULL,14,NULL,27,1,NULL,NULL,NULL,NULL,NULL,NULL,75,NULL,NULL,'No'),('751',1,'Mahawar',NULL,'2015-08-04',NULL,NULL,'2015-08-04',NULL,'Ashok Arya','Sudhanshu Arya',NULL,NULL,'',751,'','','Sakuntala Arya',NULL,NULL,NULL,NULL,NULL,NULL,NULL,NULL,NULL,NULL,751,'751',NULL,NULL,13,NULL,26,1,NULL,NULL,NULL,NULL,NULL,NULL,751,NULL,NULL,'No'),('761',1,'Dhoom Manikpur',NULL,'2015-08-04',NULL,NULL,'2015-08-04',NULL,'Sunil Rajput','Ankit Rajput',NULL,NULL,'',761,'','','Seema Rajput',NULL,NULL,NULL,NULL,NULL,NULL,NULL,NULL,NULL,NULL,761,'761',NULL,NULL,13,NULL,40,1,NULL,NULL,NULL,NULL,NULL,NULL,761,NULL,NULL,'No'),('768',1,'Jaansiwana',NULL,'2015-08-04',NULL,NULL,'2015-08-04',NULL,'Dinesh Khari','Abhishek Khari',NULL,NULL,'',768,'','','Babita Devi',NULL,NULL,NULL,NULL,NULL,NULL,NULL,NULL,NULL,NULL,768,'768',NULL,NULL,20,NULL,35,1,NULL,NULL,NULL,NULL,NULL,NULL,768,NULL,NULL,'No'),('788',1,'Dujana',NULL,'2015-08-04',NULL,NULL,'2015-08-04',NULL,'Dhanpal Singh Nagar','Sourabh Nagar',NULL,NULL,'',788,'','','Mukesh Nagar',NULL,NULL,NULL,NULL,NULL,NULL,NULL,NULL,NULL,NULL,788,'788',NULL,NULL,18,NULL,33,1,NULL,NULL,NULL,NULL,NULL,NULL,788,NULL,NULL,'No'),('797',1,'Dujana',NULL,'2015-08-04',NULL,NULL,'2015-08-04',NULL,'Vinod Kumar','Shweta',NULL,NULL,'',797,'','','Sushma',NULL,NULL,NULL,NULL,NULL,NULL,NULL,NULL,NULL,NULL,797,'797',NULL,NULL,18,NULL,34,1,NULL,NULL,NULL,NULL,NULL,NULL,797,NULL,NULL,'No'),('804',1,'Bishnuli',NULL,'2015-08-04',NULL,NULL,'2015-08-04',NULL,'Anil','Dinesh Rousa',NULL,NULL,'',804,'','','Geeta',NULL,NULL,NULL,NULL,NULL,NULL,NULL,NULL,NULL,NULL,804,'804',NULL,NULL,12,NULL,25,1,NULL,NULL,NULL,NULL,NULL,NULL,804,NULL,NULL,'No'),('808',1,'Accheja',NULL,'2015-08-04',NULL,NULL,'2015-08-04',NULL,'Dharmender Nagar','Hritik Nagar',NULL,NULL,'',808,'','','Saroj Nagar',NULL,NULL,NULL,NULL,NULL,NULL,NULL,NULL,NULL,NULL,808,'808',NULL,NULL,12,NULL,25,1,NULL,NULL,NULL,NULL,NULL,NULL,808,NULL,NULL,'No'),('8080',1,'Achheja',NULL,'2015-08-04',NULL,NULL,'2015-08-04',NULL,'Kapil','Avnee',NULL,NULL,'',8080,'','','Mukesh',NULL,NULL,NULL,NULL,NULL,NULL,NULL,NULL,NULL,NULL,8080,'8080',NULL,NULL,1,NULL,1,1,NULL,NULL,NULL,NULL,NULL,NULL,8080,NULL,NULL,'No'),('8081',1,'Sadopur',NULL,'2015-08-04',NULL,NULL,'2015-08-04',NULL,'Rishipal','Isha Baisoya',NULL,NULL,'',8081,'','','Sonam Rathi',NULL,NULL,NULL,NULL,NULL,NULL,NULL,NULL,NULL,NULL,8081,'8081',NULL,NULL,1,NULL,1,1,NULL,NULL,NULL,NULL,NULL,NULL,8081,NULL,NULL,'No'),('8082',1,'Dairy Skinner',NULL,'2015-08-04',NULL,NULL,'2015-08-04',NULL,'Dinesh Bhati','Kanak Bhati',NULL,NULL,'',8082,'','','Indu Sharma',NULL,NULL,NULL,NULL,NULL,NULL,NULL,NULL,NULL,NULL,8082,'8082',NULL,NULL,1,NULL,1,1,NULL,NULL,NULL,NULL,NULL,NULL,8082,NULL,NULL,'No'),('8083',1,'Dujana',NULL,'2015-08-04',NULL,NULL,'2015-08-04',NULL,'Mukesh Verma','Kunal Verma',NULL,NULL,'',8083,'','','Poonam',NULL,NULL,NULL,NULL,NULL,NULL,NULL,NULL,NULL,NULL,8083,'8083',NULL,NULL,1,NULL,1,1,NULL,NULL,NULL,NULL,NULL,NULL,8083,NULL,NULL,'No'),('8084',1,'Dairy Machha',NULL,'2015-08-04',NULL,NULL,'2015-08-04',NULL,'Vineet','Priyank',NULL,NULL,'',8084,'','','Rashi Sharma',NULL,NULL,NULL,NULL,NULL,NULL,NULL,NULL,NULL,NULL,8084,'8084',NULL,NULL,1,NULL,1,1,NULL,NULL,NULL,NULL,NULL,NULL,8084,NULL,NULL,'No'),('8085',1,'Sadullapur',NULL,'2015-08-04',NULL,NULL,'2015-08-04',NULL,'Darshan Sharma','Abhimanyu Sharma',NULL,NULL,'',8085,'','','Reetu Mavi',NULL,NULL,NULL,NULL,NULL,NULL,NULL,NULL,NULL,NULL,8085,'8085',NULL,NULL,1,NULL,1,1,NULL,NULL,NULL,NULL,NULL,NULL,8085,NULL,NULL,'No'),('8086',1,'Sadopur',NULL,'2015-08-04',NULL,NULL,'2015-08-04',NULL,'Pawan Rathi','Akanshi Rathi',NULL,NULL,'',8086,'','','Reena Aggarwal',NULL,NULL,NULL,NULL,NULL,NULL,NULL,NULL,NULL,NULL,8086,'8086',NULL,NULL,1,NULL,1,1,NULL,NULL,NULL,NULL,NULL,NULL,8086,NULL,NULL,'No'),('8087',1,'Dujana',NULL,'2015-08-04',NULL,NULL,'2015-08-04',NULL,'Ramavtar','Abhinav Kapasia',NULL,NULL,'',8087,'','','',NULL,NULL,NULL,NULL,NULL,NULL,NULL,NULL,NULL,NULL,8087,'8087',NULL,NULL,1,NULL,1,1,NULL,NULL,NULL,NULL,NULL,NULL,8087,NULL,NULL,'No'),('8088',1,'Bisnouli',NULL,'2015-08-04',NULL,NULL,'2015-08-04',NULL,'Arun','Avnee',NULL,NULL,'',8088,'','','',NULL,NULL,NULL,NULL,NULL,NULL,NULL,NULL,NULL,NULL,8088,'8088',NULL,NULL,1,NULL,1,1,NULL,NULL,NULL,NULL,NULL,NULL,8088,NULL,NULL,'No'),('8089',1,'Sadopur',NULL,'2015-08-04',NULL,NULL,'2015-08-04',NULL,'Sandeep Sharma','Vanshika',NULL,NULL,'',8089,'','','',NULL,NULL,NULL,NULL,NULL,NULL,NULL,NULL,NULL,NULL,8089,'8089',NULL,NULL,1,NULL,1,1,NULL,NULL,NULL,NULL,NULL,NULL,8089,NULL,NULL,'No'),('809',1,'Khairpur',NULL,'2015-08-04',NULL,NULL,'2015-08-04',NULL,'Kamal Mundel','Tushar Mundel',NULL,NULL,'',809,'','','Neeta Mundel',NULL,NULL,NULL,NULL,NULL,NULL,NULL,NULL,NULL,NULL,809,'809',NULL,NULL,12,NULL,24,1,NULL,NULL,NULL,NULL,NULL,NULL,809,NULL,NULL,'No'),('8090',1,'Sadopur',NULL,'2015-08-04',NULL,NULL,'2015-08-04',NULL,'Mahesh','Bhavesh',NULL,NULL,'',8090,'','','',NULL,NULL,NULL,NULL,NULL,NULL,NULL,NULL,NULL,NULL,8090,'8090',NULL,NULL,1,NULL,1,1,NULL,NULL,NULL,NULL,NULL,NULL,8090,NULL,NULL,'No'),('8091',1,'Kuri Khera',NULL,'2015-08-04',NULL,NULL,'2015-08-04',NULL,'Umesh','Chhavi',NULL,NULL,'',8091,'','','',NULL,NULL,NULL,NULL,NULL,NULL,NULL,NULL,NULL,NULL,8091,'8091',NULL,NULL,1,NULL,1,1,NULL,NULL,NULL,NULL,NULL,NULL,8091,NULL,NULL,'No'),('8092',1,'Dairy Skinner',NULL,'2015-08-04',NULL,NULL,'2015-08-04',NULL,'Satish','Daksh',NULL,NULL,'',8092,'','','',NULL,NULL,NULL,NULL,NULL,NULL,NULL,NULL,NULL,NULL,8092,'8092',NULL,NULL,1,NULL,1,1,NULL,NULL,NULL,NULL,NULL,NULL,8092,NULL,NULL,'No'),('8093',1,'Dhoom Khera',NULL,'2015-08-04',NULL,NULL,'2015-08-04',NULL,'Rahul Sharma','Divyansh Sharma',NULL,NULL,'',8093,'','','',NULL,NULL,NULL,NULL,NULL,NULL,NULL,NULL,NULL,NULL,8093,'8093',NULL,NULL,1,NULL,1,1,NULL,NULL,NULL,NULL,NULL,NULL,8093,NULL,NULL,'No'),('8094',1,'Khera Dharam Pura',NULL,'2015-08-04',NULL,NULL,'2015-08-04',NULL,'Praveen Mavi','Ishita Mavi',NULL,NULL,'',8094,'','','',NULL,NULL,NULL,NULL,NULL,NULL,NULL,NULL,NULL,NULL,8094,'8094',NULL,NULL,1,NULL,1,1,NULL,NULL,NULL,NULL,NULL,NULL,8094,NULL,NULL,'No'),('8095',1,'Sadopur',NULL,'2015-08-04',NULL,NULL,'2015-08-04',NULL,'Deepak Aggarwal','Madhav Aggarwal',NULL,NULL,'',8095,'','','',NULL,NULL,NULL,NULL,NULL,NULL,NULL,NULL,NULL,NULL,8095,'8095',NULL,NULL,1,NULL,1,1,NULL,NULL,NULL,NULL,NULL,NULL,8095,NULL,NULL,'No'),('8096',1,'Kachhera',NULL,'2015-08-04',NULL,NULL,'2015-08-04',NULL,'Narender','Tanmay',NULL,NULL,'',8096,'','','',NULL,NULL,NULL,NULL,NULL,NULL,NULL,NULL,NULL,NULL,8096,'8096',NULL,NULL,1,NULL,1,1,NULL,NULL,NULL,NULL,NULL,NULL,8096,NULL,NULL,'No'),('8097',1,'Achheja',NULL,'2015-08-04',NULL,NULL,'2015-08-04',NULL,'Dherender Diwedi','Anant Diwedi',NULL,NULL,'',8097,'','','',NULL,NULL,NULL,NULL,NULL,NULL,NULL,NULL,NULL,NULL,8097,'8097',NULL,NULL,1,NULL,1,1,NULL,NULL,NULL,NULL,NULL,NULL,8097,NULL,NULL,'No'),('8098',1,'Saopur',NULL,'2015-08-04',NULL,NULL,'2015-08-04',NULL,'Rishipal','Abhay Baisoya',NULL,NULL,'',8098,'','','Babita',NULL,NULL,NULL,NULL,NULL,NULL,NULL,NULL,NULL,NULL,8098,'8098',NULL,NULL,2,NULL,2,1,NULL,NULL,NULL,NULL,NULL,NULL,8098,NULL,NULL,'No'),('8099',1,'Khera Dharampura',NULL,'2015-08-04',NULL,NULL,'2015-08-04',NULL,'Praveen Mavi','Bharat Mavi',NULL,NULL,'',8099,'','','O',NULL,NULL,NULL,NULL,NULL,NULL,NULL,NULL,NULL,NULL,8099,'8099',NULL,NULL,2,NULL,2,1,NULL,NULL,NULL,NULL,NULL,NULL,8099,NULL,NULL,'No'),('8100',1,'Dujana',NULL,'2015-08-04',NULL,NULL,'2015-08-04',NULL,'Samarpal','Yug',NULL,NULL,'',8100,'','','Mamta Kumari',NULL,NULL,NULL,NULL,NULL,NULL,NULL,NULL,NULL,NULL,8100,'8100',NULL,NULL,2,NULL,2,1,NULL,NULL,NULL,NULL,NULL,NULL,8100,NULL,NULL,'No'),('8101',1,'Dairy Machha',NULL,'2015-08-04',NULL,NULL,'2015-08-04',NULL,'Ravi','Vishakha',NULL,NULL,'',8101,'','','Namrata',NULL,NULL,NULL,NULL,NULL,NULL,NULL,NULL,NULL,NULL,8101,'8101',NULL,NULL,2,NULL,2,1,NULL,NULL,NULL,NULL,NULL,NULL,8101,NULL,NULL,'No'),('8102',1,'Bisnouli',NULL,'2015-08-04',NULL,NULL,'2015-08-04',NULL,'Kumar Rajesh','Soumtya Raj',NULL,NULL,'',8102,'','','Meena',NULL,NULL,NULL,NULL,NULL,NULL,NULL,NULL,NULL,NULL,8102,'8102',NULL,NULL,2,NULL,2,1,NULL,NULL,NULL,NULL,NULL,NULL,8102,NULL,NULL,'No'),('8103',1,'Chitthera',NULL,'2015-08-04',NULL,NULL,'2015-08-04',NULL,'Amit Bahti','Rushank Bhati',NULL,NULL,'',8103,'','','Archana Dixit',NULL,NULL,NULL,NULL,NULL,NULL,NULL,NULL,NULL,NULL,8103,'8103',NULL,NULL,2,NULL,2,1,NULL,NULL,NULL,NULL,NULL,NULL,8103,NULL,NULL,'No'),('8104',1,'Baidpura',NULL,'2015-08-04',NULL,NULL,'2015-08-04',NULL,'Nishant Garg','Purti Garg',NULL,NULL,'',8104,'','','',NULL,NULL,NULL,NULL,NULL,NULL,NULL,NULL,NULL,NULL,8104,'8104',NULL,NULL,2,NULL,2,1,NULL,NULL,NULL,NULL,NULL,NULL,8104,NULL,NULL,'No'),('8105',1,'Dujana',NULL,'2015-08-04',NULL,NULL,'2015-08-04',NULL,'Sunil','Naksh',NULL,NULL,'',8105,'','','',NULL,NULL,NULL,NULL,NULL,NULL,NULL,NULL,NULL,NULL,8105,'8105',NULL,NULL,2,NULL,2,1,NULL,NULL,NULL,NULL,NULL,NULL,8105,NULL,NULL,'No'),('8106',1,'Chaprulla',NULL,'2015-08-04',NULL,NULL,'2015-08-04',NULL,'Deepak','Lakshaya Kumar',NULL,NULL,'',8106,'','','',NULL,NULL,NULL,NULL,NULL,NULL,NULL,NULL,NULL,NULL,8106,'8106',NULL,NULL,2,NULL,2,1,NULL,NULL,NULL,NULL,NULL,NULL,8106,NULL,NULL,'No'),('8107',1,'Ghaziabad',NULL,'2015-08-04',NULL,NULL,'2015-08-04',NULL,'Bablu','Iqra',NULL,NULL,'',8107,'','','',NULL,NULL,NULL,NULL,NULL,NULL,NULL,NULL,NULL,NULL,8107,'8107',NULL,NULL,2,NULL,2,1,NULL,NULL,NULL,NULL,NULL,NULL,8107,NULL,NULL,'No'),('8108',1,'Badalpur',NULL,'2015-08-04',NULL,NULL,'2015-08-04',NULL,'Ravi Dixit','Chaitanya Garg',NULL,NULL,'',8108,'','','',NULL,NULL,NULL,NULL,NULL,NULL,NULL,NULL,NULL,NULL,8108,'8108',NULL,NULL,2,NULL,2,1,NULL,NULL,NULL,NULL,NULL,NULL,8108,NULL,NULL,'No'),('8109',1,'Badalpur',NULL,'2015-08-04',NULL,NULL,'2015-08-04',NULL,'Anil Nagar','Anushka Nagar',NULL,NULL,'',8109,'','','',NULL,NULL,NULL,NULL,NULL,NULL,NULL,NULL,NULL,NULL,8109,'8109',NULL,NULL,2,NULL,2,1,NULL,NULL,NULL,NULL,NULL,NULL,8109,NULL,NULL,'No'),('811',1,'Dujana',NULL,'2015-08-04',NULL,NULL,'2015-08-04',NULL,'Sanjeev Sharma','Mansi Sharma',NULL,NULL,'',811,'','','Asha Sharma',NULL,NULL,NULL,NULL,NULL,NULL,NULL,NULL,NULL,NULL,811,'811',NULL,NULL,12,NULL,24,1,NULL,NULL,NULL,NULL,NULL,NULL,811,NULL,NULL,'No'),('8110',1,'Dairy Machha',NULL,'2015-08-04',NULL,NULL,'2015-08-04',NULL,'Sharif Saifi','Aisha Saifi',NULL,NULL,'',8110,'','','',NULL,NULL,NULL,NULL,NULL,NULL,NULL,NULL,NULL,NULL,8110,'8110',NULL,NULL,2,NULL,2,1,NULL,NULL,NULL,NULL,NULL,NULL,8110,NULL,NULL,'No'),('8111',1,'Baidpura',NULL,'2015-08-04',NULL,NULL,'2015-08-04',NULL,'Sachin Garg','Aditi Garg',NULL,NULL,'',8111,'','','S',NULL,NULL,NULL,NULL,NULL,NULL,NULL,NULL,NULL,NULL,8111,'8111',NULL,NULL,3,NULL,3,1,NULL,NULL,NULL,NULL,NULL,NULL,8111,NULL,NULL,'No'),('8112',1,'Kachhera',NULL,'2015-08-04',NULL,NULL,'2015-08-04',NULL,'Sunil Kumar','Harsh',NULL,NULL,'',8112,'','','',NULL,NULL,NULL,NULL,NULL,NULL,NULL,NULL,NULL,NULL,8112,'8112',NULL,NULL,3,NULL,3,1,NULL,NULL,NULL,NULL,NULL,NULL,8112,NULL,NULL,'No'),('8113',1,'Sadopur',NULL,'2015-08-04',NULL,NULL,'2015-08-04',NULL,'Ratnesh Kumar','Kanchan Kanti',NULL,NULL,'',8113,'','','',NULL,NULL,NULL,NULL,NULL,NULL,NULL,NULL,NULL,NULL,8113,'8113',NULL,NULL,3,NULL,3,1,NULL,NULL,NULL,NULL,NULL,NULL,8113,NULL,NULL,'No'),('8114',1,'Sadopur',NULL,'2015-08-04',NULL,NULL,'2015-08-04',NULL,'Netrapal','Kanishk',NULL,NULL,'',8114,'','','',NULL,NULL,NULL,NULL,NULL,NULL,NULL,NULL,NULL,NULL,8114,'8114',NULL,NULL,3,NULL,3,1,NULL,NULL,NULL,NULL,NULL,NULL,8114,NULL,NULL,'No'),('8115',1,'Dhoom Manikpur',NULL,'2015-08-04',NULL,NULL,'2015-08-04',NULL,'Anand Mohan','Km.kritika',NULL,NULL,'',8115,'','','',NULL,NULL,NULL,NULL,NULL,NULL,NULL,NULL,NULL,NULL,8115,'8115',NULL,NULL,3,NULL,3,1,NULL,NULL,NULL,NULL,NULL,NULL,8115,NULL,NULL,'No'),('8116',1,'Dujana',NULL,'2015-08-04',NULL,NULL,'2015-08-04',NULL,'Pawan','Mayank',NULL,NULL,'',8116,'','','',NULL,NULL,NULL,NULL,NULL,NULL,NULL,NULL,NULL,NULL,8116,'8116',NULL,NULL,3,NULL,3,1,NULL,NULL,NULL,NULL,NULL,NULL,8116,NULL,NULL,'No'),('8117',1,'Dairy Machha',NULL,'2015-08-04',NULL,NULL,'2015-08-04',NULL,'Ajeet','Nitin',NULL,NULL,'',8117,'','','',NULL,NULL,NULL,NULL,NULL,NULL,NULL,NULL,NULL,NULL,8117,'8117',NULL,NULL,3,NULL,3,1,NULL,NULL,NULL,NULL,NULL,NULL,8117,NULL,NULL,'No'),('8118',1,'Dairy Machha',NULL,'2015-08-04',NULL,NULL,'2015-08-04',NULL,'Avdesh Sharma','Sunny Sharma',NULL,NULL,'',8118,'','','',NULL,NULL,NULL,NULL,NULL,NULL,NULL,NULL,NULL,NULL,8118,'8118',NULL,NULL,3,NULL,3,1,NULL,NULL,NULL,NULL,NULL,NULL,8118,NULL,NULL,'No'),('8119',1,'Dadri',NULL,'2015-08-04',NULL,NULL,'2015-08-04',NULL,'Furkan Rana','Adina Rana',NULL,NULL,'',8119,'','','',NULL,NULL,NULL,NULL,NULL,NULL,NULL,NULL,NULL,NULL,8119,'8119',NULL,NULL,3,NULL,3,1,NULL,NULL,NULL,NULL,NULL,NULL,8119,NULL,NULL,'No'),('812',1,'Bishnuli',NULL,'2015-08-04',NULL,NULL,'2015-08-04',NULL,'Sanjeev','Kajal Rousa',NULL,NULL,'',812,'','','Manju',NULL,NULL,NULL,NULL,NULL,NULL,NULL,NULL,NULL,NULL,812,'812',NULL,NULL,12,NULL,25,1,NULL,NULL,NULL,NULL,NULL,NULL,812,NULL,NULL,'No'),('8120',1,'Sadullapur',NULL,'2015-08-04',NULL,NULL,'2015-08-04',NULL,'Darshan Sharma','Abhay Sharma',NULL,NULL,'',8120,'','','',NULL,NULL,NULL,NULL,NULL,NULL,NULL,NULL,NULL,NULL,8120,'8120',NULL,NULL,3,NULL,3,1,NULL,NULL,NULL,NULL,NULL,NULL,8120,NULL,NULL,'No'),('8121',1,'Sadullapur',NULL,'2015-08-04',NULL,NULL,'2015-08-04',NULL,'Sanjay','Vishal',NULL,NULL,'',8121,'','','',NULL,NULL,NULL,NULL,NULL,NULL,NULL,NULL,NULL,NULL,8121,'8121',NULL,NULL,3,NULL,3,1,NULL,NULL,NULL,NULL,NULL,NULL,8121,NULL,NULL,'No'),('8122',1,'Sadopur',NULL,'2015-08-04',NULL,NULL,'2015-08-04',NULL,'Rupesh Sharma','Akshita Sharma',NULL,NULL,'',8122,'','','',NULL,NULL,NULL,NULL,NULL,NULL,NULL,NULL,NULL,NULL,8122,'8122',NULL,NULL,3,NULL,3,1,NULL,NULL,NULL,NULL,NULL,NULL,8122,NULL,NULL,'No'),('8123',1,'Achheja',NULL,'2015-08-04',NULL,NULL,'2015-08-04',NULL,'Jasvinder','Daksh',NULL,NULL,'',8123,'','','',NULL,NULL,NULL,NULL,NULL,NULL,NULL,NULL,NULL,NULL,8123,'8123',NULL,NULL,3,NULL,3,1,NULL,NULL,NULL,NULL,NULL,NULL,8123,NULL,NULL,'No'),('8124',1,'Sadopur',NULL,'2015-08-04',NULL,NULL,'2015-08-04',NULL,'Navneet Rajput','Jiya Rajput',NULL,NULL,'',8124,'','','',NULL,NULL,NULL,NULL,NULL,NULL,NULL,NULL,NULL,NULL,8124,'8124',NULL,NULL,3,NULL,3,1,NULL,NULL,NULL,NULL,NULL,NULL,8124,NULL,NULL,'No'),('8125',1,'Badalpur',NULL,'2015-08-04',NULL,NULL,'2015-08-04',NULL,'Amit','Kritika',NULL,NULL,'',8125,'','','',NULL,NULL,NULL,NULL,NULL,NULL,NULL,NULL,NULL,NULL,8125,'8125',NULL,NULL,3,NULL,3,1,NULL,NULL,NULL,NULL,NULL,NULL,8125,NULL,NULL,'No'),('8126',1,'Baidpura',NULL,'2015-08-04',NULL,NULL,'2015-08-04',NULL,'Gourav Garg','Mauli Garg',NULL,NULL,'',8126,'','','',NULL,NULL,NULL,NULL,NULL,NULL,NULL,NULL,NULL,NULL,8126,'8126',NULL,NULL,3,NULL,3,1,NULL,NULL,NULL,NULL,NULL,NULL,8126,NULL,NULL,'No'),('8127',1,'Bisnouli',NULL,'2015-08-04',NULL,NULL,'2015-08-04',NULL,'Chattar Singh','Rakshit Nagar',NULL,NULL,'',8127,'','','',NULL,NULL,NULL,NULL,NULL,NULL,NULL,NULL,NULL,NULL,8127,'8127',NULL,NULL,3,NULL,3,1,NULL,NULL,NULL,NULL,NULL,NULL,8127,NULL,NULL,'No'),('8128',1,'Achheja',NULL,'2015-08-04',NULL,NULL,'2015-08-04',NULL,'Kuldeep','Saksham',NULL,NULL,'',8128,'','','',NULL,NULL,NULL,NULL,NULL,NULL,NULL,NULL,NULL,NULL,8128,'8128',NULL,NULL,3,NULL,3,1,NULL,NULL,NULL,NULL,NULL,NULL,8128,NULL,NULL,'No'),('8129',1,'Bisnouli',NULL,'2015-08-04',NULL,NULL,'2015-08-04',NULL,'Arun','Aditya',NULL,NULL,'',8129,'','','',NULL,NULL,NULL,NULL,NULL,NULL,NULL,NULL,NULL,NULL,8129,'8129',NULL,NULL,3,NULL,3,1,NULL,NULL,NULL,NULL,NULL,NULL,8129,NULL,NULL,'No'),('8130',1,'DEMO NOIDA',NULL,'2015-08-21',NULL,'2015-08-21','2015-08-21','','DEMO','DEMO','Male','','',8130,'','1234567890','DEMO',NULL,'612f92','','parent.jpg','father.jpg','kids.jpg','defultimage.png','No','1231233','Hindu',22,'8130',NULL,4,1,1,1,1,4,1,42,'','','',8130,'',1,'NO'),('8131',1,'DEMO ENQUIRY',NULL,'2015-08-21',NULL,'2015-08-21','2015-08-21','','DEMO ENQUIRY','DEMO ENQUIRY','Male','','',8131,'','1234567890','DEMO ENQUIRY','','38cc5d','','parent.jpg','father.jpg','kids.jpg','defultimage.png','No','','',21,'8131',NULL,4,1,1,1,1,4,NULL,43,'','','',8131,NULL,1,'YES'),('8132',1,'DEMO ENQUIRY1 NOIDA',NULL,'2015-08-21',NULL,'2015-08-21','2015-08-21','','DEMO ENQUIRY1','DEMO ENQUIRY1','Male','','',8132,'','1234567890','DEMO ENQUIRY1','','167756','','parent.jpg','father.jpg','kids.jpg','defultimage.png','Yes','','',22,'8132',NULL,4,1,1,1,1,4,NULL,44,'','','',8132,NULL,1,'YES'),('8133',1,'DEMO ENQUIRY',NULL,'2015-08-21',NULL,'2015-08-21','2015-08-21','','DEMO ENQUIRY','DEMO ENQUIRY','Male',NULL,'',8131,'','1234567890','DEMO ENQUIRY','','123456','','parent.jpg','father.jpg','kids.jpg','defultimage.png','No','','',21,'8131','2015-08-21 18:15:20',4,2,1,2,3,4,NULL,45,NULL,NULL,NULL,8133,NULL,1,'NO'),('8134',1,'DEMO ENQUIRY1 NOIDA',NULL,'2015-08-21',NULL,'2015-08-21','2015-08-21','','DEMO ENQUIRY1','DEMO ENQUIRY1','Male',NULL,'',8132,'','1234567890','DEMO ENQUIRY1','','123456','','parent.jpg','father.jpg','kids.jpg','defultimage.png','Yes','','',22,'8132','2015-09-08 11:07:41',4,2,1,2,3,4,NULL,46,NULL,NULL,NULL,8134,NULL,1,'NO'),('8135',1,'G-105, Noida',NULL,'2015-09-16',NULL,'2015-09-09','2015-09-09','','ASHISH JAIN','Ankit','Male','','',8133,'','8998898989','Vimla Devi',NULL,'fcc00e','','parent.jpg','father.jpg','kids.jpg','defultimage.png','No','','Hindu',33,'8135',NULL,6,8,1,15,1,4,2,47,'','','',8135,'',8,'NO'),('8136',1,'P-34, pvt colony sri niwas puri new delhi 110065',NULL,'2015-09-15',NULL,'2015-09-09','2015-09-08','','Parmod','Ankit','Male','','',8134,'','6565655556','Reena Roy',NULL,'f867e1','','parent.jpg','father.jpg','kids.jpg','defultimage.png','No','','',34,'8136',NULL,4,8,1,15,1,4,NULL,48,'','','',8136,'',8,'NO'),('821',1,'Sadopur',NULL,'2015-08-04',NULL,NULL,'2015-08-04',NULL,'Surender Sharma','Aditya Shamra',NULL,NULL,'',821,'','','Kuntesh Sharma',NULL,NULL,NULL,NULL,NULL,NULL,NULL,NULL,NULL,NULL,821,'821',NULL,NULL,12,NULL,25,1,NULL,NULL,NULL,NULL,NULL,NULL,821,NULL,NULL,'No'),('822',1,'Bishnuli',NULL,'2015-08-04',NULL,NULL,'2015-08-04',NULL,'Ajay','Nishu Rousa',NULL,NULL,'',822,'','','Rashmi',NULL,NULL,NULL,NULL,NULL,NULL,NULL,NULL,NULL,NULL,822,'822',NULL,NULL,12,NULL,25,1,NULL,NULL,NULL,NULL,NULL,NULL,822,NULL,NULL,'No'),('825',1,'Jaansiwana',NULL,'2015-08-04',NULL,NULL,'2015-08-04',NULL,'Omprakash Khari','Prashant Khari',NULL,NULL,'',825,'','','Savita',NULL,NULL,NULL,NULL,NULL,NULL,NULL,NULL,NULL,NULL,825,'825',NULL,NULL,12,NULL,25,1,NULL,NULL,NULL,NULL,NULL,NULL,825,NULL,NULL,'No'),('829',1,'Dairy MAccha',NULL,'2015-08-04',NULL,NULL,'2015-08-04',NULL,'Jagbeer Nagar','Gourav Nagar',NULL,NULL,'',829,'','','Babita Nagar',NULL,NULL,NULL,NULL,NULL,NULL,NULL,NULL,NULL,NULL,829,'829',NULL,NULL,12,NULL,25,1,NULL,NULL,NULL,NULL,NULL,NULL,829,NULL,NULL,'No'),('834',1,'Sadopur',NULL,'2015-08-04',NULL,NULL,'2015-08-04',NULL,'Krishan Kr. Baisoya','Abhishek Baisoya',NULL,NULL,'',834,'','','Kusum Devi',NULL,NULL,NULL,NULL,NULL,NULL,NULL,NULL,NULL,NULL,834,'834',NULL,NULL,12,NULL,25,1,NULL,NULL,NULL,NULL,NULL,NULL,834,NULL,NULL,'No'),('836',1,'Accheja',NULL,'2015-08-04',NULL,NULL,'2015-08-04',NULL,'Devender Nagar','Tushar Nagar',NULL,NULL,'',836,'','','Satto Nagar',NULL,NULL,NULL,NULL,NULL,NULL,NULL,NULL,NULL,NULL,836,'836',NULL,NULL,12,NULL,25,1,NULL,NULL,NULL,NULL,NULL,NULL,836,NULL,NULL,'No'),('838',1,'Kurikhera',NULL,'2015-08-04',NULL,NULL,'2015-08-04',NULL,'Ajab Singh','Kritesh Nagar',NULL,NULL,'',838,'','','Sunita Devi',NULL,NULL,NULL,NULL,NULL,NULL,NULL,NULL,NULL,NULL,838,'838',NULL,NULL,12,NULL,25,1,NULL,NULL,NULL,NULL,NULL,NULL,838,NULL,NULL,'No'),('84',1,'Dairy Maccha',NULL,'2015-08-04',NULL,NULL,'2015-08-04',NULL,'Rakesh','Mansi Singh',NULL,NULL,'',84,'','','Sharda',NULL,NULL,NULL,NULL,NULL,NULL,NULL,NULL,NULL,NULL,84,'84',NULL,NULL,20,NULL,35,1,NULL,NULL,NULL,NULL,NULL,NULL,84,NULL,NULL,'No'),('840',1,'Sadopur',NULL,'2015-08-04',NULL,NULL,'2015-08-04',NULL,'Omkar','Abhishek Baisoya',NULL,NULL,'',840,'','','Nirmala',NULL,NULL,NULL,NULL,NULL,NULL,NULL,NULL,NULL,NULL,840,'840',NULL,NULL,12,NULL,24,1,NULL,NULL,NULL,NULL,NULL,NULL,840,NULL,NULL,'No'),('850',1,'Bishnuli',NULL,'2015-08-04',NULL,NULL,'2015-08-04',NULL,'Pawan Bhati','Abhishek Bhati',NULL,NULL,'',850,'','','Anita Bhati',NULL,NULL,NULL,NULL,NULL,NULL,NULL,NULL,NULL,NULL,850,'850',NULL,NULL,12,NULL,25,1,NULL,NULL,NULL,NULL,NULL,NULL,850,NULL,NULL,'No'),('852',1,'Accheja',NULL,'2015-08-04',NULL,NULL,'2015-08-04',NULL,'Rakesh','Shubham Kumar',NULL,NULL,'',852,'','','Anita',NULL,NULL,NULL,NULL,NULL,NULL,NULL,NULL,NULL,NULL,852,'852',NULL,NULL,12,NULL,25,1,NULL,NULL,NULL,NULL,NULL,NULL,852,NULL,NULL,'No'),('853',1,'Dhoom khera',NULL,'2015-08-04',NULL,NULL,'2015-08-04',NULL,'Vikas','Anchal',NULL,NULL,'',853,'','','Kusum',NULL,NULL,NULL,NULL,NULL,NULL,NULL,NULL,NULL,NULL,853,'853',NULL,NULL,12,NULL,25,1,NULL,NULL,NULL,NULL,NULL,NULL,853,NULL,NULL,'No'),('854',1,'Dujana',NULL,'2015-08-04',NULL,NULL,'2015-08-04',NULL,'Vinod Nagar','Abhishek Nagar',NULL,NULL,'',854,'','','Sushma Nagar',NULL,NULL,NULL,NULL,NULL,NULL,NULL,NULL,NULL,NULL,854,'854',NULL,NULL,12,NULL,25,1,NULL,NULL,NULL,NULL,NULL,NULL,854,NULL,NULL,'No'),('858',1,'Saini',NULL,'2015-08-04',NULL,NULL,'2015-08-04',NULL,'Naresh Nagar','Rohit Nagar',NULL,NULL,'',858,'','','Rajwati',NULL,NULL,NULL,NULL,NULL,NULL,NULL,NULL,NULL,NULL,858,'858',NULL,NULL,12,NULL,25,1,NULL,NULL,NULL,NULL,NULL,NULL,858,NULL,NULL,'No'),('859',1,'Sadopur',NULL,'2015-08-04',NULL,NULL,'2015-08-04',NULL,'Pramod Shrama','Anurag Sharma',NULL,NULL,'',859,'','','Renu Sharma',NULL,NULL,NULL,NULL,NULL,NULL,NULL,NULL,NULL,NULL,859,'859',NULL,NULL,12,NULL,24,1,NULL,NULL,NULL,NULL,NULL,NULL,859,NULL,NULL,'No'),('866',1,'Kurikhera',NULL,'2015-08-04',NULL,NULL,'2015-08-04',NULL,'Surender Sharma','Mukesh Sharma',NULL,NULL,'',866,'','','Babita',NULL,NULL,NULL,NULL,NULL,NULL,NULL,NULL,NULL,NULL,866,'866',NULL,NULL,12,NULL,25,1,NULL,NULL,NULL,NULL,NULL,NULL,866,NULL,NULL,'No'),('867',1,'Dadri',NULL,'2015-08-04',NULL,NULL,'2015-08-04',NULL,'Naresh Shishodia','Aadya Shishodia',NULL,NULL,'',867,'','','Hemlata Shishodia',NULL,NULL,NULL,NULL,NULL,NULL,NULL,NULL,NULL,NULL,867,'867',NULL,NULL,12,NULL,24,1,NULL,NULL,NULL,NULL,NULL,NULL,867,NULL,NULL,'No'),('870',1,'Sadopur',NULL,'2015-08-04',NULL,NULL,'2015-08-04',NULL,'Ravi Dutt','Avneet Kumar',NULL,NULL,'',870,'','','Darshan',NULL,NULL,NULL,NULL,NULL,NULL,NULL,NULL,NULL,NULL,870,'870',NULL,NULL,12,NULL,25,1,NULL,NULL,NULL,NULL,NULL,NULL,870,NULL,NULL,'No'),('873',1,'Dairy Maccha',NULL,'2015-08-04',NULL,NULL,'2015-08-04',NULL,'Arun Kumar Sharma','Darsh Sharma',NULL,NULL,'',873,'','','Lata',NULL,NULL,NULL,NULL,NULL,NULL,NULL,NULL,NULL,NULL,873,'873',NULL,NULL,12,NULL,24,1,NULL,NULL,NULL,NULL,NULL,NULL,873,NULL,NULL,'No'),('879',1,'Dairy Maccha',NULL,'2015-08-04',NULL,NULL,'2015-08-04',NULL,'Ajay Shamra','Somya Shamra',NULL,NULL,'',879,'','','Geeta Sharma',NULL,NULL,NULL,NULL,NULL,NULL,NULL,NULL,NULL,NULL,879,'879',NULL,NULL,12,NULL,25,1,NULL,NULL,NULL,NULL,NULL,NULL,879,NULL,NULL,'No'),('883',1,'Sadopur',NULL,'2015-08-04',NULL,NULL,'2015-08-04',NULL,'Tej Singh','Prashant Baisoya',NULL,NULL,'',883,'','','Bimlesh',NULL,NULL,NULL,NULL,NULL,NULL,NULL,NULL,NULL,NULL,883,'883',NULL,NULL,12,NULL,25,1,NULL,NULL,NULL,NULL,NULL,NULL,883,NULL,NULL,'No'),('885',1,'Dairy Maccha',NULL,'2015-08-04',NULL,NULL,'2015-08-04',NULL,'Pratap Nagar','Sweety Nagar',NULL,NULL,'',885,'','','Bimlesh',NULL,NULL,NULL,NULL,NULL,NULL,NULL,NULL,NULL,NULL,885,'885',NULL,NULL,12,NULL,25,1,NULL,NULL,NULL,NULL,NULL,NULL,885,NULL,NULL,'No'),('887',1,'Saini',NULL,'2015-08-04',NULL,NULL,'2015-08-04',NULL,'Naresh','Pooja Nagar',NULL,NULL,'',887,'','','Rajwati',NULL,NULL,NULL,NULL,NULL,NULL,NULL,NULL,NULL,NULL,887,'887',NULL,NULL,12,NULL,25,1,NULL,NULL,NULL,NULL,NULL,NULL,887,NULL,NULL,'No'),('888',1,'Dairy MAccha',NULL,'2015-08-04',NULL,NULL,'2015-08-04',NULL,'Naval Singh','Abhishek Singh',NULL,NULL,'',888,'','','Sushila Singh',NULL,NULL,NULL,NULL,NULL,NULL,NULL,NULL,NULL,NULL,888,'888',NULL,NULL,12,NULL,24,1,NULL,NULL,NULL,NULL,NULL,NULL,888,NULL,NULL,'No'),('892',1,'Badalpur',NULL,'2015-08-04',NULL,NULL,'2015-08-04',NULL,'Azad Nagar','Ritika Nagar',NULL,NULL,'',892,'','','Manju',NULL,NULL,NULL,NULL,NULL,NULL,NULL,NULL,NULL,NULL,892,'892',NULL,NULL,12,NULL,25,1,NULL,NULL,NULL,NULL,NULL,NULL,892,NULL,NULL,'No'),('893',1,'Dhoom',NULL,'2015-08-04',NULL,NULL,'2015-08-04',NULL,'Satish Nagar','Vineet Nagar',NULL,NULL,'',893,'','','Shashi',NULL,NULL,NULL,NULL,NULL,NULL,NULL,NULL,NULL,NULL,893,'893',NULL,NULL,12,NULL,25,1,NULL,NULL,NULL,NULL,NULL,NULL,893,NULL,NULL,'No'),('897',1,'Dhoom',NULL,'2015-08-04',NULL,NULL,'2015-08-04',NULL,'Satish Nagar','Vipin Nagar',NULL,NULL,'',897,'','','Shashi',NULL,NULL,NULL,NULL,NULL,NULL,NULL,NULL,NULL,NULL,897,'897',NULL,NULL,12,NULL,25,1,NULL,NULL,NULL,NULL,NULL,NULL,897,NULL,NULL,'No'),('902',1,'Badalpur',NULL,'2015-08-04',NULL,NULL,'2015-08-04',NULL,'Latoor Singh','Sachin Nagar',NULL,NULL,'',902,'','','Savita',NULL,NULL,NULL,NULL,NULL,NULL,NULL,NULL,NULL,NULL,902,'902',NULL,NULL,12,NULL,25,1,NULL,NULL,NULL,NULL,NULL,NULL,902,NULL,NULL,'No'),('904',1,'Dairy Maccha',NULL,'2015-08-04',NULL,NULL,'2015-08-04',NULL,'Lakhraj','Avantika',NULL,NULL,'',904,'','','Pushpa',NULL,NULL,NULL,NULL,NULL,NULL,NULL,NULL,NULL,NULL,904,'904',NULL,NULL,16,NULL,30,1,NULL,NULL,NULL,NULL,NULL,NULL,904,NULL,NULL,'No'),('907',1,'Dujana',NULL,'2015-08-04',NULL,NULL,'2015-08-04',NULL,'Narender','Anil Nagar',NULL,NULL,'',907,'','','Savitri',NULL,NULL,NULL,NULL,NULL,NULL,NULL,NULL,NULL,NULL,907,'907',NULL,NULL,15,NULL,32,1,NULL,NULL,NULL,NULL,NULL,NULL,907,NULL,NULL,'No'),('911',1,'Badalpur',NULL,'2015-08-04',NULL,NULL,'2015-08-04',NULL,'Ajaypal Sg. Nagar','Vijay Nagar',NULL,NULL,'',911,'','','Mamvati Devi',NULL,NULL,NULL,NULL,NULL,NULL,NULL,NULL,NULL,NULL,911,'911',NULL,NULL,13,NULL,26,1,NULL,NULL,NULL,NULL,NULL,NULL,911,NULL,NULL,'No'),('916',1,'Dairy Maccha',NULL,'2015-08-04',NULL,NULL,'2015-08-04',NULL,'Vinod Nagar','Apil Nagar',NULL,NULL,'',916,'','','Bala Nagar',NULL,NULL,NULL,NULL,NULL,NULL,NULL,NULL,NULL,NULL,916,'916',NULL,NULL,13,NULL,26,1,NULL,NULL,NULL,NULL,NULL,NULL,916,NULL,NULL,'No'),('922',1,'Sadullapur',NULL,'2015-08-04',NULL,NULL,'2015-08-04',NULL,'Anil Kumar','Atul Kumar',NULL,NULL,'',922,'','','Sunita Kumar',NULL,NULL,NULL,NULL,NULL,NULL,NULL,NULL,NULL,NULL,922,'922',NULL,NULL,13,NULL,26,1,NULL,NULL,NULL,NULL,NULL,NULL,922,NULL,NULL,'No'),('923',1,'Badalpur',NULL,'2015-08-04',NULL,NULL,'2015-08-04',NULL,'Virender Nagar','Mintu Nagar',NULL,NULL,'',923,'','','Munesh Devi',NULL,NULL,NULL,NULL,NULL,NULL,NULL,NULL,NULL,NULL,923,'923',NULL,NULL,13,NULL,26,1,NULL,NULL,NULL,NULL,NULL,NULL,923,NULL,NULL,'No'),('926',1,'Khera Dharam Pura',NULL,'2015-08-04',NULL,NULL,'2015-08-04',NULL,'Om Prakash Sharma','Prachi  Sharma',NULL,NULL,'',926,'','','Asha Sharma',NULL,NULL,NULL,NULL,NULL,NULL,NULL,NULL,NULL,NULL,926,'926',NULL,NULL,13,NULL,40,1,NULL,NULL,NULL,NULL,NULL,NULL,926,NULL,NULL,'No'),('928',1,'Sadullapur',NULL,'2015-08-04',NULL,NULL,'2015-08-04',NULL,'Sunil','Ritu Pawar',NULL,NULL,'',928,'','','Rajesh',NULL,NULL,NULL,NULL,NULL,NULL,NULL,NULL,NULL,NULL,928,'928',NULL,NULL,15,NULL,32,1,NULL,NULL,NULL,NULL,NULL,NULL,928,NULL,NULL,'No'),('929',1,'Dairy Maccha',NULL,'2015-08-04',NULL,NULL,'2015-08-04',NULL,'Bijendra','Priya',NULL,NULL,'',929,'','','Sunita',NULL,NULL,NULL,NULL,NULL,NULL,NULL,NULL,NULL,NULL,929,'929',NULL,NULL,15,NULL,28,1,NULL,NULL,NULL,NULL,NULL,NULL,929,NULL,NULL,'No'),('932',1,'Dairy MAccha',NULL,'2015-08-04',NULL,NULL,'2015-08-04',NULL,'Vinod','Priya',NULL,NULL,'',932,'','','Savita',NULL,NULL,NULL,NULL,NULL,NULL,NULL,NULL,NULL,NULL,932,'932',NULL,NULL,15,NULL,28,1,NULL,NULL,NULL,NULL,NULL,NULL,932,NULL,NULL,'No'),('939',1,'Saddopur',NULL,'2015-08-04',NULL,NULL,'2015-08-04',NULL,'Ravinder Singh','Sagar Baisoya',NULL,NULL,'',939,'','','Sudesh Devi',NULL,NULL,NULL,NULL,NULL,NULL,NULL,NULL,NULL,NULL,939,'939',NULL,NULL,13,NULL,40,1,NULL,NULL,NULL,NULL,NULL,NULL,939,NULL,NULL,'No'),('943',1,'Sadullapur',NULL,'2015-08-04',NULL,NULL,'2015-08-04',NULL,'Satya Prakash','Nishant Kumar',NULL,NULL,'',943,'','','Saroj Bala',NULL,NULL,NULL,NULL,NULL,NULL,NULL,NULL,NULL,NULL,943,'943',NULL,NULL,13,NULL,26,1,NULL,NULL,NULL,NULL,NULL,NULL,943,NULL,NULL,'No'),('944',1,'Bishnuli',NULL,'2015-08-04',NULL,NULL,'2015-08-04',NULL,'Vijay Pal Rousa','Ankit Rousa',NULL,NULL,'',944,'','','Kusum',NULL,NULL,NULL,NULL,NULL,NULL,NULL,NULL,NULL,NULL,944,'944',NULL,NULL,15,NULL,32,1,NULL,NULL,NULL,NULL,NULL,NULL,944,NULL,NULL,'No'),('951',1,'badalpur',NULL,'2015-08-04',NULL,NULL,'2015-08-04',NULL,'Jagveer','Vikas Nagar',NULL,NULL,'',951,'','','Shashi Devi',NULL,NULL,NULL,NULL,NULL,NULL,NULL,NULL,NULL,NULL,951,'951',NULL,NULL,15,NULL,32,1,NULL,NULL,NULL,NULL,NULL,NULL,951,NULL,NULL,'No'),('956',1,'Kheda Dharam Pura',NULL,'2015-08-04',NULL,NULL,'2015-08-04',NULL,'Chand Prakash','Vishal Sharma',NULL,NULL,'',956,'','','Kiran Sharma',NULL,NULL,NULL,NULL,NULL,NULL,NULL,NULL,NULL,NULL,956,'956',NULL,NULL,17,NULL,31,1,NULL,NULL,NULL,NULL,NULL,NULL,956,NULL,NULL,'No'),('963',1,'Dhoom',NULL,'2015-08-04',NULL,NULL,'2015-08-04',NULL,'Anil Kumar','Sohit Kumar',NULL,NULL,'',963,'','','Munesh Devi',NULL,NULL,NULL,NULL,NULL,NULL,NULL,NULL,NULL,NULL,963,'963',NULL,NULL,20,NULL,36,1,NULL,NULL,NULL,NULL,NULL,NULL,963,NULL,NULL,'No'),('967',1,'Badalpur',NULL,'2015-08-04',NULL,NULL,'2015-08-04',NULL,'Balraj Singh','Mohit Nagar',NULL,NULL,'',967,'','','Seema',NULL,NULL,NULL,NULL,NULL,NULL,NULL,NULL,NULL,NULL,967,'967',NULL,NULL,20,NULL,35,1,NULL,NULL,NULL,NULL,NULL,NULL,967,NULL,NULL,'No'),('983',1,'Sadopur',NULL,'2015-08-04',NULL,NULL,'2015-08-04',NULL,'Tejpal','Shalini',NULL,NULL,'',983,'','','Kamlesh',NULL,NULL,NULL,NULL,NULL,NULL,NULL,NULL,NULL,NULL,983,'983',NULL,NULL,18,NULL,34,1,NULL,NULL,NULL,NULL,NULL,NULL,983,NULL,NULL,'No'),('99',1,'Dairy MAccha',NULL,'2015-08-04',NULL,NULL,'2015-08-04',NULL,'Hemkaran','Pooja Nagar',NULL,NULL,'',99,'','','Sudesh',NULL,NULL,NULL,NULL,NULL,NULL,NULL,NULL,NULL,NULL,99,'99',NULL,NULL,13,NULL,26,1,NULL,NULL,NULL,NULL,NULL,NULL,99,NULL,NULL,'No'),('997',1,'Dairy Maccha',NULL,'2015-08-04',NULL,NULL,'2015-08-04',NULL,'Malkhan Singh','Sakshi',NULL,NULL,'',997,'','','Suman Devi',NULL,NULL,NULL,NULL,NULL,NULL,NULL,NULL,NULL,NULL,997,'997',NULL,NULL,11,NULL,21,1,NULL,NULL,NULL,NULL,NULL,NULL,997,NULL,NULL,'No'),('999',1,'Sadopur',NULL,'2015-08-04',NULL,NULL,'2015-08-04',NULL,'Pramod Kr. Sharma','Prashant Sharma',NULL,NULL,'',999,'','','Renu Sharma',NULL,NULL,NULL,NULL,NULL,NULL,NULL,NULL,NULL,NULL,999,'999',NULL,NULL,20,NULL,36,1,NULL,NULL,NULL,NULL,NULL,NULL,999,NULL,NULL,'No');

/*Table structure for table `subjects` */

DROP TABLE IF EXISTS `subjects`;

CREATE TABLE `subjects` (
  `subject_id` int(11) NOT NULL AUTO_INCREMENT,
  `isActive` tinyint(1) DEFAULT NULL,
  `subject_name` varchar(255) DEFAULT NULL,
  `section_id` int(11) DEFAULT NULL,
  `session_id` int(11) DEFAULT NULL,
  `class_id` int(11) DEFAULT NULL,
  PRIMARY KEY (`subject_id`),
  KEY `FK84A050C7AA42F28B` (`section_id`),
  KEY `FK84A050C7F45088EB` (`session_id`),
  KEY `FK84A050C767C2729C` (`class_id`),
  CONSTRAINT `FK84A050C767C2729C` FOREIGN KEY (`class_id`) REFERENCES `class` (`class_id`),
  CONSTRAINT `FK84A050C7AA42F28B` FOREIGN KEY (`section_id`) REFERENCES `section` (`section_id`),
  CONSTRAINT `FK84A050C7F45088EB` FOREIGN KEY (`session_id`) REFERENCES `session` (`session_id`)
) ENGINE=InnoDB AUTO_INCREMENT=5 DEFAULT CHARSET=latin1;

/*Data for the table `subjects` */

insert  into `subjects`(`subject_id`,`isActive`,`subject_name`,`section_id`,`session_id`,`class_id`) values (1,1,'English',1,1,1),(2,1,'Math',1,1,1),(3,1,'English',15,1,8),(4,1,'Maths',15,1,8);

/*Table structure for table `supplier` */

DROP TABLE IF EXISTS `supplier`;

CREATE TABLE `supplier` (
  `supplier_id` int(11) NOT NULL AUTO_INCREMENT,
  `is_active` tinyint(1) DEFAULT NULL,
  `address` varchar(255) DEFAULT NULL,
  `company_name` varchar(255) DEFAULT NULL,
  `contact_no` int(11) DEFAULT NULL,
  `country` varchar(255) DEFAULT NULL,
  `email_id` varchar(255) DEFAULT NULL,
  `fitst_name` varchar(255) DEFAULT NULL,
  `gender` varchar(255) DEFAULT NULL,
  `last_name` varchar(255) DEFAULT NULL,
  `product_category` varchar(255) DEFAULT NULL,
  `product_name` varchar(255) DEFAULT NULL,
  `recipt_code` varchar(255) DEFAULT NULL,
  `state` varchar(255) DEFAULT NULL,
  `website_url` varchar(255) DEFAULT NULL,
  PRIMARY KEY (`supplier_id`)
) ENGINE=InnoDB DEFAULT CHARSET=latin1;

/*Data for the table `supplier` */

/*Table structure for table `transport` */

DROP TABLE IF EXISTS `transport`;

CREATE TABLE `transport` (
  `transportId` int(11) NOT NULL AUTO_INCREMENT,
  `is_active` tinyint(1) DEFAULT NULL,
  `common_reciptNo` varchar(255) DEFAULT NULL,
  `dueTransportAmount` varchar(255) DEFAULT NULL,
  `fee_paid_date` date DEFAULT NULL,
  `total_amount` double DEFAULT NULL,
  `recentPaidTransportAmount` varchar(255) DEFAULT NULL,
  `recipt_no` varchar(255) DEFAULT NULL,
  `student_feeSubmissionId` int(11) DEFAULT NULL,
  `student_id` varchar(255) DEFAULT NULL,
  `month_id` int(11) DEFAULT NULL,
  PRIMARY KEY (`transportId`),
  KEY `FK3EC2F7298F995BA5` (`student_feeSubmissionId`),
  KEY `FK3EC2F729759AFE66` (`student_id`),
  CONSTRAINT `FK3EC2F729759AFE66` FOREIGN KEY (`student_id`) REFERENCES `students` (`student_admission_number`),
  CONSTRAINT `FK3EC2F7298F995BA5` FOREIGN KEY (`student_feeSubmissionId`) REFERENCES `student_fee_submission_details` (`student_fee_submission_details_id`)
) ENGINE=InnoDB AUTO_INCREMENT=2 DEFAULT CHARSET=latin1;

/*Data for the table `transport` */

insert  into `transport`(`transportId`,`is_active`,`common_reciptNo`,`dueTransportAmount`,`fee_paid_date`,`total_amount`,`recentPaidTransportAmount`,`recipt_no`,`student_feeSubmissionId`,`student_id`,`month_id`) values (1,1,'1','9000.0',NULL,10000,'1000.0','50501',1,'8130',1);

/*Table structure for table `uniform_purchase` */

DROP TABLE IF EXISTS `uniform_purchase`;

CREATE TABLE `uniform_purchase` (
  `product_purchase_id` int(11) NOT NULL AUTO_INCREMENT,
  `is_active` tinyint(1) DEFAULT NULL,
  `amount` int(11) DEFAULT NULL,
  `quantity_bought` int(11) DEFAULT NULL,
  `date_of_purchase` datetime DEFAULT NULL,
  `net_amount` int(11) DEFAULT NULL,
  `product_no` int(11) DEFAULT NULL,
  `quantity_remaining` int(11) DEFAULT NULL,
  `shop_name` varchar(255) DEFAULT NULL,
  `uniform_category` varchar(255) DEFAULT NULL,
  `uniform_name` varchar(255) DEFAULT NULL,
  `uniform_price` int(11) DEFAULT NULL,
  `uniform_size` varchar(255) DEFAULT NULL,
  `stock_purchase_id` int(11) DEFAULT NULL,
  PRIMARY KEY (`product_purchase_id`),
  KEY `FK7490072C55680F01` (`stock_purchase_id`),
  CONSTRAINT `FK7490072C55680F01` FOREIGN KEY (`stock_purchase_id`) REFERENCES `uniform_supplier` (`stock_purchase_id`)
) ENGINE=InnoDB DEFAULT CHARSET=latin1;

/*Data for the table `uniform_purchase` */

/*Table structure for table `uniform_supplier` */

DROP TABLE IF EXISTS `uniform_supplier`;

CREATE TABLE `uniform_supplier` (
  `stock_purchase_id` int(11) NOT NULL AUTO_INCREMENT,
  `is_active` tinyint(1) DEFAULT NULL,
  `balance_amount` int(11) DEFAULT NULL,
  `bank_name` varchar(255) DEFAULT NULL,
  `cheque_no` int(11) DEFAULT NULL,
  `date_of_purchase` datetime DEFAULT NULL,
  `discount` int(11) DEFAULT NULL,
  `dues` int(11) DEFAULT NULL,
  `gross_amount` int(11) DEFAULT NULL,
  `in_word` varchar(255) DEFAULT NULL,
  `paid_amount` int(11) DEFAULT NULL,
  `paid_status` varchar(255) DEFAULT NULL,
  `payment_mode` varchar(255) DEFAULT NULL,
  `receipt_no` int(11) DEFAULT NULL,
  `supplier_name` varchar(255) DEFAULT NULL,
  `supplier_no` varchar(255) DEFAULT NULL,
  PRIMARY KEY (`stock_purchase_id`)
) ENGINE=InnoDB DEFAULT CHARSET=latin1;

/*Data for the table `uniform_supplier` */

/*Table structure for table `user` */

DROP TABLE IF EXISTS `user`;

CREATE TABLE `user` (
  `ID` int(11) NOT NULL AUTO_INCREMENT,
  `USERNAME` varchar(50) NOT NULL,
  `PASSWORD` varchar(50) NOT NULL,
  `ENABLED` tinyint(1) NOT NULL DEFAULT '1',
  `RETRY_COUNT` tinyint(4) NOT NULL DEFAULT '5',
  `LAST_LOGIN_TIME` timestamp NOT NULL DEFAULT CURRENT_TIMESTAMP ON UPDATE CURRENT_TIMESTAMP,
  PRIMARY KEY (`ID`),
  UNIQUE KEY `USERNAME` (`USERNAME`)
) ENGINE=InnoDB AUTO_INCREMENT=49 DEFAULT CHARSET=latin1;

/*Data for the table `user` */

insert  into `user`(`ID`,`USERNAME`,`PASSWORD`,`ENABLED`,`RETRY_COUNT`,`LAST_LOGIN_TIME`) values (1,'admin','e10adc3949ba59abbe56e057f20f883e',1,0,'2015-09-14 10:16:37'),(5,'Va1','fe266f427bd5c258d21c133314907096',1,0,'2015-06-19 11:19:33'),(24,'PARMOD11','2da927ee94a916687be5cf40f78f1976',1,0,'2015-07-24 10:40:55'),(25,'PARVEEN21','cd276045584eaa29c47b09983c06478d',1,0,'2015-07-24 10:43:37'),(26,'PARMOD13','e10adc3949ba59abbe56e057f20f883e',1,0,'2015-07-24 10:45:08'),(27,'DEEP41','23115266b4276154783fd7865a10735e',1,0,'2015-07-24 16:53:54'),(28,'ABC51','1580d5ac72df919fcc9d7143fdf83265',1,0,'2015-07-27 11:52:22'),(29,'sd2','4ac5d42c9d8dbcb25d6b473af26d7db5',1,0,'2015-08-19 18:54:05'),(33,'DEMO33201','23e265049d967b17cbdfc347ee1bc10a',1,0,'2015-08-20 12:18:41'),(34,'WZ-82833211','54c287a9340d53493d3ba094e66532f1',1,0,'2015-08-20 12:21:35'),(37,'DEMO33203','e10adc3949ba59abbe56e057f20f883e',1,0,'2015-08-20 12:39:54'),(38,'DE3','88cbfc2f3acc70753f9743520221ae65',1,0,'2015-08-20 12:41:20'),(39,'DEMONEW33231','3979f8c594535ea62069600815d021ea',1,0,'2015-08-20 14:39:49'),(40,'Demo Vasim33241','44b6e2ba57dfb447e21113d5371067fa',1,0,'2015-08-20 18:17:31'),(41,'Demo Varun33251','d1f8eddad74fe78d9b310c733b7fadf3',1,0,'2015-08-20 18:18:58'),(42,'DEMO81301','ced41a1d2e0dd42625512bb421b5477a',1,0,'2015-08-21 17:56:28'),(43,'DEMO ENQUIRY81311','2e157b2b4edbcb0136a3af7c2e0c5be7',1,0,'2015-08-21 17:58:53'),(44,'DEMO ENQUIRY181321','92d0170c0afcdff54fe84a943d8306b5',1,0,'2015-08-21 18:14:31'),(45,'DEMO ENQUIRY81313','e10adc3949ba59abbe56e057f20f883e',1,0,'2015-08-21 18:15:20'),(46,'DEMO ENQUIRY181323','e10adc3949ba59abbe56e057f20f883e',1,0,'2015-09-08 11:07:41'),(47,'Ankit81351','dbab047297e7db8c960499db6e758988',1,0,'2015-09-09 17:55:07'),(48,'Ankit81361','c64b243be2d6936688dfab92be9a3f8b',1,0,'2015-09-09 17:56:43');

/*Table structure for table `user_role` */

DROP TABLE IF EXISTS `user_role`;

CREATE TABLE `user_role` (
  `USER_ID` int(11) NOT NULL,
  `ROLE_ID` smallint(6) NOT NULL,
  PRIMARY KEY (`USER_ID`,`ROLE_ID`),
  KEY `FK143BF46A3F658089` (`USER_ID`),
  KEY `FK143BF46A129ACBB4` (`ROLE_ID`),
  CONSTRAINT `FK143BF46A129ACBB4` FOREIGN KEY (`ROLE_ID`) REFERENCES `login_role` (`ID`),
  CONSTRAINT `FK143BF46A3F658089` FOREIGN KEY (`USER_ID`) REFERENCES `user` (`ID`)
) ENGINE=InnoDB DEFAULT CHARSET=latin1;

/*Data for the table `user_role` */

insert  into `user_role`(`USER_ID`,`ROLE_ID`) values (1,1),(24,2),(25,2),(26,2),(27,2),(28,2),(33,2),(34,2),(37,2),(39,2),(40,2),(41,2),(42,2),(43,2),(44,2),(45,2),(46,2),(47,2),(48,2),(29,3),(38,3);

/*Table structure for table `visitor_details` */

DROP TABLE IF EXISTS `visitor_details`;

CREATE TABLE `visitor_details` (
  `id` int(11) NOT NULL AUTO_INCREMENT,
  `is_active` tinyint(1) DEFAULT NULL,
  `address` varchar(255) DEFAULT NULL,
  `in_time` time DEFAULT NULL,
  `mobile_no` varchar(255) DEFAULT NULL,
  `out_time` time DEFAULT NULL,
  `purpose` varchar(255) DEFAULT NULL,
  `to_meet` varchar(255) DEFAULT NULL,
  `visit_date` date DEFAULT NULL,
  `visitor_name` varchar(255) DEFAULT NULL,
  PRIMARY KEY (`id`)
) ENGINE=InnoDB DEFAULT CHARSET=latin1;

/*Data for the table `visitor_details` */

/*!40101 SET SQL_MODE=@OLD_SQL_MODE */;
/*!40014 SET FOREIGN_KEY_CHECKS=@OLD_FOREIGN_KEY_CHECKS */;
/*!40014 SET UNIQUE_CHECKS=@OLD_UNIQUE_CHECKS */;
/*!40111 SET SQL_NOTES=@OLD_SQL_NOTES */;
